mmsi,name,vessel_type,gov_category,flag_mid,flag_en,flag_zh,max_risk_score,risk_level,days_seen,cable_loiter_hours,cable_loiter_avg_speed_kn,cable_loiter_events,cables_nearby,offshore_loiter_days,non_top10_flag,sanctioned,departure_port,departure_time_utc,arrival_port,arrival_time_utc,time_at_sea_hours,time_at_sea_note,last_lat,last_lon,last_zone,last_seen_utc
106000000,KKK,cargo,,106,Unknown,未知,36,critical,7,4.0,0.4,0,apcn-2;asia-pacific-gateway-apg;e2a;eac-c2c;flag-north-asia-loopreach-north-asia-loop;taiwan-penghu-kinmen-matsu-no-2-tpkm2;taiwan-penghu-kinmen-matsu-no-3-tpkm3,12.5,1,0,員貝漁港 Yuanbei,2026-09-04T13:01:24.739239+00:00,,,44.9,,22.969108,119.247258,contiguous_zone,2026-09-06T14:46:16.922285+00:00
100900000,HOSM AIS TEST SHIP,cargo,,100,Unknown,未知,33,critical,7,18.8,3.0,0,apcn-2;eac-c2c;faster;southeast-asia-japan-cable-2-sjc2;taiwan-penghu-kinmen-matsu-no-2-tpkm2;taiwan-penghu-kinmen-matsu-no-3-tpkm3,0.0,1,0,八斗子漁港 Badouzi,2026-09-06T00:23:27.934172+00:00,,,5.2,,25.097215,119.306218,eez,2026-09-06T14:46:16.922285+00:00
413000000,SAI YANG DIAN ZI,cargo,,413,China,中國,32,critical,7,5.8,3.1,1,asia-pacific-gateway-apg;flag-north-asia-loopreach-north-asia-loop;h2-cable;taiwan-penghu-kinmen-matsu-no-2-tpkm2;taiwan-penghu-kinmen-matsu-no-3-tpkm3;taiwan-strait-express-1-tse-1,0.0,0,0,中柱漁港 Zhongzhu,2026-09-06T04:52:03.960094+00:00,,,18.5,,26.254018,119.802307,eez,2026-09-07T04:03:02.203275+00:00
412522610,YING HAI 59,cargo,,412,China,中國,31,critical,7,66.8,0.3,3,taiwan-penghu-kinmen-matsu-no-2-tpkm2;taiwan-penghu-kinmen-matsu-no-3-tpkm3,6.1,0,0,湄洲灣泉港 Meizhouwan,2026-09-03T21:31:20.880272+00:00,,,75.5,,23.55598,119.49971,internal_waters,2026-09-07T04:03:02.203275+00:00
400000000,00000000000000,fishing,,400,Unknown,未知,30,critical,7,10.4,1.4,3,southeast-asia-japan-cable-2-sjc2;taiwan-matsu-no-4;taiwan-penghu-kinmen-matsu-no-3-tpkm3,0.0,1,0,漳州東山 Dongshan,2026-09-04T00:32:15.198838+00:00,,,53.5,,24.334458,118.140353,eez,2026-09-06T09:32:13.465682+00:00
412906383,XINGHAI95,cargo,,412,China,中國,28,critical,7,6.1,1.5,0,taiwan-matsu-no-4;taiwan-penghu-kinmen-matsu-no-3-tpkm3;taiwan-strait-express-1-tse-1,0.0,0,0,青帆漁港 Qingfan,2026-08-27T08:42:36.751075+00:00,,,166.0,,25.97723,120.010252,eez,2026-09-05T04:42:29.611877+00:00
413005665,SHUNXING056,cargo,,413,China,中國,28,critical,7,3.5,2.4,0,taiwan-strait-express-1-tse-1,0.0,0,0,,,,,528.6,未觀測到靠港,26.114737,119.81068,eez,2026-09-07T04:03:02.203275+00:00
350179000,MMSI-350179000,tanker,,350,Nicaragua,尼加拉瓜,27,critical,7,7.2,2.6,1,apcn-2;seamewe-3;southeast-asia-japan-cable-sjc;taiwan-matsu-no-4;taiwan-penghu-kinmen-matsu-no-3-tpkm3;taiwan-strait-express-1-tse-1,0.0,1,1,,,,,618.1,未觀測到靠港,26.294962,119.86739,eez,2026-09-07T04:03:02.203275+00:00
671368100,LEONA NO.2,tanker,,671,Togo,多哥,27,critical,7,8.5,0.8,2,taiwan-penghu-kinmen-matsu-no-2-tpkm2;taiwan-penghu-kinmen-matsu-no-3-tpkm3,25.6,1,0,,,,,618.1,未觀測到靠港,22.756163,120.151863,internal_waters,2026-09-07T04:03:02.203275+00:00
412442346,MINLIANYU60322,fishing,,412,China,中國,26,critical,7,15.7,3.5,4,taiwan-matsu-no-4;taiwan-penghu-kinmen-matsu-no-3-tpkm3;taiwan-strait-express-1-tse-1,0.0,0,0,,,,,380.9,未觀測到靠港,25.91886,120.33852,eez,2026-09-07T04:03:02.203275+00:00
412466829,66829,unknown,,412,China,中國,26,critical,7,9.8,3.3,4,taiwan-penghu-kinmen-matsu-no-3-tpkm3,0.0,0,0,,,,,336.6,未觀測到靠港,24.26232,118.62599,eez,2026-09-07T04:03:02.203275+00:00
457900638,SHENGJIA,cargo,,457,Mongolia,蒙古,26,critical,7,0,,0,taiwan-penghu-kinmen-matsu-no-3-tpkm3,17.1,1,0,,,,,616.4,未觀測到靠港,22.718783,120.170987,internal_waters,2026-09-07T04:03:02.203275+00:00
620999966,HAI XIN,cargo,,620,Comoros,葛摩,26,critical,4,117.4,0.2,0,taiwan-penghu-kinmen-matsu-no-3-tpkm3,23.2,1,0,旗津漁港 Qijin,2026-09-05T00:28:43.331771+00:00,,,48.1,,22.875302,120.062883,internal_waters,2026-09-07T04:03:02.203275+00:00
357817958,MMSI-357817958,cargo,,357,Panama,巴拿馬,25,critical,7,0,,0,taiwan-penghu-kinmen-matsu-no-2-tpkm2;taiwan-penghu-kinmen-matsu-no-3-tpkm3,0.0,0,0,,,,,494.6,未觀測到靠港,23.909982,118.49207,eez,2026-09-05T22:29:16.547946+00:00
412440140,SEYCHELLESPROSPERITY,tanker,,412,China,中國,25,critical,7,4.0,3.1,0,apcn-2;taiwan-penghu-kinmen-matsu-no-2-tpkm2;taiwan-penghu-kinmen-matsu-no-3-tpkm3,0.0,0,0,廈門 Xiamen,2026-09-05T00:28:43.331771+00:00,,,48.1,,24.221572,118.976757,eez,2026-09-07T04:03:02.203275+00:00
412442398,MINLIANYUYUN65387,cargo,,412,China,中國,25,critical,7,10.0,1.3,1,taiwan-matsu-no-4;taiwan-penghu-kinmen-matsu-no-2-tpkm2;taiwan-penghu-kinmen-matsu-no-3-tpkm3,0.0,0,0,,,,,380.9,未觀測到靠港,26.14119,120.67535,eez,2026-09-07T04:03:02.203275+00:00
412592490,HAI YANG 09,cargo,,412,China,中國,25,critical,7,7.7,3.2,0,cross-straits-cable-network;taiwan-penghu-kinmen-matsu-no-2-tpkm2;taiwan-penghu-kinmen-matsu-no-3-tpkm3,0.0,0,0,大嶝/圍頭灣 Weitou,2026-09-07T00:30:10.743445+00:00,,,0.0,,24.37743,118.203867,eez,2026-09-07T04:03:02.203275+00:00
412866688,SHUN DA6668,cargo,,412,China,中國,25,critical,7,10.2,3.0,0,taiwan-penghu-kinmen-matsu-no-2-tpkm2;taiwan-penghu-kinmen-matsu-no-3-tpkm3,0.0,0,0,,,,,527.1,未觀測到靠港,26.403502,120.316247,eez,2026-09-07T04:03:02.203275+00:00
413239110,HONGYUANCHANGSHENG,cargo,,413,China,中國,25,critical,7,15.5,0.4,0,taiwan-penghu-kinmen-matsu-no-2-tpkm2;taiwan-penghu-kinmen-matsu-no-3-tpkm3;taiwan-strait-express-1-tse-1,0.0,0,0,福州馬尾 Fuzhou-Mawei,2026-09-06T00:23:27.934172+00:00,,,24.0,,26.20505,119.837073,eez,2026-09-07T04:03:02.203275+00:00
416168800,RONG BANG NO 5,special,,416,Taiwan,台灣,25,critical,7,59.5,0.1,0,taiwan-penghu-kinmen-matsu-no-3-tpkm3;taiwan-strait-express-1-tse-1,0.0,0,0,白沙漁港 Baisha,2026-09-06T04:52:03.960094+00:00,,,18.5,,26.2065,119.967053,eez,2026-09-07T04:03:02.203275+00:00
477057900,HUA HANG 6,cargo,,477,Hong Kong,香港,25,critical,6,4.5,1.9,1,apcn-2;eac-c2c;faster;taiwan-matsu-no-4;taiwan-penghu-kinmen-matsu-no-2-tpkm2;taiwan-penghu-kinmen-matsu-no-3-tpkm3;taiwan-strait-express-1-tse-1,0.0,0,0,同安灣/廈門灣北 Tongan,2026-09-06T22:39:12.217794+00:00,,,0.0,,24.350767,118.24361,eez,2026-09-07T00:30:10.743445+00:00
608683405,83405,cargo,,608,Ascension Is,阿森松島,25,critical,7,6.8,4.0,0,taiwan-penghu-kinmen-matsu-no-3-tpkm3;taiwan-strait-express-1-tse-1,0.0,1,0,,,,,499.4,未觀測到靠港,25.888512,119.993865,eez,2026-09-06T00:23:27.934172+00:00
620999902,.MAGICIAN  66,cargo,,620,Comoros,葛摩,25,critical,7,59.8,2.4,0,eac-c2c;taiwan-matsu-no-4;taiwan-penghu-kinmen-matsu-no-2-tpkm2;taiwan-penghu-kinmen-matsu-no-3-tpkm3;taiwan-strait-express-1-tse-1;trans-pacific-express-tpe-cable-system,0.0,1,0,,,,,564.9,未觀測到靠港,22.857447,119.479298,territorial_sea,2026-09-07T00:30:10.743445+00:00
677016400,ADA,cargo,,677,Tanzania,坦尚尼亞,25,critical,7,6.5,2.2,0,eac-c2c;taiwan-matsu-no-4;taiwan-penghu-kinmen-matsu-no-2-tpkm2;taiwan-penghu-kinmen-matsu-no-3-tpkm3;trans-pacific-express-tpe-cable-system,0.0,1,0,,,,,618.1,未觀測到靠港,24.54364,120.517333,internal_waters,2026-09-07T04:03:02.203275+00:00
352001221,PRINCE CHARMING,tanker,,352,Panama,巴拿馬,24,critical,7,1.6,,0,taiwan-penghu-kinmen-matsu-no-2-tpkm2;taiwan-penghu-kinmen-matsu-no-3-tpkm3,19.5,0,0,,,,,618.1,未觀測到靠港,24.336043,120.383533,internal_waters,2026-09-07T04:03:02.203275+00:00
412447667,MINLIANYU66588,cargo,,412,China,中國,24,critical,7,9.3,1.9,2,taiwan-matsu-no-4;taiwan-penghu-kinmen-matsu-no-2-tpkm2;taiwan-penghu-kinmen-matsu-no-3-tpkm3;taiwan-strait-express-1-tse-1,0.0,0,0,,,,,380.9,未觀測到靠港,26.11484,120.94687,eez,2026-09-07T04:03:02.203275+00:00
413332760,HUI DE,cargo,,413,China,中國,24,critical,6,8.4,1.5,0,apcn-2;eac-c2c;faster;taiwan-matsu-no-4;taiwan-penghu-kinmen-matsu-no-2-tpkm2;taiwan-penghu-kinmen-matsu-no-3-tpkm3;taiwan-strait-express-1-tse-1;trans-pacific-express-tpe-cable-system,0.0,0,0,基隆港 Keelung,2026-09-06T04:52:03.960094+00:00,,,5.2,,24.902988,120.757437,territorial_sea,2026-09-06T14:46:16.922285+00:00
477630400,A KEIGA,cargo,,477,Hong Kong,香港,24,critical,6,9.1,0.1,3,eac-c2c;taiwan-penghu-kinmen-matsu-no-2-tpkm2;taiwan-penghu-kinmen-matsu-no-3-tpkm3;taiwan-strait-express-1-tse-1,0.0,0,0,廈門 Xiamen,2026-09-06T00:23:27.934172+00:00,,,10.7,,25.02026,120.452772,contiguous_zone,2026-09-06T14:46:16.922285+00:00
477800200,JJ NAGOYA,cargo,,477,Hong Kong,香港,24,critical,7,11.7,0.7,3,apcn-2;eac-c2c;faster;taiwan-penghu-kinmen-matsu-no-2-tpkm2;taiwan-penghu-kinmen-matsu-no-3-tpkm3;taiwan-strait-express-1-tse-1;trans-pacific-express-tpe-cable-system,0.0,0,0,小港臨海新村漁港 Xiaogang,2026-09-03T18:14:46.249326+00:00,,,27.0,,27.57651,121.040318,eez,2026-09-05T00:28:43.331771+00:00
620800141,SHUN FONG,cargo,,620,Comoros,葛摩,24,critical,7,0,,0,taiwan-penghu-kinmen-matsu-no-2-tpkm2;taiwan-penghu-kinmen-matsu-no-3-tpkm3,6.7,1,0,,,,,575.3,未觀測到靠港,22.681672,120.178898,internal_waters,2026-09-05T09:11:06.137565+00:00
200042240,MMSI-200042240,cargo,,200,Unknown,未知,23,critical,7,5.8,2.4,0,apcn-2;asia-united-gateway-east-aug-east;flag-north-asia-loopreach-north-asia-loop;seamewe-3,0.0,1,0,蘇澳港 Suao,2026-08-31T01:00:40.959031+00:00,,,153.8,,23.499295,121.700462,territorial_sea,2026-09-06T14:46:16.922285+00:00
219734000,ALVA MAERSK,cargo,,219,Denmark,丹麥,23,critical,7,3.9,0.9,0,eac-c2c;taiwan-penghu-kinmen-matsu-no-2-tpkm2;taiwan-penghu-kinmen-matsu-no-3-tpkm3;taiwan-strait-express-1-tse-1,5.0,1,0,,,,,247.3,未觀測到靠港,23.08979,117.653287,eez,2026-08-22T17:12:26.267485+00:00
312960000,TA CHIN,cargo,,312,Belize,貝里斯,23,critical,6,5.2,4.4,1,eac-c2c;taiwan-matsu-no-4;taiwan-penghu-kinmen-matsu-no-2-tpkm2;taiwan-penghu-kinmen-matsu-no-3-tpkm3;trans-pacific-express-tpe-cable-system,0.0,1,0,高雄港 Kaohsiung,2026-09-04T13:01:24.739239+00:00,,,60.4,,22.867277,119.153352,eez,2026-09-07T04:03:02.203275+00:00
352003569,FORTUNE GLOBE,tanker,,352,Panama,巴拿馬,23,critical,7,154.2,0.7,1,eac-c2c;faster;taiwan-matsu-no-4;taiwan-penghu-kinmen-matsu-no-2-tpkm2;taiwan-penghu-kinmen-matsu-no-3-tpkm3;taiwan-strait-express-1-tse-1;trans-pacific-express-tpe-cable-system,0.0,0,0,,,,,618.1,未觀測到靠港,24.357417,119.738677,contiguous_zone,2026-09-07T04:03:02.203275+00:00
370401000,EXPRESS SAIL,tanker,,370,Panama,巴拿馬,23,critical,4,7.3,3.4,2,taiwan-penghu-kinmen-matsu-no-2-tpkm2;taiwan-penghu-kinmen-matsu-no-3-tpkm3,20.5,1,0,,,,,506.4,未觀測到靠港,22.707328,120.16894,internal_waters,2026-09-07T04:03:02.203275+00:00
412441932,MINLIANYUYUN62031,fishing,,412,China,中國,23,critical,7,6.0,1.9,0,taiwan-matsu-no-4;taiwan-penghu-kinmen-matsu-no-2-tpkm2;taiwan-penghu-kinmen-matsu-no-3-tpkm3;taiwan-strait-express-1-tse-1,0.0,0,0,,,,,527.1,未觀測到靠港,26.363363,120.001422,eez,2026-09-06T20:57:13.599682+00:00
412444744,62689,unknown,,412,China,中國,23,critical,3,4.0,2.8,0,taiwan-penghu-kinmen-matsu-no-3-tpkm3,0.0,0,0,廈門 Xiamen,2026-09-02T03:59:47.596863+00:00,,,0.0,,24.39923,117.93433,eez,2026-09-02T04:48:40.622480+00:00
413498610,NINGYUANYONGAN,cargo,,413,China,中國,23,critical,7,12.1,1.6,0,apcn-2;eac-c2c;faster;taiwan-matsu-no-4;taiwan-penghu-kinmen-matsu-no-2-tpkm2;taiwan-penghu-kinmen-matsu-no-3-tpkm3;taiwan-strait-express-1-tse-1;trans-pacific-express-tpe-cable-system,0.0,0,0,小港臨海新村漁港 Xiaogang,2026-09-06T04:04:01.481536+00:00,,,23.2,,26.27616,120.678227,eez,2026-09-07T04:03:02.203275+00:00
413701510,XIANG YANG HONG 03,research,research,413,China,中國,23,critical,7,5.9,1.4,0,apcn-2;asia-united-gateway-east-aug-east;candle;eac-c2c;flag-north-asia-loopreach-north-asia-loop;h2-cable;seamewe-3,0.0,0,0,,,同安灣/廈門灣北 Tongan,2026-08-31T21:41:57.448444+00:00,227.5,,24.55029,118.09747,eez,2026-09-07T04:03:02.203275+00:00
413875017,CHINACOASTGUARD1306,coastguard,coastguard,413,China,中國,23,critical,1,0,,0,apcn-2;eac-c2c;h2-cable,0.0,0,0,,,,,297.2,未觀測到靠港,23.16548,122.16443,eez,2026-08-31T14:11:41.168860+00:00
416008883,XIAN XIN,cargo,,416,Taiwan,台灣,23,critical,1,7.4,0.0,0,eac-c2c;taiwan-penghu-kinmen-matsu-no-2-tpkm2;taiwan-penghu-kinmen-matsu-no-3-tpkm3,0.0,0,0,廈門 Xiamen,2026-08-29T07:12:39.299265+00:00,復國墩漁港 Fuguodun,2026-08-31T01:00:40.959031+00:00,29.0,,24.407382,118.42493,eez,2026-08-31T04:58:30.564755+00:00
477957600,DONG FANG XIAMEN,cargo,,477,Hong Kong,香港,23,critical,5,6.1,0.1,1,eac-c2c;taiwan-penghu-kinmen-matsu-no-2-tpkm2;taiwan-penghu-kinmen-matsu-no-3-tpkm3;taiwan-strait-express-1-tse-1,0.0,0,0,小港臨海新村漁港 Xiaogang,2026-09-04T17:54:11.204189+00:00,,,54.9,,24.22255,120.118467,internal_waters,2026-09-07T04:03:02.203275+00:00
538012622,OCEAN VICTORY,cargo,,538,Marshall Is,馬紹爾群島,23,critical,5,11.4,1.4,3,eac-c2c;taiwan-penghu-kinmen-matsu-no-2-tpkm2,7.8,0,0,台北港 Taipei,2026-09-02T00:40:45.000416+00:00,,,120.1,,24.230738,120.482477,internal_waters,2026-09-07T04:03:02.203275+00:00
574006350,MMSI-574006350,tanker,,574,Vietnam,越南,23,critical,7,54.5,1.7,0,eac-c2c;taiwan-matsu-no-4;taiwan-penghu-kinmen-matsu-no-3-tpkm3;taiwan-strait-express-1-tse-1;trans-pacific-express-tpe-cable-system,3.6,1,0,,,,,67.0,未觀測到靠港,22.82361,117.678733,eez,2026-08-15T04:53:28.629700+00:00
200041726,MMSI-200041726,cargo,,200,Unknown,未知,22,critical,7,3.5,1.4,0,taiwan-penghu-kinmen-matsu-no-3-tpkm3,1.1,1,0,講美漁港 Jiangmei,2026-08-26T08:05:51.405078+00:00,,,0.0,,23.757428,119.561433,internal_waters,2026-08-27T04:09:01.110749+00:00
311000717,ARRIBA,cargo,,311,Bahamas,巴哈馬,22,critical,4,4.7,1.4,0,taiwan-penghu-kinmen-matsu-no-2-tpkm2;taiwan-penghu-kinmen-matsu-no-3-tpkm3;taiwan-strait-express-1-tse-1;trans-pacific-express-tpe-cable-system,0.0,1,0,台中港 Taichung,2026-09-03T13:07:19.959143+00:00,,,12.4,,22.387355,119.575083,eez,2026-09-04T04:00:17.162565+00:00
352006010,CHANG YANG DONG FANG,cargo,,352,Panama,巴拿馬,22,critical,5,6.3,2.5,0,eac-c2c;taiwan-matsu-no-4;taiwan-penghu-kinmen-matsu-no-3-tpkm3;trans-pacific-express-tpe-cable-system,0.0,0,0,台北港 Taipei,2026-09-05T04:42:29.611877+00:00,,,33.6,,26.067072,121.539778,eez,2026-09-06T18:44:37.513907+00:00
412061157,61157,unknown,,412,China,中國,22,critical,7,5.7,3.9,2,taiwan-penghu-kinmen-matsu-no-2-tpkm2;taiwan-penghu-kinmen-matsu-no-3-tpkm3,0.0,0,0,,,,,348.1,未觀測到靠港,24.22865,118.73266,eez,2026-09-06T20:57:13.599682+00:00
412359140,YANG HAI 668,cargo,,412,China,中國,22,critical,7,1.3,,0,taiwan-matsu-no-4;taiwan-penghu-kinmen-matsu-no-3-tpkm3,0.0,0,0,,,,,519.6,未觀測到靠港,26.223302,120.098677,eez,2026-09-07T00:30:10.743445+00:00
412441638,MINLIANYUYUN60430,cargo,,412,China,中國,22,critical,6,5.5,2.6,0,taiwan-matsu-no-4;taiwan-penghu-kinmen-matsu-no-3-tpkm3;taiwan-strait-express-1-tse-1,0.0,0,0,,,,,355.5,未觀測到靠港,25.92055,120.54434,eez,2026-09-05T00:28:43.331771+00:00
412441873,MINGLIANYU65392,fishing,,412,China,中國,22,critical,7,17.7,4.5,1,e2a;eac-c2c;faster;southeast-asia-japan-cable-2-sjc2;taiwan-matsu-no-4;taiwan-penghu-kinmen-matsu-no-3-tpkm3;taiwan-strait-express-1-tse-1;trans-pacific-express-tpe-cable-system,0.0,0,0,,,,,380.9,未觀測到靠港,25.86466,120.25812,eez,2026-09-07T04:03:02.203275+00:00
412442001,MINLIANYUYUN60403,fishing,,412,China,中國,22,critical,7,5.7,3.0,1,taiwan-matsu-no-4;taiwan-penghu-kinmen-matsu-no-2-tpkm2;taiwan-penghu-kinmen-matsu-no-3-tpkm3;taiwan-strait-express-1-tse-1,0.0,0,0,,,,,380.9,未觀測到靠港,26.15532,120.97203,eez,2026-09-07T04:03:02.203275+00:00
412444368,63829,fishing,,412,China,中國,22,critical,6,0,,0,taiwan-penghu-kinmen-matsu-no-3-tpkm3,0.0,0,0,廈門 Xiamen,2026-08-24T02:03:27.398663+00:00,,,300.2,,24.27876,118.23567,eez,2026-09-05T15:42:59.107474+00:00
412444880,XING DONG 18,cargo,,412,China,中國,22,critical,2,52.4,0.3,0,taiwan-penghu-kinmen-matsu-no-2-tpkm2;taiwan-penghu-kinmen-matsu-no-3-tpkm3,0.0,0,0,廈門 Xiamen,2026-08-31T05:49:54.519009+00:00,大嶝/圍頭灣 Weitou,2026-08-31T16:32:04.528899+00:00,0.0,,24.531923,118.226273,eez,2026-09-06T14:46:16.922285+00:00
412999999,XING GANG 8880,unknown,,412,China,中國,22,critical,3,2.2,,0,taiwan-penghu-kinmen-matsu-no-2-tpkm2;taiwan-penghu-kinmen-matsu-no-3-tpkm3,0.0,0,0,泉州 Quanzhou,2026-09-02T03:59:47.596863+00:00,,,103.7,,25.746133,119.620517,eez,2026-09-06T12:28:17.682022+00:00
413241050,XIN SHUN HANG 569,cargo,,413,China,中國,22,critical,7,1.9,,0,taiwan-strait-express-1-tse-1,6.6,0,0,閩江口錨地 Minjiangkou,2026-09-06T04:52:03.960094+00:00,福州馬尾 Fuzhou-Mawei,2026-09-06T20:57:13.599682+00:00,9.2,,26.003427,119.486427,eez,2026-09-07T04:03:02.203275+00:00
413276610,NANHANG757,cargo,,413,China,中國,22,critical,7,15.5,0.9,0,taiwan-penghu-kinmen-matsu-no-2-tpkm2;taiwan-penghu-kinmen-matsu-no-3-tpkm3;taiwan-strait-express-1-tse-1,0.0,0,0,湄洲灣泉港 Meizhouwan,2026-08-25T19:28:24.092970+00:00,,,99.6,,23.530005,117.41812,eez,2026-08-30T00:54:50.080310+00:00
413875037,CHINACOASTGUARD2305,coastguard,coastguard,413,China,中國,22,critical,7,0,,0,taiwan-penghu-kinmen-matsu-no-2-tpkm2;taiwan-penghu-kinmen-matsu-no-3-tpkm3;taiwan-strait-express-1-tse-1,0.0,0,0,,,,,66.1,未觀測到靠港,25.7577,120.36907,eez,2026-08-28T11:34:06.990542+00:00
461000231,ZALIV ANIVA,tanker,,461,Oman,阿曼,22,critical,3,6.2,1.3,0,apcn-2;candle;eac-c2c;flag-north-asia-loopreach-north-asia-loop;seamewe-3,0.0,1,1,,,,,65.9,未觀測到靠港,23.780093,122.913942,eez,2026-08-12T03:01:44.258989+00:00
477271500,DONG FANG FUZHOU,cargo,,477,Hong Kong,香港,22,critical,7,29.1,0.7,0,taiwan-penghu-kinmen-matsu-no-2-tpkm2;taiwan-penghu-kinmen-matsu-no-3-tpkm3,0.0,0,0,廈門 Xiamen,2026-09-06T22:39:12.217794+00:00,,,0.0,,24.34365,118.376277,eez,2026-09-07T00:30:10.743445+00:00
563062700,ALS VENUS,cargo,,563,Singapore,新加坡,22,critical,4,3.1,1.1,0,apcn-2;eac-c2c;southeast-asia-japan-cable-2-sjc2;taiwan-matsu-no-4;taiwan-penghu-kinmen-matsu-no-2-tpkm2;taiwan-penghu-kinmen-matsu-no-3-tpkm3;trans-pacific-express-tpe-cable-system,0.0,0,0,台中港 Taichung,2026-08-21T19:19:16.495479+00:00,,,9.9,,22.988268,117.255865,eez,2026-08-22T07:06:41.885734+00:00
563223600,MAERSK EL BANCO,cargo,,563,Singapore,新加坡,22,critical,7,32.3,1.0,0,eac-c2c;taiwan-penghu-kinmen-matsu-no-2-tpkm2;trans-pacific-express-tpe-cable-system,5.5,0,0,廈門 Xiamen,2026-08-23T05:51:54.225811+00:00,,,6.3,,23.195663,117.740982,eez,2026-08-23T13:25:34.381599+00:00
620800182,GEMS,cargo,,620,Comoros,葛摩,22,critical,4,0,,0,taiwan-penghu-kinmen-matsu-no-2-tpkm2,25.6,1,0,,,,,618.1,未觀測到靠港,22.6872,120.1953,internal_waters,2026-09-07T04:03:02.203275+00:00
620999951,NEPTUNE,cargo,,620,Comoros,葛摩,22,critical,7,210.7,0.6,0,eac-c2c;taiwan-matsu-no-4;taiwan-penghu-kinmen-matsu-no-2-tpkm2;taiwan-penghu-kinmen-matsu-no-3-tpkm3;taiwan-strait-express-1-tse-1;trans-pacific-express-tpe-cable-system,0.0,1,0,,,,,618.1,未觀測到靠港,22.864153,119.1994,contiguous_zone,2026-09-07T04:03:02.203275+00:00
636023931,EASTERN TRITON,tanker,,636,Liberia,賴比瑞亞,22,critical,1,6.0,0.8,0,apcn-2;asia-united-gateway-east-aug-east;eac-c2c;taiwan-penghu-kinmen-matsu-no-2-tpkm2;taiwan-penghu-kinmen-matsu-no-3-tpkm3,0.0,0,0,小港臨海新村漁港 Xiaogang,2026-08-22T04:56:00.766998+00:00,,,5.4,,21.586033,120.3954,eez,2026-08-22T11:12:44.228424+00:00
667001298,CHERRY 168,tanker,,667,Sierra Leone,獅子山,22,critical,6,13.6,2.0,0,eac-c2c;faster;taiwan-matsu-no-4;taiwan-penghu-kinmen-matsu-no-2-tpkm2;taiwan-penghu-kinmen-matsu-no-3-tpkm3;taiwan-strait-express-1-tse-1;trans-pacific-express-tpe-cable-system,6.0,1,0,麗水漁港 Lishui,2026-09-01T01:31:13.238497+00:00,,,143.4,,25.547002,121.763832,territorial_sea,2026-09-07T04:03:02.203275+00:00
667001839,SHUNXIN77,tanker,,667,Sierra Leone,獅子山,22,critical,7,0,,0,taiwan-penghu-kinmen-matsu-no-2-tpkm2;taiwan-penghu-kinmen-matsu-no-3-tpkm3,25.6,1,0,,,,,618.1,未觀測到靠港,22.722213,120.183767,internal_waters,2026-09-07T04:03:02.203275+00:00
668116209,CHEN YANG,cargo,,668,Sao Tome Principe,聖多美,22,critical,4,0,,0,taiwan-penghu-kinmen-matsu-no-2-tpkm2,22.5,1,0,,,,,612.8,未觀測到靠港,24.166753,120.163147,internal_waters,2026-09-06T22:39:12.217794+00:00
677067100,ALBATROS 1,tanker,,677,Tanzania,坦尚尼亞,22,critical,7,0,,0,,7.0,1,1,,,,,422.4,未觀測到靠港,23.527085,117.352978,eez,2026-09-07T04:03:02.203275+00:00
341890000,HONG XING,cargo,,341,St Kitts Nevis,聖克里斯多福,21,critical,7,1.2,,0,taiwan-penghu-kinmen-matsu-no-3-tpkm3,18.2,1,0,安平商港區 Anping-basin,2026-08-29T02:56:44.800599+00:00,,,213.4,,22.720875,120.146865,internal_waters,2026-09-07T04:03:02.203275+00:00
352003481,COUNTESS 9,tanker,,352,Panama,巴拿馬,21,critical,7,0,,0,apcn-2;eac-c2c;flag-europe-asia-fea;flag-north-asia-loopreach-north-asia-loop;seamewe-3;southeast-asia-japan-cable-2-sjc2;taiwan-penghu-kinmen-matsu-no-2-tpkm2;taiwan-penghu-kinmen-matsu-no-3-tpkm3,0.0,0,0,麗水漁港 Lishui,2026-08-27T21:40:15.702771+00:00,,,239.0,,24.220148,120.438102,internal_waters,2026-09-07T04:03:02.203275+00:00
357057000,GOLDEN TIDE,tanker,,357,Panama,巴拿馬,21,critical,7,7.6,2.9,0,taiwan-matsu-no-4;taiwan-penghu-kinmen-matsu-no-2-tpkm2;taiwan-penghu-kinmen-matsu-no-3-tpkm3;taiwan-strait-express-1-tse-1;trans-pacific-express-tpe-cable-system,0.0,0,0,,,,,253.9,未觀測到靠港,24.518263,120.204468,territorial_sea,2026-08-23T04:07:26.915880+00:00
412441477,DMINLIANYUAA60781,fishing,,412,China,中國,21,critical,7,6.4,2.3,2,taiwan-matsu-no-4;taiwan-penghu-kinmen-matsu-no-2-tpkm2;taiwan-penghu-kinmen-matsu-no-3-tpkm3,0.0,0,0,,,,,528.6,未觀測到靠港,25.855148,120.402095,eez,2026-09-07T04:03:02.203275+00:00
412442115,MINLIANYU60982,fishing,,412,China,中國,21,critical,5,19.4,3.6,0,taiwan-matsu-no-4;taiwan-penghu-kinmen-matsu-no-3-tpkm3;taiwan-strait-express-1-tse-1,0.0,0,0,,,,,329.4,未觀測到靠港,25.9505,120.31922,eez,2026-09-05T00:28:43.331771+00:00
412443135,MINLIANYU60959,fishing,,412,China,中國,21,critical,7,8.0,3.0,1,taiwan-matsu-no-4;taiwan-penghu-kinmen-matsu-no-2-tpkm2;taiwan-penghu-kinmen-matsu-no-3-tpkm3;taiwan-strait-express-1-tse-1,0.0,0,0,,,,,380.9,未觀測到靠港,26.16619,120.92865,eez,2026-09-07T04:03:02.203275+00:00
412444321,MINLONGYU66829,fishing,,412,China,中國,21,critical,7,9.8,3.4,3,taiwan-penghu-kinmen-matsu-no-3-tpkm3,0.0,0,0,,,,,374.6,未觀測到靠港,24.2655,118.6262,eez,2026-09-07T04:03:02.203275+00:00
412447638,MINLIANYU60999,fishing,,412,China,中國,21,critical,7,15.7,3.3,0,taiwan-matsu-no-4;taiwan-penghu-kinmen-matsu-no-2-tpkm2;taiwan-penghu-kinmen-matsu-no-3-tpkm3;taiwan-strait-express-1-tse-1,0.0,0,0,,,,,380.9,未觀測到靠港,25.85872,120.7552,eez,2026-09-07T04:03:02.203275+00:00
412473350,HUI JIN QIAO 11,cargo,,412,China,中國,21,critical,7,0,,0,apcn-2;southeast-asia-japan-cable-sjc;taiwan-penghu-kinmen-matsu-no-2-tpkm2;taiwan-penghu-kinmen-matsu-no-3-tpkm3;taiwan-strait-express-1-tse-1,0.0,0,0,閩江口錨地 Minjiangkou,2026-09-01T01:31:13.238497+00:00,,,67.9,,23.2125,116.8846,eez,2026-09-04T00:32:15.198838+00:00
412481492,MINLIANYU60888,fishing,,412,China,中國,21,critical,7,15.1,2.5,1,taiwan-matsu-no-4;taiwan-penghu-kinmen-matsu-no-2-tpkm2;taiwan-penghu-kinmen-matsu-no-3-tpkm3;taiwan-strait-express-1-tse-1,0.0,0,0,,,,,380.9,未觀測到靠港,25.85865,120.73821,eez,2026-09-07T04:03:02.203275+00:00
413245230,HONGSHENG998,cargo,,413,China,中國,21,critical,5,0,,0,taiwan-strait-express-1-tse-1,6.2,0,0,,,,,592.3,未觀測到靠港,26.244272,119.7878,eez,2026-09-04T04:00:17.162565+00:00
413250840,DONGSHAN 55,cargo,,413,China,中國,21,critical,5,14.2,0.6,0,apcn-2;eac-c2c;faster;taiwan-matsu-no-4;taiwan-penghu-kinmen-matsu-no-2-tpkm2;taiwan-penghu-kinmen-matsu-no-3-tpkm3;taiwan-strait-express-1-tse-1;trans-pacific-express-tpe-cable-system,0.0,0,0,基隆港 Keelung,2026-09-02T03:59:47.596863+00:00,,,115.7,,26.381247,120.12236,eez,2026-09-07T00:30:10.743445+00:00
413405390,ZHONG HAI YOU 698,tanker,,413,China,中國,21,critical,7,8.8,0.8,0,taiwan-penghu-kinmen-matsu-no-2-tpkm2;taiwan-penghu-kinmen-matsu-no-3-tpkm3;taiwan-strait-express-1-tse-1,5.1,0,0,閩江口錨地 Minjiangkou,2026-08-24T07:34:00.582328+00:00,,,280.8,,26.136178,119.807533,eez,2026-09-06T04:04:01.481536+00:00
413702940,HUA XIN 116,cargo,,413,China,中國,21,critical,7,8.8,0.2,0,cross-straits-cable-network;taiwan-penghu-kinmen-matsu-no-2-tpkm2;taiwan-penghu-kinmen-matsu-no-3-tpkm3;taiwan-strait-express-1-tse-1,0.0,0,0,福州馬尾 Fuzhou-Mawei,2026-08-29T18:01:43.259492+00:00,同安灣/廈門灣北 Tongan,2026-08-30T21:44:18.641860+00:00,20.9,,24.52132,118.08128,eez,2026-08-31T05:49:54.519009+00:00
413706320,DONG SHAN 25,cargo,,413,China,中國,21,critical,7,111.3,0.1,0,taiwan-penghu-kinmen-matsu-no-2-tpkm2;taiwan-penghu-kinmen-matsu-no-3-tpkm3;taiwan-strait-express-1-tse-1,0.0,0,0,馬祖福澳港 Matsu,2026-09-05T00:28:43.331771+00:00,,,48.1,,26.161865,119.907063,eez,2026-09-07T04:03:02.203275+00:00
416006752,TA YU,cargo,,416,Taiwan,台灣,21,critical,4,2.6,,0,taiwan-penghu-kinmen-matsu-no-2-tpkm2;taiwan-penghu-kinmen-matsu-no-3-tpkm3,1.5,0,0,前鎮漁港 Qianzhen,2026-09-06T04:04:01.481536+00:00,,,23.2,,22.599867,120.28815,internal_waters,2026-09-07T04:03:02.203275+00:00
538009126,W KYRENIA,cargo,,538,Marshall Is,馬紹爾群島,21,critical,2,22.0,0.6,0,taiwan-penghu-kinmen-matsu-no-3-tpkm3,0.0,0,0,,,,,77.7,未觀測到靠港,26.450193,119.88829,eez,2026-08-12T03:01:44.258989+00:00
581037006,HOSN AIS TEST SH11V9,unknown,,581,Unknown,未知,21,critical,3,4.8,2.4,0,eac-c2c;taiwan-matsu-no-4;taiwan-strait-express-1-tse-1,0.0,1,0,淡水第一漁港 Tamsui1,2026-08-14T03:04:06.113428+00:00,淡水第一漁港 Tamsui1,2026-09-01T18:03:58.033746+00:00,51.9,,25.184372,121.40952,internal_waters,2026-09-02T13:05:35.852197+00:00
620999315,MEDNA,tanker,,620,Comoros,葛摩,21,critical,7,19.9,1.5,0,apcn-2;asia-pacific-gateway-apg;asia-united-gateway-east-aug-east;candle;eac-c2c;flag-europe-asia-fea;flag-north-asia-loopreach-north-asia-loop;hong-kong-americas-hka;orca;seamewe-3;tpu,0.0,1,1,,,,,220.6,未觀測到靠港,20.914685,120.958228,eez,2026-08-22T07:06:41.885734+00:00
667001488,GRAND FUTURE,tanker,,667,Sierra Leone,獅子山,21,critical,7,0,,0,taiwan-penghu-kinmen-matsu-no-2-tpkm2,14.6,1,0,台中港 Taichung,2026-08-12T23:31:05.672455+00:00,,,601.6,,24.253585,120.4622,internal_waters,2026-09-07T04:03:02.203275+00:00
677025700,LONG AN,cargo,,677,Tanzania,坦尚尼亞,21,critical,7,0,,0,taiwan-penghu-kinmen-matsu-no-2-tpkm2,7.1,1,0,,,,,567.9,未觀測到靠港,22.8472,119.202613,contiguous_zone,2026-09-06T04:52:03.960094+00:00
13005070,CT2-5070:3       7V9,unknown,,130,Unknown,未知,20,critical,7,8.1,0.1,0,asia-united-gateway-east-aug-east,0.0,1,0,蘇澳港 Suao,2026-08-20T09:02:40.913184+00:00,,,37.8,,24.673907,121.861302,internal_waters,2026-08-21T23:14:38.874928+00:00
13025948,CT2-5948.3       8V0,unknown,,130,Unknown,未知,20,critical,6,6.5,0.6,1,asia-united-gateway-east-aug-east,0.0,1,0,蘇澳港 Suao,2026-09-04T17:54:11.204189+00:00,蘇澳港 Suao,2026-09-05T12:13:46.310257+00:00,0.0,,24.577745,121.869008,internal_waters,2026-09-06T14:46:16.922285+00:00
403512001,NCC NOOR,tanker,,403,Saudi Arabia,沙烏地阿拉伯,20,critical,7,3.7,0.9,0,eac-c2c;hong-kong-americas-hka;seamewe-3;taiwan-penghu-kinmen-matsu-no-2-tpkm2;taiwan-penghu-kinmen-matsu-no-3-tpkm3,0.0,1,0,莆田湄洲灣 Putian,2026-08-20T11:18:17.276599+00:00,,,423.5,,25.87203,121.293388,eez,2026-09-07T04:03:02.203275+00:00
412000000,ZHEDONGYU03399,fishing,,412,China,中國,20,critical,7,2.4,,0,eac-c2c;faster;taiwan-matsu-no-4;taiwan-penghu-kinmen-matsu-no-2-tpkm2;taiwan-penghu-kinmen-matsu-no-3-tpkm3;taiwan-strait-express-1-tse-1,0.0,0,0,漳州東山 Dongshan,2026-09-06T04:04:01.481536+00:00,,,23.2,,26.265437,119.793037,eez,2026-09-07T04:03:02.203275+00:00
412060779,MINLONGYU60779,fishing,,412,China,中國,20,critical,7,3.8,2.3,1,taiwan-penghu-kinmen-matsu-no-2-tpkm2;taiwan-penghu-kinmen-matsu-no-3-tpkm3,0.0,0,0,,,,,364.9,未觀測到靠港,24.0583,118.42917,eez,2026-09-07T04:03:02.203275+00:00
412441602,MINLIANYU60935,fishing,,412,China,中國,20,critical,7,10.9,2.6,0,taiwan-matsu-no-4;taiwan-penghu-kinmen-matsu-no-3-tpkm3;taiwan-strait-express-1-tse-1,0.0,0,0,,,,,380.9,未觀測到靠港,26.23121,121.07189,eez,2026-09-07T04:03:02.203275+00:00
412442406,MINLIANYUYUN66156,unknown,,412,China,中國,20,critical,4,21.3,1.1,1,e2a;eac-c2c;faster;taiwan-matsu-no-4;taiwan-penghu-kinmen-matsu-no-2-tpkm2;taiwan-penghu-kinmen-matsu-no-3-tpkm3;taiwan-strait-express-1-tse-1;trans-pacific-express-tpe-cable-system,0.0,0,0,,,,,373.8,未觀測到靠港,25.74143,120.16191,eez,2026-09-06T20:57:13.599682+00:00
412442708,MINLIANYU61878,fishing,,412,China,中國,20,critical,7,21.6,2.7,1,taiwan-matsu-no-4;taiwan-penghu-kinmen-matsu-no-3-tpkm3;taiwan-strait-express-1-tse-1,0.0,0,0,,,,,380.9,未觀測到靠港,25.90116,120.27125,eez,2026-09-07T04:03:02.203275+00:00
412442739,MINLIANYU61875,fishing,,412,China,中國,20,critical,7,21.6,2.1,1,taiwan-matsu-no-4;taiwan-penghu-kinmen-matsu-no-3-tpkm3;taiwan-strait-express-1-tse-1,0.0,0,0,,,,,380.9,未觀測到靠港,25.90225,120.26596,eez,2026-09-07T04:03:02.203275+00:00
412442988,MINLIANYU60966,fishing,,412,China,中國,20,critical,7,7.5,2.6,1,taiwan-matsu-no-4;taiwan-penghu-kinmen-matsu-no-2-tpkm2;taiwan-penghu-kinmen-matsu-no-3-tpkm3;taiwan-strait-express-1-tse-1,0.0,0,0,,,,,380.9,未觀測到靠港,26.3137,120.98097,eez,2026-09-07T04:03:02.203275+00:00
412444578,S,fishing,,412,China,中國,20,critical,7,8.0,0.7,0,taiwan-penghu-kinmen-matsu-no-2-tpkm2;taiwan-penghu-kinmen-matsu-no-3-tpkm3,0.0,0,0,廈門 Xiamen,2026-08-25T01:57:17.245352+00:00,,,203.6,,24.196962,118.338152,eez,2026-09-05T20:49:42.874052+00:00
412444989,MINLIANYUYUN60066,fishing,,412,China,中國,20,critical,7,4.9,3.5,0,taiwan-matsu-no-4;taiwan-penghu-kinmen-matsu-no-3-tpkm3;taiwan-strait-express-1-tse-1,0.0,0,0,,,,,377.4,未觀測到靠港,26.36519,119.92598,eez,2026-09-07T00:30:10.743445+00:00
412445168,MINLIANYU60298,fishing,,412,China,中國,20,critical,7,5.3,3.1,0,taiwan-matsu-no-4;taiwan-penghu-kinmen-matsu-no-2-tpkm2;taiwan-penghu-kinmen-matsu-no-3-tpkm3;taiwan-strait-express-1-tse-1,0.0,0,0,,,,,380.9,未觀測到靠港,26.15542,120.93803,eez,2026-09-07T04:03:02.203275+00:00
412450124,MIN LIAN YU YUN61478,fishing,,412,China,中國,20,critical,6,7.7,3.5,1,taiwan-matsu-no-4;taiwan-penghu-kinmen-matsu-no-2-tpkm2;taiwan-penghu-kinmen-matsu-no-3-tpkm3;taiwan-strait-express-1-tse-1,0.0,0,0,,,,,380.9,未觀測到靠港,26.12614,120.71022,eez,2026-09-07T04:03:02.203275+00:00
413266620,XINGFA628,cargo,,413,China,中國,20,critical,2,0,,0,taiwan-penghu-kinmen-matsu-no-2-tpkm2,0.0,0,0,汕頭港外 Shantou-appr,2026-09-03T15:37:40.614154+00:00,,,54.9,,24.33755,118.269107,eez,2026-09-07T04:03:02.203275+00:00
413361670,HANG JIE 2006,cargo,,413,China,中國,20,critical,4,1.8,,0,cross-straits-cable-network;taiwan-penghu-kinmen-matsu-no-2-tpkm2;taiwan-penghu-kinmen-matsu-no-3-tpkm3,0.0,0,0,大嶝/圍頭灣 Weitou,2026-08-31T21:41:57.448444+00:00,大嶝/圍頭灣 Weitou,2026-09-01T10:15:55.563560+00:00,3.9,,24.53568,118.237583,eez,2026-09-03T03:58:51.917263+00:00
413527370,XIN PENG HAI,cargo,,413,China,中國,20,critical,6,17.3,0.4,0,taiwan-penghu-kinmen-matsu-no-2-tpkm2;taiwan-penghu-kinmen-matsu-no-3-tpkm3;taiwan-strait-express-1-tse-1,0.0,0,0,,,,,220.6,未觀測到靠港,27.597233,121.071467,eez,2026-09-01T18:03:58.033746+00:00
413696850,HENGJUN228,cargo,,413,China,中國,20,critical,6,0,,0,taiwan-penghu-kinmen-matsu-no-2-tpkm2;taiwan-penghu-kinmen-matsu-no-3-tpkm3,0.0,0,0,泉州 Quanzhou,2026-09-06T20:57:13.599682+00:00,,,5.4,,24.355718,118.164857,eez,2026-09-07T04:03:02.203275+00:00
413706840,FANG ZHOU 33,cargo,,413,China,中國,20,critical,4,0,,0,taiwan-penghu-kinmen-matsu-no-2-tpkm2;taiwan-penghu-kinmen-matsu-no-3-tpkm3,0.0,0,0,廈門 Xiamen,2026-09-06T04:04:01.481536+00:00,,,19.6,,24.51585,118.55724,eez,2026-09-07T00:30:10.743445+00:00
416000014,EC649,fishing,,416,Taiwan,台灣,20,critical,2,4.1,0.3,0,eac-c2c;taiwan-penghu-kinmen-matsu-no-2-tpkm2;taiwan-penghu-kinmen-matsu-no-3-tpkm3,0.0,0,0,台北港 Taipei,2026-09-01T18:03:58.033746+00:00,,,42.1,,23.701838,119.652175,internal_waters,2026-09-03T15:37:40.614154+00:00
416006175,TONG YEA NO 9,tanker,,416,Taiwan,台灣,20,critical,5,0,,0,taiwan-penghu-kinmen-matsu-no-2-tpkm2;taiwan-penghu-kinmen-matsu-no-3-tpkm3,0.0,0,0,復國墩漁港 Fuguodun,2026-09-03T21:31:20.880272+00:00,,,51.5,,22.880608,120.029537,internal_waters,2026-09-06T04:04:01.481536+00:00
416168900,HAI YANG NO 8,special,,416,Taiwan,台灣,20,critical,6,157.7,0.2,0,taiwan-matsu-no-4;taiwan-penghu-kinmen-matsu-no-2-tpkm2;taiwan-penghu-kinmen-matsu-no-3-tpkm3;taiwan-strait-express-1-tse-1,0.0,0,0,上竹里漁港 Shangzhuli,2026-09-05T04:42:29.611877+00:00,,,37.5,,24.436487,120.21696,territorial_sea,2026-09-06T22:39:12.217794+00:00
608679463,1,cargo,,608,Ascension Is,阿森松島,20,critical,1,1.6,,0,seamewe-3;southeast-asia-japan-cable-sjc,0.0,1,0,,,,,543.3,未觀測到靠港,23.355843,117.450318,eez,2026-08-31T04:58:30.564755+00:00
667001341,KUN PENG,tanker,,667,Sierra Leone,獅子山,20,critical,7,38.5,1.5,4,eac-c2c;taiwan-matsu-no-4;taiwan-penghu-kinmen-matsu-no-2-tpkm2;taiwan-penghu-kinmen-matsu-no-3-tpkm3;taiwan-strait-express-1-tse-1;trans-pacific-express-tpe-cable-system,5.5,1,0,麗水漁港 Lishui,2026-08-21T02:03:27.932218+00:00,,,395.3,,24.266455,120.463575,internal_waters,2026-09-06T14:46:16.922285+00:00
677054600,CHENG TAI,cargo,,677,Tanzania,坦尚尼亞,20,critical,7,0,,0,taiwan-penghu-kinmen-matsu-no-2-tpkm2;taiwan-penghu-kinmen-matsu-no-3-tpkm3,21.5,1,0,,,,,604.9,未觀測到靠港,22.636922,119.304985,eez,2026-09-06T14:46:16.922285+00:00
200042293,MMSI-200042293,cargo,,200,Unknown,未知,19,critical,3,0,,0,,6.6,1,0,,,,,581.2,未觀測到靠港,22.971452,119.957272,internal_waters,2026-09-05T04:42:29.611877+00:00
312672000,SUMMER BAY,cargo,,312,Belize,貝里斯,19,critical,7,0,,0,,22.0,1,0,,,,,618.1,未觀測到靠港,22.698812,120.1692,internal_waters,2026-09-07T04:03:02.203275+00:00
353568000,CHUANG YI,tanker,,353,Panama,巴拿馬,19,critical,4,5.1,2.6,1,taiwan-penghu-kinmen-matsu-no-2-tpkm2;taiwan-penghu-kinmen-matsu-no-3-tpkm3,25.6,0,0,,,,,618.1,未觀測到靠港,22.70392,120.161402,internal_waters,2026-09-07T04:03:02.203275+00:00
412354170,SHENG XIN 99,cargo,,412,China,中國,19,critical,4,0,,0,apcn-2;taiwan-penghu-kinmen-matsu-no-2-tpkm2;taiwan-penghu-kinmen-matsu-no-3-tpkm3;taiwan-strait-express-1-tse-1,0.0,0,0,汕頭港外 Shantou-appr,2026-09-01T05:22:35.528216+00:00,,,73.6,,26.448972,119.922107,eez,2026-09-06T14:46:16.922285+00:00
412441219,MINLIANYU68994,fishing,,412,China,中國,19,critical,7,8.3,2.2,2,taiwan-penghu-kinmen-matsu-no-3-tpkm3;taiwan-strait-express-1-tse-1,0.0,0,0,,,,,353.1,未觀測到靠港,25.87764,120.3355,eez,2026-09-05T18:40:14.211911+00:00
412441253,MINLIANYU68993,fishing,,412,China,中國,19,critical,6,10.9,1.8,2,taiwan-penghu-kinmen-matsu-no-3-tpkm3;taiwan-strait-express-1-tse-1,0.0,0,0,,,,,355.6,未觀測到靠港,25.93192,120.33302,eez,2026-09-05T04:42:29.611877+00:00
412441444,MINLIANYU60066,fishing,,412,China,中國,19,critical,3,5.3,2.8,2,taiwan-matsu-no-4;taiwan-penghu-kinmen-matsu-no-3-tpkm3;taiwan-strait-express-1-tse-1,0.0,0,0,,,,,371.6,未觀測到靠港,25.85876,120.20371,eez,2026-09-06T18:44:37.513907+00:00
412441543,MINLIANYU60398,fishing,,412,China,中國,19,critical,1,3.8,3.3,1,taiwan-matsu-no-4;taiwan-penghu-kinmen-matsu-no-3-tpkm3;taiwan-strait-express-1-tse-1,0.0,0,0,,,,,377.4,未觀測到靠港,25.62899,120.52049,eez,2026-09-07T00:30:10.743445+00:00
412442272,MINLIANYU61736,fishing,,412,China,中國,19,critical,7,4.3,2.3,1,taiwan-matsu-no-4;taiwan-penghu-kinmen-matsu-no-2-tpkm2;taiwan-penghu-kinmen-matsu-no-3-tpkm3;taiwan-strait-express-1-tse-1,0.0,0,0,,,,,371.6,未觀測到靠港,25.87139,120.35934,eez,2026-09-06T18:44:37.513907+00:00
412444128,60997,fishing,,412,China,中國,19,critical,2,0,,0,taiwan-penghu-kinmen-matsu-no-2-tpkm2;taiwan-penghu-kinmen-matsu-no-3-tpkm3,0.0,0,0,,,,,304.9,未觀測到靠港,24.869045,119.012557,eez,2026-08-31T01:00:40.959031+00:00
412444926,MINLONGYU64319,fishing,,412,China,中國,19,critical,3,0,,0,taiwan-penghu-kinmen-matsu-no-2-tpkm2;taiwan-penghu-kinmen-matsu-no-3-tpkm3,0.0,0,0,廈門 Xiamen,2026-08-24T15:29:51.857744+00:00,,,109.3,,24.76562,119.11235,eez,2026-09-02T09:45:18.106966+00:00
412451499,MINLONYU65699,fishing,,412,China,中國,19,critical,1,2.0,,0,taiwan-penghu-kinmen-matsu-no-2-tpkm2;taiwan-penghu-kinmen-matsu-no-3-tpkm3,0.0,0,0,,,,,346.7,未觀測到靠港,24.88988,119.35988,eez,2026-09-04T04:00:17.162565+00:00
413209460,XIMAJIANGHAI1HAO,cargo,,413,China,中國,19,critical,7,0,,0,taiwan-strait-express-1-tse-1,0.0,0,0,福清灣/海壇 Fuqing,2026-09-02T04:48:40.622480+00:00,,,47.9,,27.010825,120.349918,eez,2026-09-04T13:01:24.739239+00:00
413242210,SHUN AN 668,cargo,,413,China,中國,19,critical,7,0,,0,taiwan-strait-express-1-tse-1,18.5,0,0,,,,,618.1,未觀測到靠港,26.131182,119.7186,eez,2026-09-07T04:03:02.203275+00:00
413360650,PING AN LUN,cargo,,413,China,中國,19,critical,1,0,,0,taiwan-penghu-kinmen-matsu-no-3-tpkm3;taiwan-strait-express-1-tse-1,0.0,0,0,莆田湄洲灣 Putian,2026-09-02T15:49:23.030399+00:00,,,50.3,,26.446748,119.882877,eez,2026-09-05T12:13:46.310257+00:00
413366110,XIN HUA 628,cargo,,413,China,中國,19,critical,7,0,,0,taiwan-penghu-kinmen-matsu-no-2-tpkm2,0.0,0,0,廈門 Xiamen,2026-08-29T06:41:21.616626+00:00,汕頭港外 Shantou-appr,2026-08-30T12:03:28.899785+00:00,8.2,,23.192908,116.780022,eez,2026-09-06T18:44:37.513907+00:00
413377790,ZHONG HAI YOU 528,tanker,,413,China,中國,19,critical,7,28.0,0.3,0,taiwan-penghu-kinmen-matsu-no-3-tpkm3;taiwan-strait-express-1-tse-1,0.0,0,0,福州馬尾 Fuzhou-Mawei,2026-08-20T09:24:24.533721+00:00,莆田湄洲灣 Putian,2026-09-03T00:53:07.140559+00:00,320.9,,25.100322,119.137267,eez,2026-09-07T04:03:02.203275+00:00
413534920,FEI HONG DA 17,cargo,,413,China,中國,19,critical,7,5.9,0.1,0,apcn-2;seamewe-3;southeast-asia-japan-cable-sjc;taiwan-matsu-no-4;taiwan-penghu-kinmen-matsu-no-2-tpkm2;taiwan-penghu-kinmen-matsu-no-3-tpkm3;taiwan-strait-express-1-tse-1,0.0,0,0,汕頭港外 Shantou-appr,2026-08-31T18:36:53.316921+00:00,,,30.3,,27.512702,121.332383,eez,2026-09-02T03:59:47.596863+00:00
413597850,SHENG HANG HUA 18,tanker,,413,China,中國,19,critical,5,0,,0,apcn-2;taiwan-penghu-kinmen-matsu-no-2-tpkm2;taiwan-penghu-kinmen-matsu-no-3-tpkm3,0.0,0,0,湄洲灣泉港 Meizhouwan,2026-09-03T03:58:51.917263+00:00,,,10.8,,23.420963,117.185947,eez,2026-09-03T15:37:40.614154+00:00
413695760,DONG FANG QIANG,cargo,,413,China,中國,19,critical,2,3.9,2.0,0,apcn-2;taiwan-penghu-kinmen-matsu-no-2-tpkm2;taiwan-penghu-kinmen-matsu-no-3-tpkm3,0.0,0,0,小港臨海新村漁港 Xiaogang,2026-09-01T05:22:35.528216+00:00,,,5.7,,24.872705,120.742173,territorial_sea,2026-09-01T15:55:52.992796+00:00
413699940,XING TONG 19,tanker,,413,China,中國,19,critical,2,0,,0,taiwan-penghu-kinmen-matsu-no-2-tpkm2;taiwan-penghu-kinmen-matsu-no-3-tpkm3;taiwan-strait-express-1-tse-1,0.0,0,0,湄洲灣泉港 Meizhouwan,2026-09-04T13:01:24.739239+00:00,漳州東山 Dongshan,2026-09-05T03:57:25.117144+00:00,8.9,,23.711922,117.555518,eez,2026-09-07T00:30:10.743445+00:00
413816049,WANHUAIYUANGYOU998,cargo,,413,China,中國,19,critical,7,7.9,0.2,0,taiwan-penghu-kinmen-matsu-no-3-tpkm3,0.0,0,0,,,,,318.6,未觀測到靠港,26.211227,119.810415,eez,2026-08-30T14:06:31.206236+00:00
413875040,CHINACOASTGUARD2502,coastguard,coastguard,413,China,中國,19,critical,4,2.0,,0,apcn-2;asia-united-gateway-east-aug-east;candle;eac-c2c,0.0,0,0,,,,,355.6,未觀測到靠港,26.14195,122.3588,eez,2026-09-05T09:11:06.137565+00:00
416002679,XIN_SHUN_YI_66,fishing,,416,Taiwan,台灣,19,critical,2,7.3,2.2,1,asia-pacific-gateway-apg;flag-north-asia-loopreach-north-asia-loop;h2-cable,0.0,0,0,大溪漁港 Daxi,2026-09-02T09:45:18.106966+00:00,,,67.7,,24.819302,121.942558,internal_waters,2026-09-07T00:30:10.743445+00:00
416003617,HE JHOU,special,,416,Taiwan,台灣,19,critical,1,21.1,0.2,0,taiwan-penghu-kinmen-matsu-no-3-tpkm3;taiwan-strait-express-1-tse-1,0.0,0,0,白沙漁港 Baisha,2026-08-24T04:13:24.721954+00:00,馬祖福澳港 Matsu,2026-09-02T09:45:18.106966+00:00,215.7,,26.163927,119.943745,eez,2026-09-02T15:49:23.030399+00:00
417888888,MMSI-417888888,cargo,,417,Sri Lanka,斯里蘭卡,19,critical,2,0,,0,apcn-2,0.0,1,0,,,,,345.7,未觀測到靠港,23.291118,117.651373,eez,2026-08-23T17:12:51.631900+00:00
457119000,SAFCO,cargo,,457,Mongolia,蒙古,19,critical,6,0,,0,taiwan-penghu-kinmen-matsu-no-2-tpkm2;taiwan-penghu-kinmen-matsu-no-3-tpkm3,18.3,1,0,外垵漁港 Waian,2026-09-01T10:15:55.563560+00:00,,,134.2,,22.863585,120.138493,internal_waters,2026-09-07T04:03:02.203275+00:00
477118100,SWAN LAKE,cargo,,477,Hong Kong,香港,19,critical,3,15.7,0.4,2,apcn-2;eac-c2c;faster;taiwan-matsu-no-4;taiwan-penghu-kinmen-matsu-no-2-tpkm2;taiwan-penghu-kinmen-matsu-no-3-tpkm3,0.0,0,0,廈門 Xiamen,2026-09-06T09:32:13.465682+00:00,,,15.6,,25.316393,121.682982,internal_waters,2026-09-07T04:03:02.203275+00:00
538011302,MMSI-538011302,cargo,,538,Marshall Is,馬紹爾群島,19,critical,7,5.8,0.8,0,apcn-2;asia-pacific-gateway-apg;flag-north-asia-loopreach-north-asia-loop;taiwan-penghu-kinmen-matsu-no-2-tpkm2;taiwan-penghu-kinmen-matsu-no-3-tpkm3,8.6,0,0,,,,,246.0,未觀測到靠港,20.626378,121.178868,eez,2026-08-31T18:36:53.316921+00:00
12005602,CT2-5602-2       7V9,unknown,,120,Unknown,未知,18,critical,7,10.3,1.5,0,apcn-2;asia-pacific-gateway-apg;asia-united-gateway-east-aug-east;candle;e2a;eac-c2c;flag-north-asia-loopreach-north-asia-loop;h2-cable;hong-kong-americas-hka;new-cross-pacific-ncp-cable-system,0.0,1,0,烏石漁港 Wushi,2026-08-31T05:49:54.519009+00:00,,,27.9,,25.256747,122.326088,contiguous_zone,2026-09-01T18:03:58.033746+00:00
200000001,1,fishing,,200,Unknown,未知,18,critical,5,0,,0,taiwan-penghu-kinmen-matsu-no-2-tpkm2;taiwan-penghu-kinmen-matsu-no-3-tpkm3,0.0,1,0,漳州東山 Dongshan,2026-09-05T20:49:42.874052+00:00,,,1.9,,24.14999,118.581827,eez,2026-09-06T00:23:27.934172+00:00
273124720,SFEN,tanker,,273,Russia,俄羅斯,18,critical,4,0,,0,asia-united-gateway-east-aug-east,3.9,1,1,,,,,167.1,未觀測到靠港,23.738425,117.578387,eez,2026-09-07T04:03:02.203275+00:00
29005602,CT2-5602-19      7V8,unknown,,290,Unknown,未知,18,critical,7,12.5,1.4,0,apcn-2;asia-pacific-gateway-apg;e2a;eac-c2c;flag-north-asia-loopreach-north-asia-loop;h2-cable;hong-kong-americas-hka;new-cross-pacific-ncp-cable-system,0.0,1,0,,,,,411.8,未觀測到靠港,24.92226,122.28076,contiguous_zone,2026-08-29T18:01:43.259492+00:00
352005538,NERIDA,cargo,,352,Panama,巴拿馬,18,critical,7,32.9,0.6,1,apcn-2;eac-c2c;faster;southeast-asia-japan-cable-2-sjc2;taiwan-penghu-kinmen-matsu-no-2-tpkm2;taiwan-penghu-kinmen-matsu-no-3-tpkm3,0.0,0,0,,,,,543.7,未觀測到靠港,24.340628,119.788742,contiguous_zone,2026-09-05T00:28:43.331771+00:00
412441649,MINLIANYU60266,fishing,,412,China,中國,18,critical,4,10.9,2.9,0,taiwan-matsu-no-4;taiwan-penghu-kinmen-matsu-no-2-tpkm2;taiwan-penghu-kinmen-matsu-no-3-tpkm3;taiwan-strait-express-1-tse-1,0.0,0,0,,,,,358.9,未觀測到靠港,25.81897,120.63657,eez,2026-09-05T03:57:25.117144+00:00
412441974,MINLIANYU61870,fishing,,412,China,中國,18,critical,7,22.2,2.2,0,taiwan-strait-express-1-tse-1;trans-pacific-express-tpe-cable-system,0.0,0,0,,,,,263.1,未觀測到靠港,26.40848,122.07304,eez,2026-09-02T00:40:45.000416+00:00
412443522,MINLIANYU60968,fishing,,412,China,中國,18,critical,1,2.8,,0,taiwan-matsu-no-4;taiwan-strait-express-1-tse-1,0.0,0,0,,,,,294.1,未觀測到靠港,26.01983,120.15913,eez,2026-08-31T18:36:53.316921+00:00
412444548,963639,fishing,,412,China,中國,18,critical,5,0,,0,taiwan-penghu-kinmen-matsu-no-3-tpkm3,0.0,0,0,廈門 Xiamen,2026-08-21T07:14:54.129608+00:00,,,367.7,,24.224023,118.339505,eez,2026-09-05T15:42:59.107474+00:00
412444609,09851,fishing,,412,China,中國,18,critical,2,0,,0,taiwan-penghu-kinmen-matsu-no-3-tpkm3,0.0,0,0,廈門 Xiamen,2026-09-01T04:37:22.691006+00:00,,,19.3,,24.40591,117.96993,eez,2026-09-02T00:40:45.000416+00:00
412444631,MINZHANGYU60619,fishing,,412,China,中國,18,critical,6,17.7,3.5,3,taiwan-penghu-kinmen-matsu-no-3-tpkm3,0.0,0,0,,,,,336.6,未觀測到靠港,24.29333,118.62371,eez,2026-09-07T04:03:02.203275+00:00
412447545,MINLIANYU60997,fishing,,412,China,中國,18,critical,7,9.4,3.9,1,taiwan-matsu-no-4;taiwan-penghu-kinmen-matsu-no-2-tpkm2;taiwan-penghu-kinmen-matsu-no-3-tpkm3;taiwan-strait-express-1-tse-1,0.0,0,0,,,,,380.9,未觀測到靠港,26.11551,120.99464,eez,2026-09-07T04:03:02.203275+00:00
412447746,MINLIANYU60408,fishing,,412,China,中國,18,critical,7,4.7,3.2,0,taiwan-matsu-no-4;taiwan-penghu-kinmen-matsu-no-2-tpkm2;taiwan-penghu-kinmen-matsu-no-3-tpkm3;taiwan-strait-express-1-tse-1,0.0,0,0,,,,,375.5,未觀測到靠港,25.72296,120.46945,eez,2026-09-06T22:39:12.217794+00:00
412451853,MINLIANYU62966,fishing,,412,China,中國,18,critical,6,4.7,1.2,0,taiwan-matsu-no-4;taiwan-penghu-kinmen-matsu-no-3-tpkm3,0.0,0,0,,,,,358.9,未觀測到靠港,26.08008,119.92004,eez,2026-09-05T03:57:25.117144+00:00
412476880,HAI XIONG YOU 3,tanker,,412,China,中國,18,critical,1,0,,0,apcn-2;taiwan-penghu-kinmen-matsu-no-2-tpkm2;taiwan-strait-express-1-tse-1,0.0,0,0,深滬灣/圍頭東 Shenhu,2026-08-30T05:34:21.607312+00:00,,,95.8,,24.245033,118.4005,eez,2026-09-03T15:37:40.614154+00:00
412704020,HAI GONG 166,tanker,,412,China,中國,18,critical,7,0,,0,cross-straits-cable-network;taiwan-penghu-kinmen-matsu-no-3-tpkm3,9.4,0,0,湄洲灣泉港 Meizhouwan,2026-09-05T18:40:14.211911+00:00,,,3.6,,25.227035,119.408227,eez,2026-09-06T00:23:27.934172+00:00
412888888,00088,fishing,,412,China,中國,18,critical,3,0,,0,taiwan-penghu-kinmen-matsu-no-3-tpkm3,0.0,0,0,,,,,598.8,未觀測到靠港,26.293995,120.153,eez,2026-09-07T04:03:02.203275+00:00
413233760,HONG RUN 866,cargo,,413,China,中國,18,critical,5,0,,0,taiwan-strait-express-1-tse-1,15.8,0,0,,,,,592.3,未觀測到靠港,26.131352,119.72116,eez,2026-09-04T04:00:17.162565+00:00
413240370,HUIYING169,cargo,,413,China,中國,18,critical,7,6.1,1.1,0,southeast-asia-japan-cable-sjc;taiwan-penghu-kinmen-matsu-no-2-tpkm2;taiwan-penghu-kinmen-matsu-no-3-tpkm3,0.0,0,0,汕頭 Shantou,2026-09-04T09:46:09.453323+00:00,,,59.5,,26.479342,119.87184,eez,2026-09-07T00:30:10.743445+00:00
413246160,XINHAIQIANG,cargo,,413,China,中國,18,critical,1,0,,0,taiwan-penghu-kinmen-matsu-no-2-tpkm2;taiwan-penghu-kinmen-matsu-no-3-tpkm3;taiwan-strait-express-1-tse-1,0.0,0,0,,,,,301.3,未觀測到靠港,26.959433,120.52468,eez,2026-09-01T04:37:22.691006+00:00
413313110,HAISHENGJIA877,cargo,,413,China,中國,18,critical,7,0,,0,,9.2,0,0,,,,,618.1,未觀測到靠港,26.25408,119.802327,eez,2026-09-07T04:03:02.203275+00:00
413356020,HAIPENG0088,cargo,,413,China,中國,18,critical,7,0,,0,taiwan-penghu-kinmen-matsu-no-2-tpkm2,17.6,0,0,深滬灣/圍頭東 Shenhu,2026-08-28T11:34:06.990542+00:00,,,18.4,,24.883768,119.076118,eez,2026-09-06T18:44:37.513907+00:00
413451656,MMSI-413451656,cargo,,413,China,中國,18,critical,7,5.7,3.0,0,taiwan-penghu-kinmen-matsu-no-2-tpkm2;taiwan-penghu-kinmen-matsu-no-3-tpkm3,0.0,0,0,,,,,496.5,未觀測到靠港,24.118898,118.487345,eez,2026-09-06T00:23:27.934172+00:00
413454960,XINHENG76,cargo,,413,China,中國,18,critical,1,0,,0,taiwan-penghu-kinmen-matsu-no-3-tpkm3;taiwan-strait-express-1-tse-1,0.0,0,0,福清灣/海壇 Fuqing,2026-08-28T11:34:06.990542+00:00,,,28.4,,26.082305,119.803273,eez,2026-08-30T00:54:50.080310+00:00
413486960,MMSI-413486960,cargo,,413,China,中國,18,critical,1,0,,0,cross-straits-cable-network;taiwan-penghu-kinmen-matsu-no-2-tpkm2;taiwan-penghu-kinmen-matsu-no-3-tpkm3,0.0,0,0,深滬灣/圍頭東 Shenhu,2026-09-02T04:48:40.622480+00:00,深滬灣/圍頭東 Shenhu,2026-09-02T13:05:35.852197+00:00,0.0,,24.536548,118.385853,eez,2026-09-03T15:37:40.614154+00:00
413600530,FA XING YOU 168,tanker,,413,China,中國,18,critical,1,2.3,,0,taiwan-penghu-kinmen-matsu-no-2-tpkm2;taiwan-penghu-kinmen-matsu-no-3-tpkm3;taiwan-strait-express-1-tse-1,5.7,0,0,福州馬尾 Fuzhou-Mawei,2026-08-13T09:53:56.518737+00:00,,,552.1,,26.22226,119.816342,eez,2026-09-05T14:24:01.115311+00:00
413692490,HUA HANG 3,cargo,,413,China,中國,18,critical,6,3.9,0.4,2,apcn-2;eac-c2c;taiwan-matsu-no-4;taiwan-penghu-kinmen-matsu-no-2-tpkm2;taiwan-penghu-kinmen-matsu-no-3-tpkm3;taiwan-strait-express-1-tse-1,0.0,0,0,廈門 Xiamen,2026-09-05T04:42:29.611877+00:00,,,42.9,,24.313458,118.225478,eez,2026-09-07T04:03:02.203275+00:00
413693120,SHENGDA6,cargo,,413,China,中國,18,critical,7,12.0,0.7,0,taiwan-penghu-kinmen-matsu-no-3-tpkm3;taiwan-strait-express-1-tse-1,0.0,0,0,福州馬尾 Fuzhou-Mawei,2026-08-30T04:54:33.141207+00:00,福州馬尾 Fuzhou-Mawei,2026-09-07T00:30:10.743445+00:00,178.6,,25.989647,119.476025,eez,2026-09-07T04:03:02.203275+00:00
415000005,MMSI-415000005,cargo,,415,Unknown,未知,18,critical,2,3.3,1.8,1,taiwan-penghu-kinmen-matsu-no-2-tpkm2,0.0,1,0,蚵寮漁港 Keliao_TN,2026-08-19T21:21:16.928605+00:00,,,409.1,,23.377865,120.061827,internal_waters,2026-09-06T00:23:27.934172+00:00
416005023,CHAU-HSNO.22,special,,416,Taiwan,台灣,18,critical,1,7.9,2.9,0,apcn-2;eac-c2c,0.0,0,0,台北港 Taipei,2026-09-05T00:28:43.331771+00:00,台北港 Taipei,2026-09-07T04:03:02.203275+00:00,0.8,,25.14357,121.37605,internal_waters,2026-09-07T04:03:02.203275+00:00
416450000,TAIWAN,tanker,,416,Taiwan,台灣,18,critical,1,0,,0,taiwan-penghu-kinmen-matsu-no-2-tpkm2,0.0,0,0,小港臨海新村漁港 Xiaogang,2026-09-03T04:47:18.082694+00:00,小港臨海新村漁港 Xiaogang,2026-09-03T13:07:19.959143+00:00,0.0,,22.563797,120.310522,internal_waters,2026-09-03T15:37:40.614154+00:00
477407600,FENG ZE YUAN,cargo,,477,Hong Kong,香港,18,critical,7,16.1,0.4,0,eac-c2c;taiwan-penghu-kinmen-matsu-no-2-tpkm2;taiwan-penghu-kinmen-matsu-no-3-tpkm3,0.0,0,0,廈門 Xiamen,2026-09-07T00:30:10.743445+00:00,,,0.0,,24.454313,117.972773,eez,2026-09-07T04:03:02.203275+00:00
477769400,M/V YUSHEN,cargo,,477,Hong Kong,香港,18,critical,1,0,,0,apcn-2;eac-c2c;taiwan-matsu-no-4;taiwan-penghu-kinmen-matsu-no-3-tpkm3,0.0,0,0,台北港 Taipei,2026-09-05T09:11:06.137565+00:00,,,39.8,,26.645895,119.799847,eez,2026-09-07T04:03:02.203275+00:00
600956413,1,cargo,,600,Unknown,未知,18,critical,2,0,,0,apcn-2;taiwan-penghu-kinmen-matsu-no-3-tpkm3,0.0,1,0,,,,,444.4,未觀測到靠港,23.753495,118.382812,eez,2026-09-03T18:14:46.249326+00:00
613271610,MMSI-613271610,tanker,,613,Cameroon,喀麥隆,18,critical,1,8.0,3.5,0,apcn-2;asia-united-gateway-east-aug-east;eac-c2c;pacific-light-cable-network-plcn;southeast-asia-japan-cable-2-sjc2,0.0,1,1,,,,,32.0,未觀測到靠港,25.748147,122.927675,eez,2026-08-09T23:21:33.187820+00:00
636012797,YM INITIATIVE,cargo,,636,Liberia,賴比瑞亞,18,critical,3,0,,0,apcn-2;asia-united-gateway-east-aug-east;eac-c2c;southeast-asia-japan-cable-2-sjc2;southeast-asia-japan-cable-sjc,1.5,0,0,小港臨海新村漁港 Xiaogang,2026-09-02T00:40:45.000416+00:00,,,24.0,,21.69587,120.877465,territorial_sea,2026-09-03T03:58:51.917263+00:00
636021200,EVER COMMAND,cargo,,636,Liberia,賴比瑞亞,18,critical,7,0,,0,eac-c2c;seamewe-3;taiwan-penghu-kinmen-matsu-no-2-tpkm2;taiwan-penghu-kinmen-matsu-no-3-tpkm3;taiwan-strait-express-1-tse-1;trans-pacific-express-tpe-cable-system,0.0,0,0,小港臨海新村漁港 Xiaogang,2026-08-24T09:36:53.209692+00:00,,,111.6,,26.458427,119.915905,eez,2026-08-29T02:56:44.800599+00:00
667001260,VICTOR,tanker,,667,Sierra Leone,獅子山,18,critical,7,20.1,0.9,1,eac-c2c;taiwan-penghu-kinmen-matsu-no-2-tpkm2;trans-pacific-express-tpe-cable-system,0.0,1,0,,,,,571.3,未觀測到靠港,24.379915,119.834205,contiguous_zone,2026-09-05T00:28:43.331771+00:00
667001354,XIANG FA,cargo,,667,Sierra Leone,獅子山,18,critical,4,0,,0,taiwan-penghu-kinmen-matsu-no-2-tpkm2,12.8,1,0,,,,,380.9,未觀測到靠港,22.69853,120.17677,internal_waters,2026-09-07T04:03:02.203275+00:00
667001430,DIANA,tanker,,667,Sierra Leone,獅子山,18,critical,3,2.7,,0,taiwan-penghu-kinmen-matsu-no-2-tpkm2,0.0,1,0,,,,,618.1,未觀測到靠港,22.737247,120.152098,internal_waters,2026-09-07T04:03:02.203275+00:00
667002352,DALNEGORSK,cargo,,667,Sierra Leone,獅子山,18,critical,3,4.0,0.0,0,seamewe-3,0.0,1,0,,,,,44.9,未觀測到靠港,27.660278,121.570265,eez,2026-08-11T14:14:29.745217+00:00
668116504,MMSI-668116504,tanker,,668,Sao Tome Principe,聖多美,18,critical,7,0,,0,,8.7,1,1,湄洲灣泉港 Meizhouwan,2026-08-14T06:50:09.036254+00:00,,,134.5,,23.24317,117.733365,eez,2026-08-19T23:14:33.089975+00:00
800123456,56B4S5,fishing,,800,Unknown,未知,18,critical,4,0,,0,taiwan-penghu-kinmen-matsu-no-3-tpkm3;taiwan-strait-express-1-tse-1,0.0,1,0,馬公港 Magong,2026-09-06T00:23:27.934172+00:00,,,8.4,,23.460625,117.364587,eez,2026-09-06T12:28:17.682022+00:00
200041614,MMSI-200041614,cargo,,200,Unknown,未知,17,critical,1,0,,0,,3.1,1,0,花嶼漁港 Huayu,2026-08-29T18:01:43.259492+00:00,,,102.6,,23.660537,119.655432,internal_waters,2026-09-03T03:58:51.917263+00:00
354118000,LOS ANDES BRIDGE,cargo,,354,Panama,巴拿馬,17,critical,7,0.8,,0,h2-cable;taiwan-penghu-kinmen-matsu-no-2-tpkm2;taiwan-penghu-kinmen-matsu-no-3-tpkm3;taiwan-strait-express-1-tse-1;trans-pacific-express-tpe-cable-system,3.8,0,0,廈門 Xiamen,2026-08-23T09:18:24.059147+00:00,廈門 Xiamen,2026-09-06T12:28:17.682022+00:00,334.3,,24.445022,118.017552,eez,2026-09-07T04:03:02.203275+00:00
370359000,C.S EXPLORATION,cargo,,370,Panama,巴拿馬,17,critical,6,3.8,1.4,1,taiwan-penghu-kinmen-matsu-no-2-tpkm2;taiwan-penghu-kinmen-matsu-no-3-tpkm3,5.0,1,0,,,,,184.0,未觀測到靠港,22.526433,120.250115,internal_waters,2026-09-07T04:03:02.203275+00:00
412271730,YUANHONGSHUN,cargo,,412,China,中國,17,critical,1,0,,0,taiwan-penghu-kinmen-matsu-no-2-tpkm2;taiwan-penghu-kinmen-matsu-no-3-tpkm3,0.0,0,0,,,,,571.7,未觀測到靠港,23.310517,117.2853,eez,2026-09-02T13:05:35.852197+00:00
412351690,HAI PENG 0089,cargo,,412,China,中國,17,critical,2,0,,0,taiwan-penghu-kinmen-matsu-no-2-tpkm2,5.7,0,0,深滬灣/圍頭東 Shenhu,2026-08-27T21:40:15.702771+00:00,湄洲灣泉港 Meizhouwan,2026-08-30T12:03:28.899785+00:00,42.0,,24.986503,119.057932,eez,2026-09-06T14:46:16.922285+00:00
412355680,HENG CHUN 1,cargo,,412,China,中國,17,critical,1,1.8,,0,taiwan-penghu-kinmen-matsu-no-2-tpkm2;taiwan-penghu-kinmen-matsu-no-3-tpkm3;taiwan-strait-express-1-tse-1,0.0,0,0,廈門 Xiamen,2026-08-31T01:00:40.959031+00:00,,,0.0,,24.452817,117.973293,eez,2026-08-31T04:58:30.564755+00:00
412357090,XIN HONG 998,cargo,,412,China,中國,17,critical,2,0,,0,taiwan-strait-express-1-tse-1,3.1,0,0,閩江口錨地 Minjiangkou,2026-08-20T05:00:09.722056+00:00,,,385.9,,27.745445,121.001488,eez,2026-09-05T09:11:06.137565+00:00
412371670,SHUN TAI 88,cargo,,412,China,中國,17,critical,1,0,,0,apcn-2;taiwan-penghu-kinmen-matsu-no-2-tpkm2;taiwan-penghu-kinmen-matsu-no-3-tpkm3,0.0,0,0,廈門 Xiamen,2026-08-29T16:03:35.212630+00:00,,,11.5,,23.310717,116.998967,eez,2026-08-30T05:34:21.607312+00:00
412400000,MIN DONG YU31822,fishing,,412,China,中國,17,critical,2,0,,0,taiwan-penghu-kinmen-matsu-no-3-tpkm3,0.0,0,0,漳州東山 Dongshan,2026-09-03T21:31:20.880272+00:00,,,27.4,,23.102577,117.426382,eez,2026-08-28T05:01:48.482487+00:00
412440213,MINLIANYU60456,fishing,,412,China,中國,17,critical,6,8.6,3.3,3,taiwan-matsu-no-4;taiwan-penghu-kinmen-matsu-no-2-tpkm2;taiwan-penghu-kinmen-matsu-no-3-tpkm3;taiwan-strait-express-1-tse-1,0.0,0,0,,,,,380.9,未觀測到靠港,26.12571,120.83687,eez,2026-09-07T04:03:02.203275+00:00
412441066,MINLIANYU65391,fishing,,412,China,中國,17,critical,7,6.7,4.2,1,eac-c2c;faster;southeast-asia-japan-cable-2-sjc2;taiwan-matsu-no-4;taiwan-penghu-kinmen-matsu-no-2-tpkm2;taiwan-penghu-kinmen-matsu-no-3-tpkm3;taiwan-strait-express-1-tse-1,0.0,0,0,,,,,380.9,未觀測到靠港,25.87034,120.25431,eez,2026-09-07T04:03:02.203275+00:00
412441242,MINLIANYU60497,fishing,,412,China,中國,17,critical,1,1.3,,0,taiwan-matsu-no-4;taiwan-penghu-kinmen-matsu-no-3-tpkm3,0.0,0,0,,,,,349.9,未觀測到靠港,26.24813,120.50165,eez,2026-09-04T15:36:37.054727+00:00
412441261,MINLIANYU60076,fishing,,412,China,中國,17,critical,6,10.2,3.4,2,taiwan-matsu-no-4;taiwan-penghu-kinmen-matsu-no-3-tpkm3;taiwan-strait-express-1-tse-1,0.0,0,0,,,,,363.3,未觀測到靠港,25.83715,120.31727,eez,2026-09-06T04:52:03.960094+00:00
412441313,MIN LIAN YU 60458,fishing,,412,China,中國,17,critical,6,3.3,0.6,0,taiwan-penghu-kinmen-matsu-no-3-tpkm3,0.0,0,0,,,,,380.9,未觀測到靠港,26.23692,120.08545,eez,2026-09-07T04:03:02.203275+00:00
412441382,MIN LIAN YU 69997,fishing,,412,China,中國,17,critical,7,9.8,0.7,0,eac-c2c;taiwan-penghu-kinmen-matsu-no-2-tpkm2;taiwan-penghu-kinmen-matsu-no-3-tpkm3,0.0,0,0,,,,,337.6,未觀測到靠港,26.27657,121.59139,eez,2026-09-05T20:49:42.874052+00:00
412441474,MINLIANYU61986,fishing,,412,China,中國,17,critical,2,0.9,,0,taiwan-matsu-no-4;taiwan-penghu-kinmen-matsu-no-3-tpkm3,0.0,0,0,,,,,332.7,未觀測到靠港,26.12572,120.62892,eez,2026-09-03T03:58:51.917263+00:00
412441512,MINLIANYU61961,fishing,,412,China,中國,17,critical,2,3.8,0.5,0,eac-c2c;taiwan-matsu-no-4;taiwan-penghu-kinmen-matsu-no-2-tpkm2;taiwan-penghu-kinmen-matsu-no-3-tpkm3;trans-pacific-express-tpe-cable-system,0.0,0,0,,,,,303.0,未觀測到靠港,26.15836,121.56341,eez,2026-09-01T04:37:22.691006+00:00
412441675,MIN LIAN YU 61816,fishing,,412,China,中國,17,critical,5,17.3,2.5,1,taiwan-matsu-no-4;taiwan-penghu-kinmen-matsu-no-3-tpkm3,0.0,0,0,,,,,380.9,未觀測到靠港,26.12615,120.71003,eez,2026-09-07T04:03:02.203275+00:00
412441816,MINFUDINGYU03298,fishing,,412,China,中國,17,critical,2,0,,0,,0.0,0,0,,,,,346.7,未觀測到靠港,26.72227,120.5249,eez,2026-09-04T04:00:17.162565+00:00
412442157,MINLIANYU60006,fishing,,412,China,中國,17,critical,7,18.4,3.9,1,taiwan-matsu-no-4;taiwan-penghu-kinmen-matsu-no-3-tpkm3;taiwan-strait-express-1-tse-1,0.0,0,0,,,,,380.2,未觀測到靠港,25.87073,120.28089,eez,2026-09-07T04:03:02.203275+00:00
412442209,MINLIANYU60091,fishing,,412,China,中國,17,critical,5,6.3,2.6,2,eac-c2c;taiwan-matsu-no-4;taiwan-penghu-kinmen-matsu-no-3-tpkm3;taiwan-strait-express-1-tse-1;trans-pacific-express-tpe-cable-system,0.0,0,0,,,,,380.9,未觀測到靠港,25.81282,120.27214,eez,2026-09-07T04:03:02.203275+00:00
412442463,MINCHANGYU23166,fishing,,412,China,中國,17,critical,7,21.8,1.6,0,taiwan-penghu-kinmen-matsu-no-3-tpkm3;taiwan-strait-express-1-tse-1,0.0,0,0,閩江口錨地 Minjiangkou,2026-08-26T16:10:14.987861+00:00,,,223.6,,26.1055,120.01848,eez,2026-09-07T04:03:02.203275+00:00
412443018,MINCHANGYU-23018,fishing,,412,China,中國,17,critical,2,0,,0,taiwan-strait-express-1-tse-1,0.0,0,0,閩江口錨地 Minjiangkou,2026-08-31T16:32:04.528899+00:00,,,83.0,,25.95283,119.76391,eez,2026-09-04T15:36:37.054727+00:00
412443943,MINFUZHOUYU65895,fishing,,412,China,中國,17,critical,3,19.7,1.5,3,taiwan-penghu-kinmen-matsu-no-3-tpkm3;taiwan-strait-express-1-tse-1,0.0,0,0,閩江口錨地 Minjiangkou,2026-08-25T09:06:24.201787+00:00,,,211.7,,25.94056,120.1745,eez,2026-09-06T22:39:12.217794+00:00
412444244,MIN LONG YU 61296,fishing,,412,China,中國,17,critical,2,0.9,,0,taiwan-penghu-kinmen-matsu-no-3-tpkm3,0.0,0,0,,,,,323.3,未觀測到靠港,24.04343,118.28011,eez,2026-09-06T14:46:16.922285+00:00
412444407,MIN LONG YU 66868,fishing,,412,China,中國,17,critical,2,10.1,3.3,0,taiwan-penghu-kinmen-matsu-no-2-tpkm2;taiwan-penghu-kinmen-matsu-no-3-tpkm3,0.0,0,0,,,,,312.2,未觀測到靠港,24.23453,118.77334,eez,2026-09-01T13:48:16.466031+00:00
412444518,MINLONGYU61272,fishing,,412,China,中國,17,critical,6,3.7,2.9,1,taiwan-penghu-kinmen-matsu-no-2-tpkm2;taiwan-penghu-kinmen-matsu-no-3-tpkm3,0.0,0,0,,,,,358.9,未觀測到靠港,24.18775,118.56141,eez,2026-09-05T03:57:25.117144+00:00
412444568,09828,fishing,,412,China,中國,17,critical,3,0,,0,taiwan-penghu-kinmen-matsu-no-3-tpkm3,0.0,0,0,廈門 Xiamen,2026-08-24T09:36:53.209692+00:00,,,210.0,,24.30396,118.12637,eez,2026-09-06T04:52:03.960094+00:00
412444729,MIN LONG YU09862,fishing,,412,China,中國,17,critical,1,0,,0,taiwan-matsu-no-4;taiwan-strait-express-1-tse-1,0.0,0,0,,,,,289.6,未觀測到靠港,24.189418,118.314363,eez,2026-08-30T18:16:08.308925+00:00
412444751,08085,fishing,,412,China,中國,17,critical,2,4.2,2.1,0,taiwan-penghu-kinmen-matsu-no-2-tpkm2;taiwan-penghu-kinmen-matsu-no-3-tpkm3,0.0,0,0,,,,,310.6,未觀測到靠港,24.1424,118.30143,eez,2026-09-01T15:55:52.992796+00:00
412444807,MINLONGYU09865,fishing,,412,China,中國,17,critical,1,0,,0,taiwan-penghu-kinmen-matsu-no-3-tpkm3,0.0,0,0,廈門 Xiamen,2026-09-01T18:03:58.033746+00:00,廈門 Xiamen,2026-09-06T09:32:13.465682+00:00,96.9,,24.158225,118.291772,eez,2026-09-04T15:36:37.054727+00:00
412444871,MINLIANYU61977,fishing,,412,China,中國,17,critical,1,0,,0,taiwan-matsu-no-4;taiwan-penghu-kinmen-matsu-no-3-tpkm3;taiwan-strait-express-1-tse-1,0.0,0,0,,,,,318.6,未觀測到靠港,26.09241,120.34384,eez,2026-09-02T03:59:47.596863+00:00
412444997,MINLIANYU60036,fishing,,412,China,中國,17,critical,7,14.0,2.7,0,taiwan-matsu-no-4;taiwan-penghu-kinmen-matsu-no-2-tpkm2;taiwan-penghu-kinmen-matsu-no-3-tpkm3;taiwan-strait-express-1-tse-1,0.0,0,0,,,,,380.9,未觀測到靠港,26.00702,120.97262,eez,2026-09-07T04:03:02.203275+00:00
412445592,MINFUZHOUYU15157,cargo,,412,China,中國,17,critical,2,0,,0,taiwan-strait-express-1-tse-1,2.3,0,0,閩江口錨地 Minjiangkou,2026-08-30T00:54:50.080310+00:00,閩江口錨地 Minjiangkou,2026-09-02T03:59:47.596863+00:00,37.7,,26.07949,119.56115,eez,2026-09-02T03:59:47.596863+00:00
412445637,MINLIANYU60011,fishing,,412,China,中國,17,critical,7,4.1,2.9,3,taiwan-matsu-no-4;taiwan-penghu-kinmen-matsu-no-2-tpkm2;taiwan-penghu-kinmen-matsu-no-3-tpkm3;taiwan-strait-express-1-tse-1,0.0,0,0,,,,,380.9,未觀測到靠港,26.12207,121.01188,eez,2026-09-07T04:03:02.203275+00:00
412445658,MINLIANYU60012,fishing,,412,China,中國,17,critical,7,20.5,3.5,2,taiwan-matsu-no-4;taiwan-penghu-kinmen-matsu-no-2-tpkm2;taiwan-penghu-kinmen-matsu-no-3-tpkm3;taiwan-strait-express-1-tse-1,0.0,0,0,,,,,380.9,未觀測到靠港,26.19159,121.00316,eez,2026-09-07T04:03:02.203275+00:00
412445779,MINLIANYU60482,fishing,,412,China,中國,17,critical,4,8.0,3.5,0,taiwan-matsu-no-4;taiwan-penghu-kinmen-matsu-no-2-tpkm2;taiwan-penghu-kinmen-matsu-no-3-tpkm3;taiwan-strait-express-1-tse-1,0.0,0,0,,,,,380.9,未觀測到靠港,26.05391,120.96787,eez,2026-09-07T04:03:02.203275+00:00
412445999,MINLIANYU60951,fishing,,412,China,中國,17,critical,6,5.0,2.8,0,taiwan-matsu-no-4;taiwan-penghu-kinmen-matsu-no-2-tpkm2;taiwan-penghu-kinmen-matsu-no-3-tpkm3;taiwan-strait-express-1-tse-1,0.0,0,0,,,,,380.9,未觀測到靠港,25.93205,120.77819,eez,2026-09-07T04:03:02.203275+00:00
412446259,MINLONGYU61688,fishing,,412,China,中國,17,critical,4,6.0,3.4,1,taiwan-penghu-kinmen-matsu-no-3-tpkm3,0.0,0,0,,,,,335.6,未觀測到靠港,24.059,118.28712,eez,2026-09-06T14:46:16.922285+00:00
412446784,MINLONGYU09818,fishing,,412,China,中國,17,critical,5,8.2,0.8,2,taiwan-penghu-kinmen-matsu-no-2-tpkm2;taiwan-penghu-kinmen-matsu-no-3-tpkm3,0.0,0,0,廈門 Xiamen,2026-08-25T01:57:17.245352+00:00,,,215.0,,24.31652,118.13008,eez,2026-09-06T04:04:01.481536+00:00
412447521,MINLIANYU61717,fishing,,412,China,中國,17,critical,6,4.8,0.5,0,eac-c2c;taiwan-penghu-kinmen-matsu-no-2-tpkm2;taiwan-penghu-kinmen-matsu-no-3-tpkm3;trans-pacific-express-tpe-cable-system,0.0,0,0,,,,,345.6,未觀測到靠港,26.2117,121.5578,eez,2026-09-05T20:49:42.874052+00:00
412450771,MINHUIYU00181,fishing,,412,China,中國,17,critical,1,0,,0,taiwan-matsu-no-4;taiwan-penghu-kinmen-matsu-no-2-tpkm2,0.0,0,0,,,,,488.6,未觀測到靠港,24.731383,119.262377,eez,2026-09-05T09:11:06.137565+00:00
412451696,MIN HUI YU 00118,fishing,,412,China,中國,17,critical,1,0,,0,taiwan-penghu-kinmen-matsu-no-2-tpkm2;taiwan-penghu-kinmen-matsu-no-3-tpkm3,0.0,0,0,,,,,370.7,未觀測到靠港,24.48307,119.56405,eez,2026-09-06T04:04:01.481536+00:00
412451747,MINLONGYU63817,fishing,,412,China,中國,17,critical,5,6.4,2.3,1,taiwan-penghu-kinmen-matsu-no-2-tpkm2;taiwan-penghu-kinmen-matsu-no-3-tpkm3,0.0,0,0,廈門 Xiamen,2026-08-25T01:57:17.245352+00:00,,,233.1,,24.32471,118.1157,eez,2026-09-07T04:03:02.203275+00:00
412481538,MINLIANYU60898,fishing,,412,China,中國,17,critical,7,17.6,2.8,1,taiwan-matsu-no-4;taiwan-penghu-kinmen-matsu-no-2-tpkm2;taiwan-penghu-kinmen-matsu-no-3-tpkm3;taiwan-strait-express-1-tse-1,0.0,0,0,,,,,380.9,未觀測到靠港,25.92546,120.76103,eez,2026-09-07T04:03:02.203275+00:00
412494419,MINLIANYU60086,fishing,,412,China,中國,17,critical,4,8.0,3.3,0,taiwan-matsu-no-4;taiwan-penghu-kinmen-matsu-no-2-tpkm2;taiwan-penghu-kinmen-matsu-no-3-tpkm3;taiwan-strait-express-1-tse-1,0.0,0,0,,,,,373.2,未觀測到靠港,26.26632,121.03338,eez,2026-09-06T14:46:16.922285+00:00
412501760,JIN HANG CHANG,cargo,,412,China,中國,17,critical,1,0,,0,taiwan-penghu-kinmen-matsu-no-2-tpkm2;taiwan-penghu-kinmen-matsu-no-3-tpkm3;taiwan-strait-express-1-tse-1,0.0,0,0,福州馬尾 Fuzhou-Mawei,2026-09-01T10:15:55.563560+00:00,,,49.8,,25.07928,119.53294,eez,2026-09-03T15:37:40.614154+00:00
412570730,HAI YING 16,cargo,,412,China,中國,17,critical,7,0,,0,taiwan-penghu-kinmen-matsu-no-3-tpkm3;taiwan-strait-express-1-tse-1,0.0,0,0,福清灣/海壇 Fuqing,2026-08-28T11:34:06.990542+00:00,福清灣/海壇 Fuqing,2026-09-06T04:52:03.960094+00:00,199.6,,25.940767,119.3841,eez,2026-09-07T04:03:02.203275+00:00
412703440,RONG HUA 889,cargo,,412,China,中國,17,critical,2,2.7,,0,taiwan-penghu-kinmen-matsu-no-2-tpkm2;taiwan-penghu-kinmen-matsu-no-3-tpkm3;taiwan-strait-express-1-tse-1,0.0,0,0,同安灣/廈門灣北 Tongan,2026-08-28T11:34:06.990542+00:00,莆田湄洲灣 Putian,2026-08-31T05:49:54.519009+00:00,56.5,,25.0466,119.059833,eez,2026-08-31T05:49:54.519009+00:00
413206690,HAIXIAFANGZHOU,cargo,,413,China,中國,17,critical,1,0,,0,taiwan-penghu-kinmen-matsu-no-2-tpkm2;taiwan-penghu-kinmen-matsu-no-3-tpkm3,0.0,0,0,廈門 Xiamen,2026-08-31T04:58:30.564755+00:00,,,12.8,,24.452498,117.981867,eez,2026-08-31T18:36:53.316921+00:00
413221780,HUA XIN CHANG HE,cargo,,413,China,中國,17,critical,3,0,,0,taiwan-penghu-kinmen-matsu-no-2-tpkm2;taiwan-penghu-kinmen-matsu-no-3-tpkm3;taiwan-strait-express-1-tse-1,0.0,0,0,廈門 Xiamen,2026-09-05T15:42:59.107474+00:00,,,33.4,,24.939983,119.116347,eez,2026-09-07T04:03:02.203275+00:00
413223720,HENG FENG YOU 15,tanker,,413,China,中國,17,critical,7,0,,0,taiwan-penghu-kinmen-matsu-no-3-tpkm3;taiwan-strait-express-1-tse-1,6.9,0,0,福清灣/海壇 Fuqing,2026-08-28T05:01:48.482487+00:00,,,233.1,,26.203662,119.826067,eez,2026-09-07T04:03:02.203275+00:00
413231260,HAI XIANG 558,cargo,,413,China,中國,17,critical,6,0,,0,taiwan-strait-express-1-tse-1,3.3,0,0,,,,,357.9,未觀測到靠港,26.302772,119.93556,eez,2026-09-05T09:11:06.137565+00:00
413277380,HEHUI,cargo,,413,China,中國,17,critical,3,0,,0,eac-c2c;taiwan-penghu-kinmen-matsu-no-3-tpkm3;taiwan-strait-express-1-tse-1,6.4,0,0,台北港 Taipei,2026-08-16T07:06:24.471320+00:00,,,524.2,,25.219712,121.022865,territorial_sea,2026-09-07T04:03:02.203275+00:00
413305640,ZHONG HAI YOU 668,tanker,,413,China,中國,17,critical,7,28.0,0.3,0,taiwan-penghu-kinmen-matsu-no-2-tpkm2;taiwan-penghu-kinmen-matsu-no-3-tpkm3;taiwan-strait-express-1-tse-1,0.0,0,0,閩江口錨地 Minjiangkou,2026-08-30T15:52:29.078583+00:00,,,174.2,,26.409473,119.927547,eez,2026-09-07T00:30:10.743445+00:00
413315130,LONG MEN ZHI XING,cargo,,413,China,中國,17,critical,2,0,,0,cross-straits-cable-network;taiwan-penghu-kinmen-matsu-no-2-tpkm2;taiwan-penghu-kinmen-matsu-no-3-tpkm3,0.0,0,0,廈門 Xiamen,2026-09-06T12:28:17.682022+00:00,深滬灣/圍頭東 Shenhu,2026-09-06T15:54:14.180092+00:00,0.0,,24.539445,118.37848,eez,2026-09-07T04:03:02.203275+00:00
413365250,JIN PENG 518,cargo,,413,China,中國,17,critical,2,0,,0,apcn-2;cross-straits-cable-network;taiwan-penghu-kinmen-matsu-no-2-tpkm2;taiwan-penghu-kinmen-matsu-no-3-tpkm3,0.0,0,0,大嶝/圍頭灣 Weitou,2026-08-27T21:40:15.702771+00:00,,,16.6,,24.375873,118.476177,eez,2026-08-28T21:39:12.654619+00:00
413371410,BAO XIN HAI,cargo,,413,China,中國,17,critical,7,15.5,0.2,0,taiwan-penghu-kinmen-matsu-no-2-tpkm2;taiwan-penghu-kinmen-matsu-no-3-tpkm3,1.2,0,0,深滬灣/圍頭東 Shenhu,2026-08-29T13:14:06.253758+00:00,,,193.8,,27.01433,120.553558,eez,2026-09-06T15:54:14.180092+00:00
413381830,TENG YUN HE,cargo,,413,China,中國,17,critical,5,8.2,2.2,0,apcn-2;eac-c2c;faster;taiwan-matsu-no-4;taiwan-penghu-kinmen-matsu-no-2-tpkm2;taiwan-penghu-kinmen-matsu-no-3-tpkm3;trans-pacific-express-tpe-cable-system,0.0,0,0,小港臨海新村漁港 Xiaogang,2026-09-03T15:37:40.614154+00:00,,,15.5,,25.980085,121.393607,eez,2026-09-04T09:46:09.453323+00:00
413457320,ZHE JIAO BO 6 6,cargo,,413,China,中國,17,critical,1,0.5,,0,cross-straits-cable-network;taiwan-penghu-kinmen-matsu-no-2-tpkm2;taiwan-penghu-kinmen-matsu-no-3-tpkm3,0.0,0,0,大嶝/圍頭灣 Weitou,2026-09-05T12:13:46.310257+00:00,,,0.0,,24.35911,118.23544,eez,2026-09-05T14:24:01.115311+00:00
413500220,YUANSHUNDA8,cargo,,413,China,中國,17,critical,7,2.3,,0,taiwan-penghu-kinmen-matsu-no-2-tpkm2;taiwan-penghu-kinmen-matsu-no-3-tpkm3;taiwan-strait-express-1-tse-1,0.0,0,0,廈門 Xiamen,2026-08-31T16:32:04.528899+00:00,,,137.9,,26.443958,119.870067,eez,2026-09-06T12:28:17.682022+00:00
413529220,HE HAI DING BANG,cargo,,413,China,中國,17,critical,6,2.5,,0,asia-direct-cable-adc;seamewe-3;southeast-asia-japan-cable-sjc;taiwan-penghu-kinmen-matsu-no-2-tpkm2;taiwan-penghu-kinmen-matsu-no-3-tpkm3,0.0,0,0,汕頭港外 Shantou-appr,2026-09-06T00:23:27.934172+00:00,,,24.0,,24.753582,118.80536,eez,2026-09-07T04:03:02.203275+00:00
413555110,WAN XIANG 388,cargo,,413,China,中國,17,critical,7,0,,0,cross-straits-cable-network;taiwan-penghu-kinmen-matsu-no-2-tpkm2;taiwan-penghu-kinmen-matsu-no-3-tpkm3,0.0,0,0,大嶝/圍頭灣 Weitou,2026-08-29T18:01:43.259492+00:00,大嶝/圍頭灣 Weitou,2026-08-30T04:54:33.141207+00:00,3.5,,24.532713,118.239235,eez,2026-09-07T04:03:02.203275+00:00
413557740,XUE YOU YANG SHAN,cargo,,413,China,中國,17,critical,1,0,,0,taiwan-penghu-kinmen-matsu-no-2-tpkm2;taiwan-penghu-kinmen-matsu-no-3-tpkm3;taiwan-strait-express-1-tse-1,0.0,0,0,湄洲灣泉港 Meizhouwan,2026-08-25T21:18:40.677233+00:00,,,139.3,,24.338298,118.246533,eez,2026-08-31T18:36:53.316921+00:00
413620090,HUISHI6,cargo,,413,China,中國,17,critical,7,0,,0,taiwan-strait-express-1-tse-1,0.0,0,0,福州馬尾 Fuzhou-Mawei,2026-08-29T07:12:39.299265+00:00,,,128.3,,27.694103,120.697387,eez,2026-09-03T21:31:20.880272+00:00
413702550,FU XIN518,cargo,,413,China,中國,17,critical,1,0,,0,taiwan-strait-express-1-tse-1,13.4,0,0,,,,,618.1,未觀測到靠港,26.131295,119.72448,eez,2026-09-07T04:03:02.203275+00:00
413703240,RONGHAI99,cargo,,413,China,中國,17,critical,7,0,,0,taiwan-penghu-kinmen-matsu-no-2-tpkm2;taiwan-penghu-kinmen-matsu-no-3-tpkm3,0.0,0,0,廈門 Xiamen,2026-08-29T07:12:39.299265+00:00,,,5.3,,23.284758,116.96044,eez,2026-08-29T21:24:09.012880+00:00
413703250,QIAN  HAI  83,cargo,,413,China,中國,17,critical,4,0,,0,taiwan-penghu-kinmen-matsu-no-2-tpkm2;taiwan-penghu-kinmen-matsu-no-3-tpkm3,6.0,0,0,廈門 Xiamen,2026-09-06T22:39:12.217794+00:00,,,3.5,,24.623833,118.762947,eez,2026-09-07T04:03:02.203275+00:00
413875033,CHINACOASTGUARD 2301,coastguard,coastguard,413,China,中國,17,critical,5,3.3,4.8,1,eac-c2c;taiwan-strait-express-1-tse-1;trans-pacific-express-tpe-cable-system,0.0,0,0,,,,,161.7,未觀測到靠港,25.99492,121.62347,eez,2026-09-06T22:39:12.217794+00:00
414401550,ANQIANG59,cargo,,414,China,中國,17,critical,1,0,,0,apcn-2;taiwan-penghu-kinmen-matsu-no-2-tpkm2;taiwan-strait-express-1-tse-1,0.0,0,0,蒼南 Cangnan,2026-08-22T08:54:02.375031+00:00,,,211.4,,26.049397,119.88105,eez,2026-08-31T18:36:53.316921+00:00
416000168,FENG NIAN,fishing,,416,Taiwan,台灣,17,critical,4,5.6,1.0,2,apcn-2;candle;e2a;eac-c2c;flag-north-asia-loopreach-north-asia-loop;h2-cable;southeast-asia-japan-cable-2-sjc2,0.0,0,0,長潭里漁港 Changtanli,2026-08-23T05:51:54.225811+00:00,,,78.3,,25.228218,121.844433,internal_waters,2026-09-04T04:00:17.162565+00:00
416001444,YONG MING HAO NO36,fishing,,416,Taiwan,台灣,17,critical,1,7.3,1.8,0,asia-pacific-gateway-apg;flag-north-asia-loopreach-north-asia-loop;h2-cable,0.0,0,0,大溪漁港 Daxi,2026-08-17T09:05:38.417026+00:00,大溪漁港 Daxi,2026-09-04T04:48:11.480190+00:00,414.7,,24.940593,121.899717,internal_waters,2026-09-04T04:48:11.480190+00:00
416002258,KAI JING,fishing,,416,Taiwan,台灣,17,critical,1,0,,0,apcn-2;asia-pacific-gateway-apg;e2a;flag-north-asia-loopreach-north-asia-loop;h2-cable,0.0,0,0,烏石漁港 Wushi,2026-08-12T05:11:14.429647+00:00,烏石漁港 Wushi,2026-09-01T01:31:13.238497+00:00,2.9,,24.868675,121.835363,internal_waters,2026-09-01T05:22:35.528216+00:00
416003991,WU ZHOU HUI FENG,cargo,,416,Taiwan,台灣,17,critical,3,0,,0,taiwan-penghu-kinmen-matsu-no-2-tpkm2;taiwan-penghu-kinmen-matsu-no-3-tpkm3,0.0,0,0,復國墩漁港 Fuguodun,2026-09-06T22:39:12.217794+00:00,深滬灣/圍頭東 Shenhu,2026-09-07T04:03:02.203275+00:00,0.0,,24.567067,118.47885,eez,2026-09-07T04:03:02.203275+00:00
416004028,DA LIU MEI NO.68,fishing,,416,Taiwan,台灣,17,critical,5,9.0,2.5,0,eac-c2c;trans-pacific-express-tpe-cable-system,0.0,0,0,淡水第一漁港 Tamsui1,2026-09-03T18:14:46.249326+00:00,淡水第一漁港 Tamsui1,2026-09-04T04:00:17.162565+00:00,3.0,,25.183705,121.410442,internal_waters,2026-09-05T03:57:25.117144+00:00
440187000,JN IRIS,tanker,,440,Korea,韓國,17,critical,7,12.6,0.0,0,eac-c2c;taiwan-strait-express-1-tse-1;trans-pacific-express-tpe-cable-system,0.0,1,0,台中港 Taichung,2026-08-21T05:00:30.100916+00:00,,,30.5,,26.362333,122.208433,eez,2026-08-22T12:26:21.545854+00:00
477524300,MILD TUNE,cargo,,477,Hong Kong,香港,17,critical,7,6.6,1.2,0,taiwan-matsu-no-4;taiwan-penghu-kinmen-matsu-no-2-tpkm2;taiwan-penghu-kinmen-matsu-no-3-tpkm3,0.0,0,0,廈門 Xiamen,2026-08-25T09:25:20.380906+00:00,,,178.2,,27.542587,121.334895,eez,2026-09-01T21:30:26.489832+00:00
538008593,SC MONTREUX,cargo,,538,Marshall Is,馬紹爾群島,17,critical,4,13.0,2.5,2,apcn-2;eac-c2c,0.0,0,0,基隆港 Keelung,2026-09-03T21:31:20.880272+00:00,,,9.2,,26.674858,122.226032,eez,2026-09-04T09:46:09.453323+00:00
538011576,IOANNA FORCE,cargo,,538,Marshall Is,馬紹爾群島,17,critical,1,5.9,1.3,0,asia-direct-cable-adc;seamewe-3,0.6,0,0,,,,,19.2,未觀測到靠港,22.03872,117.0208,eez,2026-08-09T04:42:12.218184+00:00
563312900,EVER WORLD,cargo,,563,Singapore,新加坡,17,critical,4,0,,0,eac-c2c;taiwan-matsu-no-4;taiwan-penghu-kinmen-matsu-no-2-tpkm2;taiwan-penghu-kinmen-matsu-no-3-tpkm3;trans-pacific-express-tpe-cable-system,0.0,0,0,鳳鼻頭漁港 Fengbitou,2026-08-26T05:56:16.418704+00:00,,,271.5,,26.303632,122.88949,eez,2026-09-06T14:46:16.922285+00:00
613503100,DG HONG KONG,tanker,,613,Cameroon,喀麥隆,17,critical,1,3.1,0.9,0,eac-c2c;seamewe-3;taiwan-penghu-kinmen-matsu-no-2-tpkm2,0.0,1,1,,,,,37.9,未觀測到靠港,26.607667,121.954243,eez,2026-08-09T23:21:33.187820+00:00
613617404,LORIAN,tanker,,613,Cameroon,喀麥隆,17,critical,1,0,,0,apcn-2;asia-united-gateway-east-aug-east;seamewe-3,0.0,1,1,,,,,362.4,未觀測到靠港,21.522203,120.80986,contiguous_zone,2026-09-04T04:00:17.162565+00:00
620999903,MAGICIAN 66,cargo,,620,Comoros,葛摩,17,critical,7,36.0,0.4,0,eac-c2c;taiwan-penghu-kinmen-matsu-no-3-tpkm3;taiwan-strait-express-1-tse-1;trans-pacific-express-tpe-cable-system,0.0,1,0,,,,,428.8,未觀測到靠港,22.859485,119.47992,territorial_sea,2026-09-05T03:57:25.117144+00:00
631010157,HUIZHOU,tanker,,631,Equ. Guinea,赤道幾內亞,17,critical,7,22.1,2.1,1,eac-c2c;taiwan-penghu-kinmen-matsu-no-2-tpkm2;taiwan-penghu-kinmen-matsu-no-3-tpkm3;taiwan-strait-express-1-tse-1;trans-pacific-express-tpe-cable-system,0.0,1,0,,,,,392.7,未觀測到靠港,25.478192,120.633558,eez,2026-09-05T03:57:25.117144+00:00
631656711,NEXOR,tanker,,631,Equ. Guinea,赤道幾內亞,17,critical,1,3.1,0.1,0,asia-direct-cable-adc;taiwan-penghu-kinmen-matsu-no-2-tpkm2;taiwan-penghu-kinmen-matsu-no-3-tpkm3,0.0,1,1,,,,,258.6,未觀測到靠港,23.092748,117.545042,eez,2026-08-19T04:04:25.341544+00:00
636019761,EASTERN POSEIDON,tanker,,636,Liberia,賴比瑞亞,17,critical,5,16.3,1.6,3,eac-c2c;faster;taiwan-strait-express-1-tse-1;trans-pacific-express-tpe-cable-system,0.0,0,0,,,,,151.5,未觀測到靠港,25.164605,121.394153,internal_waters,2026-09-04T04:00:17.162565+00:00
636026639,MMSI-636026639,cargo,,636,Liberia,賴比瑞亞,17,critical,2,0,,0,eac-c2c;taiwan-penghu-kinmen-matsu-no-2-tpkm2;taiwan-penghu-kinmen-matsu-no-3-tpkm3;trans-pacific-express-tpe-cable-system,0.0,0,0,,,,,400.6,未觀測到靠港,22.407217,118.969983,eez,2026-08-25T21:18:40.677233+00:00
667002605,MMSI-667002605,tanker,,667,Sierra Leone,獅子山,17,critical,7,88.1,0.7,0,eac-c2c;taiwan-penghu-kinmen-matsu-no-3-tpkm3;taiwan-strait-express-1-tse-1;trans-pacific-express-tpe-cable-system,0.0,1,0,,,,,563.3,未觀測到靠港,24.805655,120.169973,contiguous_zone,2026-09-04T21:09:37.313817+00:00
671573100,MT.GOLDEN SUNRISE,tanker,,671,Togo,多哥,17,critical,7,21.9,2.4,1,eac-c2c;taiwan-matsu-no-4;taiwan-penghu-kinmen-matsu-no-2-tpkm2;taiwan-penghu-kinmen-matsu-no-3-tpkm3;taiwan-strait-express-1-tse-1;trans-pacific-express-tpe-cable-system,0.0,1,0,,,,,570.1,未觀測到靠港,24.345367,119.74745,contiguous_zone,2026-09-05T03:57:25.117144+00:00
677011100,HAI FA,cargo,,677,Tanzania,坦尚尼亞,17,critical,4,3.5,0.1,1,taiwan-penghu-kinmen-matsu-no-2-tpkm2;taiwan-penghu-kinmen-matsu-no-3-tpkm3,17.2,1,0,,,安平商港區 Anping-basin,2026-09-05T12:13:46.310257+00:00,570.8,,22.978473,120.17369,internal_waters,2026-09-07T04:03:02.203275+00:00
200010607,NETFISHING       8V1,unknown,,200,Unknown,未知,16,critical,6,4.8,1.8,0,asia-united-gateway-east-aug-east;flag-north-asia-loopreach-north-asia-loop,0.0,1,0,,,南方澳漁港 Nanfangao,2026-09-05T03:57:25.117144+00:00,445.9,,24.589932,121.887677,internal_waters,2026-09-05T03:57:25.117144+00:00
200010609,NETFISHING       8V0,unknown,,200,Unknown,未知,16,critical,7,3.2,1.8,0,asia-united-gateway-east-aug-east,0.0,1,0,,,,,580.4,未觀測到靠港,24.579993,121.902562,territorial_sea,2026-09-05T03:57:25.117144+00:00
200010616,NETFISHING       7V9,unknown,,200,Unknown,未知,16,critical,6,5.0,2.6,0,asia-united-gateway-east-aug-east,0.0,1,0,,,,,578.0,未觀測到靠港,23.906073,122.448995,eez,2026-09-04T09:46:09.453323+00:00
205433000,MMSI-205433000,cargo,,205,Belgium,比利時,16,critical,7,17.4,1.1,0,eac-c2c;taiwan-penghu-kinmen-matsu-no-2-tpkm2;taiwan-penghu-kinmen-matsu-no-3-tpkm3;taiwan-strait-express-1-tse-1;trans-pacific-express-tpe-cable-system,0.0,1,0,麗水漁港 Lishui,2026-08-16T15:12:17.466969+00:00,,,176.9,,27.034815,121.981958,eez,2026-08-24T02:03:27.398663+00:00
210721000,NAVIOS NERINE,cargo,,210,Cyprus,賽普勒斯,16,critical,2,5.9,1.2,0,apcn-2;eac-c2c;seamewe-3;taiwan-matsu-no-4;taiwan-penghu-kinmen-matsu-no-2-tpkm2;taiwan-penghu-kinmen-matsu-no-3-tpkm3;taiwan-strait-express-1-tse-1,0.0,1,0,廈門 Xiamen,2026-08-20T21:22:25.253536+00:00,,,238.5,,26.4117,120.214112,eez,2026-08-30T21:44:18.641860+00:00
26005602,CT2-5602-16      8V3,unknown,,260,Unknown,未知,16,critical,4,3.9,0.7,2,apcn-2;e2a;eac-c2c;southeast-asia-japan-cable-2-sjc2,0.0,1,0,,,,,31.3,未觀測到靠港,25.18942,122.177507,territorial_sea,2026-09-03T04:47:18.082694+00:00
27005602,CT2-5602-17      7V9,unknown,,270,Czech Republic,捷克,16,critical,3,10.1,1.2,0,apcn-2;asia-pacific-gateway-apg;eac-c2c;h2-cable;new-cross-pacific-ncp-cable-system,0.0,1,0,烏石漁港 Wushi,2026-08-31T01:00:40.959031+00:00,,,56.6,,25.26251,122.357077,contiguous_zone,2026-09-04T00:32:15.198838+00:00
311002380,AH HIRYU,cargo,,311,Bahamas,巴哈馬,16,critical,1,10.7,0.2,0,taiwan-penghu-kinmen-matsu-no-3-tpkm3;taiwan-strait-express-1-tse-1,7.8,1,0,,,,,193.9,未觀測到靠港,27.038817,121.36155,eez,2026-08-16T17:12:02.175926+00:00
314845000,MMSI-314845000,tanker,,314,Barbados,巴貝多,16,critical,3,18.9,1.6,5,taiwan-penghu-kinmen-matsu-no-2-tpkm2;trans-pacific-express-tpe-cable-system,1.3,1,0,麗水漁港 Lishui,2026-09-04T15:36:37.054727+00:00,,,34.2,,24.40625,120.4116,internal_waters,2026-09-06T04:04:01.481536+00:00
341247002,ETERNELLE,cargo,,341,St Kitts Nevis,聖克里斯多福,16,critical,4,0,,0,,13.2,1,0,,,,,592.3,未觀測到靠港,24.18442,119.636907,contiguous_zone,2026-09-04T04:00:17.162565+00:00
352005250,EARTH TWIN,cargo,,352,Panama,巴拿馬,16,critical,5,0,,0,apcn-2;asia-united-gateway-east-aug-east;eac-c2c;faster;taiwan-penghu-kinmen-matsu-no-3-tpkm3;taiwan-strait-express-1-tse-1,0.0,0,0,前鎮漁港 Qianzhen,2026-08-27T04:09:01.110749+00:00,,,46.5,,23.236757,122.737195,eez,2026-08-29T07:12:39.299265+00:00
412000883,00883,fishing,,412,China,中國,16,critical,1,0.5,,0,taiwan-strait-express-1-tse-1,0.0,0,0,,,,,236.6,未觀測到靠港,26.103798,119.795985,eez,2026-08-22T12:26:21.545854+00:00
412063180,MIN DONG YU 63180,fishing,,412,China,中國,16,critical,2,0,,0,,0.0,0,0,漳州東山 Dongshan,2026-09-06T12:28:17.682022+00:00,,,13.3,,23.5461,117.51102,eez,2026-09-07T04:03:02.203275+00:00
412066758,66758,unknown,,412,China,中國,16,critical,1,2.6,,0,taiwan-penghu-kinmen-matsu-no-2-tpkm2;taiwan-penghu-kinmen-matsu-no-3-tpkm3,0.0,0,0,,,,,347.1,未觀測到靠港,24.04266,118.641,eez,2026-09-07T00:30:10.743445+00:00
412380660,TUAN JIE FANG ZHOU,cargo,,412,China,中國,16,critical,7,0,,0,taiwan-penghu-kinmen-matsu-no-2-tpkm2;taiwan-penghu-kinmen-matsu-no-3-tpkm3;taiwan-strait-express-1-tse-1,0.0,0,0,廈門 Xiamen,2026-09-06T12:28:17.682022+00:00,,,9.7,,25.123367,119.59164,eez,2026-09-07T00:30:10.743445+00:00
412441037,MINLIANYU60407,fishing,,412,China,中國,16,critical,7,10.0,3.4,1,taiwan-matsu-no-4;taiwan-penghu-kinmen-matsu-no-2-tpkm2;taiwan-strait-express-1-tse-1,0.0,0,0,,,,,373.2,未觀測到靠港,25.95632,120.7321,eez,2026-09-06T14:46:16.922285+00:00
412441056,MINLIANYU60135,fishing,,412,China,中國,16,critical,6,14.4,0.2,1,taiwan-penghu-kinmen-matsu-no-3-tpkm3,0.0,0,0,,,,,365.3,未觀測到靠港,26.30547,120.39711,eez,2026-09-05T14:24:01.115311+00:00
412441075,MINLIANYU61785,fishing,,412,China,中國,16,critical,7,9.0,2.4,2,taiwan-matsu-no-4;taiwan-penghu-kinmen-matsu-no-2-tpkm2;taiwan-penghu-kinmen-matsu-no-3-tpkm3;taiwan-strait-express-1-tse-1,0.0,0,0,,,,,371.6,未觀測到靠港,25.86141,120.32232,eez,2026-09-06T14:46:16.922285+00:00
412441139,MINLIANYU,fishing,,412,China,中國,16,critical,7,17.8,1.8,2,taiwan-matsu-no-4;taiwan-penghu-kinmen-matsu-no-3-tpkm3,0.0,0,0,,,,,380.9,未觀測到靠港,26.28605,120.33171,eez,2026-09-07T04:03:02.203275+00:00
412441145,MINLIANYU60057,fishing,,412,China,中國,16,critical,1,0.8,,0,taiwan-penghu-kinmen-matsu-no-3-tpkm3,0.0,0,0,,,,,357.4,未觀測到靠港,26.37193,119.94593,eez,2026-09-05T18:40:14.211911+00:00
412441196,MINLIANYU60401,fishing,,412,China,中國,16,critical,3,5.9,2.2,0,taiwan-matsu-no-4;taiwan-penghu-kinmen-matsu-no-2-tpkm2;taiwan-penghu-kinmen-matsu-no-3-tpkm3;taiwan-strait-express-1-tse-1,0.0,0,0,,,,,373.2,未觀測到靠港,25.97827,120.68419,eez,2026-09-06T14:46:16.922285+00:00
412441202,MINLIANYU60079,fishing,,412,China,中國,16,critical,7,15.2,2.2,3,taiwan-matsu-no-4;taiwan-penghu-kinmen-matsu-no-3-tpkm3;taiwan-strait-express-1-tse-1,0.0,0,0,,,,,380.9,未觀測到靠港,25.87754,120.30227,eez,2026-09-07T04:03:02.203275+00:00
412441235,MINLIANYU61757,fishing,,412,China,中國,16,critical,4,2.9,,0,taiwan-matsu-no-4;taiwan-penghu-kinmen-matsu-no-2-tpkm2;taiwan-penghu-kinmen-matsu-no-3-tpkm3,0.0,0,0,,,,,363.3,未觀測到靠港,26.00457,120.88345,eez,2026-09-06T04:52:03.960094+00:00
412441236,MINLIANYU68975,fishing,,412,China,中國,16,critical,7,4.7,1.6,1,taiwan-matsu-no-4;taiwan-penghu-kinmen-matsu-no-3-tpkm3;taiwan-strait-express-1-tse-1,0.0,0,0,,,,,577.0,未觀測到靠港,25.931438,120.321298,eez,2026-09-07T04:03:02.203275+00:00
412441268,MINLIANYU61518,fishing,,412,China,中國,16,critical,4,6.6,2.3,0,taiwan-matsu-no-4;taiwan-penghu-kinmen-matsu-no-3-tpkm3;taiwan-strait-express-1-tse-1,0.0,0,0,,,,,367.9,未觀測到靠港,25.8927,120.10843,eez,2026-09-06T09:32:13.465682+00:00
412441297,MINLIANYU60081,fishing,,412,China,中國,16,critical,4,12.8,3.5,3,taiwan-matsu-no-4;taiwan-penghu-kinmen-matsu-no-3-tpkm3;taiwan-strait-express-1-tse-1,0.0,0,0,,,,,372.9,未觀測到靠港,25.738242,120.263155,eez,2026-09-05T00:28:43.331771+00:00
412441325,MINLIANYU60085,fishing,,412,China,中國,16,critical,3,8.1,3.0,1,taiwan-matsu-no-4;taiwan-penghu-kinmen-matsu-no-3-tpkm3;taiwan-strait-express-1-tse-1,0.0,0,0,,,,,357.8,未觀測到靠港,25.82039,120.2845,eez,2026-09-06T04:52:03.960094+00:00
412441385,MINLIANYU68979,fishing,,412,China,中國,16,critical,2,8.8,1.0,0,taiwan-strait-express-1-tse-1,0.0,0,0,,,,,280.2,未觀測到靠港,26.88517,120.9167,eez,2026-08-31T05:49:54.519009+00:00
412441388,MINLIANYU68863,fishing,,412,China,中國,16,critical,4,11.5,1.4,3,taiwan-penghu-kinmen-matsu-no-3-tpkm3;taiwan-strait-express-1-tse-1,0.0,0,0,,,,,358.9,未觀測到靠港,26.00664,119.83186,eez,2026-09-05T03:57:25.117144+00:00
412441409,MINLIANYU60075,fishing,,412,China,中國,16,critical,4,7.2,3.3,2,taiwan-matsu-no-4;taiwan-penghu-kinmen-matsu-no-3-tpkm3;taiwan-strait-express-1-tse-1,0.0,0,0,,,,,363.3,未觀測到靠港,25.83956,120.32271,eez,2026-09-06T04:52:03.960094+00:00
412441472,MIN LIAN YU 61958,fishing,,412,China,中國,16,critical,3,15.7,2.6,0,taiwan-matsu-no-4;taiwan-penghu-kinmen-matsu-no-2-tpkm2;taiwan-penghu-kinmen-matsu-no-3-tpkm3;taiwan-strait-express-1-tse-1,0.0,0,0,,,,,362.4,未觀測到靠港,25.90541,120.38948,eez,2026-09-06T09:32:13.465682+00:00
412441495,MINLIANYU60333,fishing,,412,China,中國,16,critical,5,7.2,2.9,0,taiwan-matsu-no-4;taiwan-penghu-kinmen-matsu-no-2-tpkm2;taiwan-penghu-kinmen-matsu-no-3-tpkm3;taiwan-strait-express-1-tse-1,0.0,0,0,,,,,339.1,未觀測到靠港,26.59428,120.817,eez,2026-09-04T04:48:11.480190+00:00
412441531,MINLIANYU61883,fishing,,412,China,中國,16,critical,2,2.1,,0,taiwan-penghu-kinmen-matsu-no-3-tpkm3;taiwan-strait-express-1-tse-1,0.0,0,0,,,,,329.5,未觀測到靠港,25.92494,120.67236,eez,2026-09-03T04:47:18.082694+00:00
412441561,MINLIANYU60080,fishing,,412,China,中國,16,critical,7,15.2,2.4,3,taiwan-matsu-no-4;taiwan-penghu-kinmen-matsu-no-3-tpkm3;taiwan-strait-express-1-tse-1,0.0,0,0,,,,,370.9,未觀測到靠港,25.93916,120.23089,eez,2026-09-06T12:28:17.682022+00:00
412441631,MINLIANYU60005,fishing,,412,China,中國,16,critical,7,28.4,3.7,1,taiwan-matsu-no-4;taiwan-penghu-kinmen-matsu-no-3-tpkm3;taiwan-strait-express-1-tse-1,0.0,0,0,,,,,380.9,未觀測到靠港,25.86977,120.27644,eez,2026-09-07T04:03:02.203275+00:00
412441655,MINLIANYU60487,fishing,,412,China,中國,16,critical,1,5.2,3.4,1,taiwan-matsu-no-4;taiwan-penghu-kinmen-matsu-no-2-tpkm2;taiwan-penghu-kinmen-matsu-no-3-tpkm3,0.0,0,0,泉州 Quanzhou,2026-09-03T00:53:07.140559+00:00,,,78.3,,24.69733,118.99525,eez,2026-09-07T00:30:10.743445+00:00
412441699,MIN LIAN YU 68888,fishing,,412,China,中國,16,critical,7,10.6,2.8,2,taiwan-matsu-no-4;taiwan-penghu-kinmen-matsu-no-2-tpkm2;taiwan-penghu-kinmen-matsu-no-3-tpkm3;taiwan-strait-express-1-tse-1,0.0,0,0,,,,,357.8,未觀測到靠港,25.88472,120.42425,eez,2026-09-06T04:52:03.960094+00:00
412441837,MINLIANYU6093,fishing,,412,China,中國,16,critical,1,0,,0,taiwan-matsu-no-4;taiwan-penghu-kinmen-matsu-no-3-tpkm3;taiwan-strait-express-1-tse-1,0.0,0,0,,,,,299.9,未觀測到靠港,26.36313,119.92427,eez,2026-09-01T01:31:13.238497+00:00
412441888,MINLIANYU60014,fishing,,412,China,中國,16,critical,7,14.3,3.6,3,taiwan-matsu-no-4;taiwan-penghu-kinmen-matsu-no-3-tpkm3;taiwan-strait-express-1-tse-1,0.0,0,0,,,,,380.9,未觀測到靠港,25.85906,120.299,eez,2026-09-07T04:03:02.203275+00:00
412441964,MINLIANYUYUN60087,fishing,,412,China,中國,16,critical,1,3.5,0.3,1,taiwan-penghu-kinmen-matsu-no-2-tpkm2;taiwan-penghu-kinmen-matsu-no-3-tpkm3,0.0,0,0,,,,,358.9,未觀測到靠港,26.42881,120.66821,eez,2026-09-05T03:57:25.117144+00:00
412441977,MINLIANYU61765,fishing,,412,China,中國,16,critical,7,9.5,2.9,1,taiwan-matsu-no-4;taiwan-penghu-kinmen-matsu-no-2-tpkm2;taiwan-penghu-kinmen-matsu-no-3-tpkm3;taiwan-strait-express-1-tse-1,0.0,0,0,,,,,380.9,未觀測到靠港,26.320432,119.881517,eez,2026-08-26T03:29:57.399731+00:00
412442238,MINLIANYUYUN60937,fishing,,412,China,中國,16,critical,3,20.2,1.6,2,taiwan-matsu-no-4;taiwan-penghu-kinmen-matsu-no-3-tpkm3,0.0,0,0,,,,,217.1,未觀測到靠港,26.19635,120.08569,eez,2026-09-07T04:03:02.203275+00:00
412442287,MINLIANYU60038,fishing,,412,China,中國,16,critical,3,10.1,3.4,3,taiwan-matsu-no-4;taiwan-penghu-kinmen-matsu-no-3-tpkm3;taiwan-strait-express-1-tse-1,0.0,0,0,,,,,370.9,未觀測到靠港,25.85082,120.21161,eez,2026-09-06T12:28:17.682022+00:00
412442336,MINLIANYU60010,fishing,,412,China,中國,16,critical,5,6.3,3.0,2,eac-c2c;taiwan-matsu-no-4;taiwan-penghu-kinmen-matsu-no-3-tpkm3;taiwan-strait-express-1-tse-1;trans-pacific-express-tpe-cable-system,0.0,0,0,,,,,365.4,未觀測到靠港,25.87126,120.25102,eez,2026-09-06T12:28:17.682022+00:00
412442348,MINLIANYU60927,fishing,,412,China,中國,16,critical,5,12.2,3.1,0,taiwan-matsu-no-4;taiwan-penghu-kinmen-matsu-no-2-tpkm2;taiwan-penghu-kinmen-matsu-no-3-tpkm3;taiwan-strait-express-1-tse-1,0.0,0,0,,,,,349.9,未觀測到靠港,26.24367,120.68298,eez,2026-09-04T15:36:37.054727+00:00
412442386,MINLIANYU67777,fishing,,412,China,中國,16,critical,7,10.1,2.6,1,taiwan-matsu-no-4;taiwan-penghu-kinmen-matsu-no-2-tpkm2;taiwan-penghu-kinmen-matsu-no-3-tpkm3;taiwan-strait-express-1-tse-1,0.0,0,0,,,,,366.8,未觀測到靠港,25.79655,120.45861,eez,2026-09-06T04:04:01.481536+00:00
412442435,MINLIANYU60022,fishing,,412,China,中國,16,critical,7,15.7,3.0,3,taiwan-matsu-no-4;taiwan-penghu-kinmen-matsu-no-2-tpkm2;taiwan-penghu-kinmen-matsu-no-3-tpkm3;taiwan-strait-express-1-tse-1,0.0,0,0,,,,,373.2,未觀測到靠港,25.85637,120.32904,eez,2026-09-06T14:46:16.922285+00:00
412442489,MINCHANGYU23038,fishing,,412,China,中國,16,critical,7,38.4,1.1,0,taiwan-matsu-no-4;taiwan-penghu-kinmen-matsu-no-3-tpkm3;taiwan-strait-express-1-tse-1,0.0,0,0,閩江口錨地 Minjiangkou,2026-09-03T18:14:46.249326+00:00,,,60.9,,25.84217,119.7736,eez,2026-09-06T22:39:12.217794+00:00
412442513,MINCHANGYU23326,fishing,,412,China,中國,16,critical,3,8.8,0.2,0,taiwan-strait-express-1-tse-1,0.0,0,0,,,,,375.5,未觀測到靠港,25.88877,119.71932,eez,2026-09-06T22:39:12.217794+00:00
412442808,MINCHANGYU23037,fishing,,412,China,中國,16,critical,6,44.2,1.4,0,taiwan-penghu-kinmen-matsu-no-3-tpkm3;taiwan-strait-express-1-tse-1,0.0,0,0,,,,,365.4,未觀測到靠港,25.92249,119.80111,eez,2026-09-06T12:28:17.682022+00:00
412442963,MINLIANYU69998,fishing,,412,China,中國,16,critical,7,11.8,1.7,5,taiwan-matsu-no-4;taiwan-penghu-kinmen-matsu-no-2-tpkm2;taiwan-penghu-kinmen-matsu-no-3-tpkm3;taiwan-strait-express-1-tse-1,0.0,0,0,,,,,373.2,未觀測到靠港,25.87225,120.36453,eez,2026-09-06T14:46:16.922285+00:00
412443024,MINCHANGYU23165,fishing,,412,China,中國,16,critical,4,3.8,1.7,0,taiwan-matsu-no-4;taiwan-penghu-kinmen-matsu-no-3-tpkm3;taiwan-strait-express-1-tse-1,0.0,0,0,閩江口錨地 Minjiangkou,2026-09-06T04:52:03.960094+00:00,閩江口錨地 Minjiangkou,2026-09-06T20:57:13.599682+00:00,6.3,,26.04813,119.59775,eez,2026-09-06T20:57:13.599682+00:00
412443289,MINLIANYU60286,fishing,,412,China,中國,16,critical,7,9.8,3.0,1,taiwan-matsu-no-4;taiwan-penghu-kinmen-matsu-no-2-tpkm2;taiwan-penghu-kinmen-matsu-no-3-tpkm3;taiwan-strait-express-1-tse-1,0.0,0,0,,,,,380.9,未觀測到靠港,25.99667,120.97927,eez,2026-09-07T04:03:02.203275+00:00
412443513,MINLIANYU60967,fishing,,412,China,中國,16,critical,6,18.3,2.7,0,taiwan-matsu-no-4;taiwan-penghu-kinmen-matsu-no-3-tpkm3;taiwan-strait-express-1-tse-1,0.0,0,0,,,,,349.7,未觀測到靠港,25.85104,120.2646,eez,2026-09-05T20:49:42.874052+00:00
412444151,MIN LONG YU 60589,fishing,,412,China,中國,16,critical,1,0,,0,taiwan-penghu-kinmen-matsu-no-3-tpkm3,0.0,0,0,同安灣/廈門灣北 Tongan,2026-08-30T15:52:29.078583+00:00,,,10.7,,24.16689,118.63683,eez,2026-08-31T04:58:30.564755+00:00
412444159,MIN LONG YU 61882,fishing,,412,China,中國,16,critical,6,4.5,1.8,0,taiwan-penghu-kinmen-matsu-no-2-tpkm2;taiwan-penghu-kinmen-matsu-no-3-tpkm3,0.0,0,0,,,,,339.4,未觀測到靠港,24.85138,119.13809,eez,2026-09-06T22:39:12.217794+00:00
412444201,00C,fishing,,412,China,中國,16,critical,1,8.8,3.6,0,taiwan-penghu-kinmen-matsu-no-3-tpkm3,0.0,0,0,,,,,333.0,未觀測到靠港,24.28659,118.59472,eez,2026-09-07T00:30:10.743445+00:00
412444273,MINLONGYU09857,fishing,,412,China,中國,16,critical,6,6.8,1.5,1,taiwan-penghu-kinmen-matsu-no-2-tpkm2;taiwan-penghu-kinmen-matsu-no-3-tpkm3,0.0,0,0,廈門 Xiamen,2026-08-25T01:57:17.245352+00:00,,,103.5,,24.40691,117.97055,eez,2026-09-02T03:59:47.596863+00:00
412444396,MINLIANYU60269,fishing,,412,China,中國,16,critical,7,13.2,3.5,2,taiwan-matsu-no-4;taiwan-penghu-kinmen-matsu-no-2-tpkm2;taiwan-penghu-kinmen-matsu-no-3-tpkm3;taiwan-strait-express-1-tse-1,0.0,0,0,,,,,380.9,未觀測到靠港,26.19855,121.026,eez,2026-09-07T04:03:02.203275+00:00
412444525,61152,fishing,,412,China,中國,16,critical,2,9.6,3.4,0,taiwan-penghu-kinmen-matsu-no-2-tpkm2;taiwan-penghu-kinmen-matsu-no-3-tpkm3,0.0,0,0,,,,,314.3,未觀測到靠港,24.34853,118.75153,eez,2026-09-01T15:55:52.992796+00:00
412444577,MINLONGYU09875,fishing,,412,China,中國,16,critical,1,0,,0,taiwan-penghu-kinmen-matsu-no-3-tpkm3,0.0,0,0,大嶝/圍頭灣 Weitou,2026-08-31T16:32:04.528899+00:00,,,98.4,,24.301587,118.351927,eez,2026-09-04T21:09:37.313817+00:00
412444665,09873,fishing,,412,China,中國,16,critical,2,0,,0,taiwan-penghu-kinmen-matsu-no-3-tpkm3,0.0,0,0,廈門 Xiamen,2026-08-25T03:24:02.425571+00:00,,,90.5,,24.29593,118.17745,eez,2026-09-01T05:22:35.528216+00:00
412444922,MINLONGYU61819,fishing,,412,China,中國,16,critical,6,14.1,3.8,1,taiwan-penghu-kinmen-matsu-no-3-tpkm3,0.0,0,0,,,,,323.3,未觀測到靠港,24.13285,118.55741,eez,2026-09-06T14:46:16.922285+00:00
412444925,MIN LIAN YU61503,fishing,,412,China,中國,16,critical,2,0.3,,0,taiwan-matsu-no-4;taiwan-penghu-kinmen-matsu-no-3-tpkm3;taiwan-strait-express-1-tse-1,0.0,0,0,,,,,315.3,未觀測到靠港,25.82935,120.36873,eez,2026-09-02T00:40:45.000416+00:00
412444941,MIN LONG YU 60375,fishing,,412,China,中國,16,critical,7,3.6,3.5,2,taiwan-penghu-kinmen-matsu-no-2-tpkm2;taiwan-penghu-kinmen-matsu-no-3-tpkm3,0.0,0,0,,,,,338.3,未觀測到靠港,23.94165,118.64851,eez,2026-09-07T04:03:02.203275+00:00
412444982,MINLIANYU66577,fishing,,412,China,中國,16,critical,7,17.9,3.2,3,taiwan-matsu-no-4;taiwan-penghu-kinmen-matsu-no-2-tpkm2;taiwan-penghu-kinmen-matsu-no-3-tpkm3;taiwan-strait-express-1-tse-1,0.0,0,0,,,,,380.9,未觀測到靠港,26.36369,121.00512,eez,2026-09-07T04:03:02.203275+00:00
412445501,MINLIANYU60965,fishing,,412,China,中國,16,critical,7,12.2,2.8,1,taiwan-matsu-no-4;taiwan-penghu-kinmen-matsu-no-2-tpkm2;taiwan-penghu-kinmen-matsu-no-3-tpkm3;taiwan-strait-express-1-tse-1,0.0,0,0,,,,,380.9,未觀測到靠港,26.1335,120.94676,eez,2026-09-07T04:03:02.203275+00:00
412446443,MINLONGYU66656,fishing,,412,China,中國,16,critical,1,0,,0,taiwan-penghu-kinmen-matsu-no-3-tpkm3,0.0,0,0,廈門 Xiamen,2026-08-30T12:03:28.899785+00:00,廈門 Xiamen,2026-08-31T05:49:54.519009+00:00,0.0,,24.38853,118.10631,eez,2026-08-31T05:49:54.519009+00:00
412447648,MIN LIAN YU 60478,fishing,,412,China,中國,16,critical,7,6.1,2.6,0,taiwan-matsu-no-4;taiwan-penghu-kinmen-matsu-no-2-tpkm2;taiwan-penghu-kinmen-matsu-no-3-tpkm3;taiwan-strait-express-1-tse-1,0.0,0,0,,,,,380.9,未觀測到靠港,26.14024,121.04112,eez,2026-09-07T04:03:02.203275+00:00
412447661,MINLIANYU66555,fishing,,412,China,中國,16,critical,7,8.0,2.5,3,taiwan-matsu-no-4;taiwan-penghu-kinmen-matsu-no-2-tpkm2;taiwan-penghu-kinmen-matsu-no-3-tpkm3;taiwan-strait-express-1-tse-1,0.0,0,0,,,,,380.9,未觀測到靠港,25.81174,120.85361,eez,2026-09-07T04:03:02.203275+00:00
412447673,MINLIANYU68999,fishing,,412,China,中國,16,critical,6,8.0,2.9,0,taiwan-matsu-no-4;taiwan-penghu-kinmen-matsu-no-2-tpkm2;taiwan-penghu-kinmen-matsu-no-3-tpkm3;taiwan-strait-express-1-tse-1,0.0,0,0,,,,,377.4,未觀測到靠港,25.95245,120.78048,eez,2026-09-07T00:30:10.743445+00:00
412447678,01298,fishing,,412,China,中國,16,critical,6,14.1,3.0,2,taiwan-matsu-no-4;taiwan-penghu-kinmen-matsu-no-2-tpkm2;taiwan-penghu-kinmen-matsu-no-3-tpkm3;taiwan-strait-express-1-tse-1,0.0,0,0,,,,,380.9,未觀測到靠港,26.14128,121.05643,eez,2026-09-07T04:03:02.203275+00:00
412448681,MINLIANYU60956,fishing,,412,China,中國,16,critical,1,26.4,2.6,0,taiwan-matsu-no-4;taiwan-penghu-kinmen-matsu-no-3-tpkm3;taiwan-strait-express-1-tse-1,0.0,0,0,,,,,307.6,未觀測到靠港,26.44002,120.11572,eez,2026-09-01T04:37:22.691006+00:00
412450915,MINLIANYU62189,fishing,,412,China,中國,16,critical,3,7.8,3.7,1,taiwan-matsu-no-4;taiwan-penghu-kinmen-matsu-no-3-tpkm3;taiwan-strait-express-1-tse-1,0.0,0,0,,,,,295.3,未觀測到靠港,26.27662,119.78694,eez,2026-09-02T00:40:45.000416+00:00
412451090,GOLDEN PINE,tanker,,412,China,中國,16,critical,4,0,,0,taiwan-strait-express-1-tse-1,0.0,0,0,閩江口錨地 Minjiangkou,2026-08-17T05:04:35.473703+00:00,福州馬尾 Fuzhou-Mawei,2026-08-20T05:53:01.460793+00:00,71.1,,25.996208,119.474102,eez,2026-08-20T08:02:10.021418+00:00
412451435,MIN QUAN TAI YU06656,fishing,,412,China,中國,16,critical,1,0.5,,0,taiwan-penghu-kinmen-matsu-no-2-tpkm2,0.0,0,0,,,,,308.7,未觀測到靠港,24.80732,118.84408,eez,2026-09-03T03:58:51.917263+00:00
412451946,MIN SHI YU 06959,fishing,,412,China,中國,16,critical,5,5.1,2.8,3,e2a;eac-c2c;southeast-asia-japan-cable-2-sjc2;taiwan-matsu-no-4;taiwan-penghu-kinmen-matsu-no-3-tpkm3;taiwan-strait-express-1-tse-1;trans-pacific-express-tpe-cable-system,0.0,0,0,,,,,361.9,未觀測到靠港,25.72238,122.67651,eez,2026-09-07T04:03:02.203275+00:00
412459969,MINLIANYU60795,fishing,,412,China,中國,16,critical,4,8.8,0.8,1,taiwan-matsu-no-4,0.0,0,0,,,,,506.0,未觀測到靠港,26.36895,119.935,eez,2026-08-16T02:02:06.343253+00:00
412474190,HAO YUAN 7,tanker,,412,China,中國,16,critical,4,0,,0,taiwan-penghu-kinmen-matsu-no-2-tpkm2;taiwan-penghu-kinmen-matsu-no-3-tpkm3;taiwan-strait-express-1-tse-1,0.0,0,0,湄洲灣泉港 Meizhouwan,2026-08-22T05:49:26.190998+00:00,,,19.3,,23.331585,117.309603,eez,2026-08-24T04:13:24.721954+00:00
412510046,MINLONGWENYU65039,fishing,,412,China,中國,16,critical,3,7.3,0.1,1,cross-straits-cable-network,0.0,0,0,廈門 Xiamen,2026-08-29T07:12:39.299265+00:00,,,200.6,,24.45271,118.18816,eez,2026-09-06T22:39:12.217794+00:00
412510051,MINLONGWENYU65078,high_speed,,412,China,中國,16,critical,4,4.3,0.2,1,cross-straits-cable-network,0.0,0,0,,,,,327.1,未觀測到靠港,24.44919,118.20359,eez,2026-09-06T22:39:12.217794+00:00
412596333,SHUNSHUN888,fishing,,412,China,中國,16,critical,2,2.4,,0,taiwan-penghu-kinmen-matsu-no-2-tpkm2;taiwan-penghu-kinmen-matsu-no-3-tpkm3,0.0,0,0,,,,,366.6,未觀測到靠港,24.309747,118.131115,eez,2026-08-31T05:49:54.519009+00:00
412703860,HUA XIN 858,cargo,,412,China,中國,16,critical,4,0.7,,0,taiwan-penghu-kinmen-matsu-no-2-tpkm2;taiwan-penghu-kinmen-matsu-no-3-tpkm3;taiwan-strait-express-1-tse-1,0.0,0,0,閩江口錨地 Minjiangkou,2026-09-05T03:57:25.117144+00:00,廈門 Xiamen,2026-09-06T09:32:13.465682+00:00,19.7,,24.442253,118.04144,eez,2026-09-07T04:03:02.203275+00:00
412704030,HAI GONG 169,tanker,,412,China,中國,16,critical,4,0,,0,taiwan-penghu-kinmen-matsu-no-2-tpkm2;taiwan-penghu-kinmen-matsu-no-3-tpkm3,1.7,0,0,廈門 Xiamen,2026-09-01T10:15:55.563560+00:00,廈門 Xiamen,2026-09-01T18:03:58.033746+00:00,2.1,,24.427995,118.0402,eez,2026-09-03T15:37:40.614154+00:00
413211040,SUYANGHAIGONG158,unknown,,413,China,中國,16,critical,1,0,,0,,0.0,0,0,廈門 Xiamen,2026-08-29T07:12:39.299265+00:00,廈門 Xiamen,2026-09-01T15:55:52.992796+00:00,3.5,,24.418378,118.037467,eez,2026-09-02T03:59:47.596863+00:00
413235660,ZHONG HAI YOU 568,tanker,,413,China,中國,16,critical,7,26.0,0.4,0,taiwan-penghu-kinmen-matsu-no-2-tpkm2;taiwan-penghu-kinmen-matsu-no-3-tpkm3,0.0,0,0,福州馬尾 Fuzhou-Mawei,2026-09-04T09:46:09.453323+00:00,,,59.5,,26.34484,119.954143,eez,2026-09-07T00:30:10.743445+00:00
413254970,LIAN SHENG 869,cargo,,413,China,中國,16,critical,7,0,,0,taiwan-penghu-kinmen-matsu-no-3-tpkm3;taiwan-strait-express-1-tse-1,25.4,0,0,,,,,616.4,未觀測到靠港,26.202267,119.818667,eez,2026-09-07T04:03:02.203275+00:00
413351880,JIA NAN 33,cargo,,413,China,中國,16,critical,4,0,,0,taiwan-penghu-kinmen-matsu-no-2-tpkm2,0.0,0,0,莆田湄洲灣 Putian,2026-09-06T18:44:37.513907+00:00,湄洲灣泉港 Meizhouwan,2026-09-07T04:03:02.203275+00:00,1.8,,24.925457,119.06976,eez,2026-09-07T04:03:02.203275+00:00
413367990,KANG RUI66,cargo,,413,China,中國,16,critical,1,0,,0,taiwan-penghu-kinmen-matsu-no-2-tpkm2;taiwan-penghu-kinmen-matsu-no-3-tpkm3,0.0,0,0,湄洲灣泉港 Meizhouwan,2026-08-29T18:01:43.259492+00:00,汕頭港外 Shantou-appr,2026-08-31T05:49:54.519009+00:00,16.9,,23.2861,116.79224,eez,2026-09-01T13:48:16.466031+00:00
413412274,MIN HUI YU 56588,fishing,,413,China,中國,16,critical,2,0,,0,taiwan-penghu-kinmen-matsu-no-2-tpkm2,0.0,0,0,,,,,296.0,未觀測到靠港,25.07062,119.01746,eez,2026-09-01T05:22:35.528216+00:00
413455610,MMSI-413455610,cargo,,413,China,中國,16,critical,4,3.2,4.6,1,cross-straits-cable-network;taiwan-penghu-kinmen-matsu-no-2-tpkm2;taiwan-penghu-kinmen-matsu-no-3-tpkm3;taiwan-strait-express-1-tse-1,0.0,0,0,大嶝/圍頭灣 Weitou,2026-09-02T13:05:35.852197+00:00,,,45.2,,26.811833,120.385987,eez,2026-09-04T13:01:24.739239+00:00
413486090,NAN  SHUN  18,cargo,,413,China,中國,16,critical,1,0,,0,taiwan-penghu-kinmen-matsu-no-2-tpkm2;taiwan-penghu-kinmen-matsu-no-3-tpkm3,0.0,0,0,廈門 Xiamen,2026-09-01T05:22:35.528216+00:00,,,3.5,,24.517145,118.670582,eez,2026-09-01T13:48:16.466031+00:00
413510870,WAI YUN WAN QU 001,cargo,,413,China,中國,16,critical,4,0,,0,taiwan-penghu-kinmen-matsu-no-2-tpkm2;taiwan-penghu-kinmen-matsu-no-3-tpkm3;taiwan-strait-express-1-tse-1,0.0,0,0,廈門 Xiamen,2026-09-06T15:54:14.180092+00:00,,,5.8,,24.885258,119.178107,eez,2026-09-07T00:30:10.743445+00:00
413510950,MAO YUE,tanker,,413,China,中國,16,critical,2,0,,0,taiwan-penghu-kinmen-matsu-no-2-tpkm2;taiwan-penghu-kinmen-matsu-no-3-tpkm3,0.0,0,0,湄洲灣泉港 Meizhouwan,2026-09-03T00:53:07.140559+00:00,,,11.6,,23.533257,117.41656,eez,2026-09-03T15:37:40.614154+00:00
413525180,SHUN YUAN 35,tanker,,413,China,中國,16,critical,3,0,,0,taiwan-penghu-kinmen-matsu-no-3-tpkm3,0.0,0,0,莆田湄洲灣 Putian,2026-08-17T01:59:37.857320+00:00,,,15.7,,26.742723,120.68531,eez,2026-08-18T17:18:44.348985+00:00
413699010,HUA XIN 117,cargo,,413,China,中國,16,critical,3,2.3,,0,taiwan-penghu-kinmen-matsu-no-2-tpkm2;taiwan-penghu-kinmen-matsu-no-3-tpkm3;taiwan-strait-express-1-tse-1,0.0,0,0,廈門 Xiamen,2026-09-05T09:11:06.137565+00:00,閩江口錨地 Minjiangkou,2026-09-07T04:03:02.203275+00:00,36.3,,26.119183,119.556867,eez,2026-09-07T04:03:02.203275+00:00
414445000,ZHONG GANG SHI JI,cargo,,414,China,中國,16,critical,1,0,,0,taiwan-penghu-kinmen-matsu-no-2-tpkm2,0.0,0,0,莆田湄洲灣 Putian,2026-08-30T21:44:18.641860+00:00,,,0.0,,25.186747,119.013283,eez,2026-08-31T01:00:40.959031+00:00
416000648,YNG MAN NO.1,fishing,,416,Taiwan,台灣,16,critical,5,16.0,3.1,0,apcn-2;eac-c2c;faster;southeast-asia-japan-cable-2-sjc2,0.0,0,0,正濱漁港 Zhengbin,2026-09-07T00:30:10.743445+00:00,,,0.0,,25.54778,121.860637,territorial_sea,2026-09-07T04:03:02.203275+00:00
416000674,HONG SHENG CHANG,fishing,,416,Taiwan,台灣,16,critical,1,24.1,3.0,0,eac-c2c;faster;southeast-asia-japan-cable-2-sjc2,0.0,0,0,八斗子漁港 Badouzi,2026-08-13T12:56:17.228249+00:00,,,525.2,,25.436463,121.878768,internal_waters,2026-09-04T13:01:24.739239+00:00
416001077,MAN TSAI SHIVH,fishing,,416,Taiwan,台灣,16,critical,4,95.2,2.5,2,apcn-2;eac-c2c;faster,0.0,0,0,八斗子漁港 Badouzi,2026-09-06T22:39:12.217794+00:00,,,3.5,,25.697432,121.872852,territorial_sea,2026-09-07T04:03:02.203275+00:00
416001418,0,fishing,,416,Taiwan,台灣,16,critical,3,9.8,1.2,1,candle;flag-north-asia-loopreach-north-asia-loop;h2-cable;hong-kong-americas-hka;orca,0.0,0,0,蘇澳港 Suao,2026-09-02T00:40:45.000416+00:00,,,29.6,,24.69523,122.10516,territorial_sea,2026-09-04T15:36:37.054727+00:00
416003881,YU SHAN NO:166,fishing,,416,Taiwan,台灣,16,critical,4,5.8,1.2,2,apcn-2;eac-c2c;faster;taiwan-penghu-kinmen-matsu-no-3-tpkm3,0.0,0,0,野柳漁港 Yehliu,2026-08-25T17:26:53.997641+00:00,,,141.6,,25.359375,121.733947,internal_waters,2026-09-04T15:36:37.054727+00:00
416004802,YNG MAAN NO.2,fishing,,416,Taiwan,台灣,16,critical,4,27.3,3.4,0,apcn-2;eac-c2c;faster;southeast-asia-japan-cable-2-sjc2,0.0,0,0,正濱漁港 Zhengbin,2026-08-27T21:40:15.702771+00:00,正濱漁港 Zhengbin,2026-09-04T17:54:11.204189+00:00,178.6,,25.1514,121.762427,internal_waters,2026-09-07T04:03:02.203275+00:00
416005049,TAIWAN5049,fishing,,416,Taiwan,台灣,16,critical,3,11.6,2.1,3,apcn-2;eac-c2c;faster;southeast-asia-japan-cable-2-sjc2,0.0,0,0,八斗子漁港 Badouzi,2026-09-02T04:48:40.622480+00:00,,,114.3,,25.761275,122.026212,territorial_sea,2026-09-07T04:03:02.203275+00:00
416005880,SH1098,fishing,,416,Taiwan,台灣,16,critical,2,9.0,2.2,0,eac-c2c;faster;taiwan-penghu-kinmen-matsu-no-3-tpkm3,0.0,0,0,,,,,541.1,未觀測到靠港,23.323843,119.10298,territorial_sea,2026-09-04T15:36:37.054727+00:00
416006655,PILOT BOAT,special,,416,Taiwan,台灣,16,critical,1,0,,0,apcn-2,0.0,0,0,基隆港 Keelung,2026-08-25T13:41:01.875804+00:00,基隆港 Keelung,2026-08-26T01:43:38.561118+00:00,0.0,,25.150872,121.75712,internal_waters,2026-09-01T15:55:52.992796+00:00
440637000,WOOGUM,tanker,,440,Korea,韓國,16,critical,7,7.4,0.0,0,eac-c2c;taiwan-matsu-no-4;taiwan-penghu-kinmen-matsu-no-2-tpkm2;taiwan-penghu-kinmen-matsu-no-3-tpkm3,0.0,1,0,前鎮漁港 Qianzhen,2026-08-22T12:26:21.545854+00:00,,,19.9,,25.9519,121.365667,eez,2026-08-23T09:18:24.059147+00:00
457328000,HAI SHUN,cargo,,457,Mongolia,蒙古,16,critical,6,0,,0,taiwan-penghu-kinmen-matsu-no-2-tpkm2;taiwan-penghu-kinmen-matsu-no-3-tpkm3,11.3,1,0,台中港 Taichung,2026-08-15T08:51:04.503689+00:00,,,546.8,,24.262917,120.522655,internal_waters,2026-09-07T04:03:02.203275+00:00
477189300,COSCO TAICANG,cargo,,477,Hong Kong,香港,16,critical,3,0,,0,apcn-2;taiwan-penghu-kinmen-matsu-no-3-tpkm3,0.0,0,0,廈門 Xiamen,2026-08-24T02:03:27.398663+00:00,,,170.4,,26.026543,120.682087,eez,2026-08-31T05:49:54.519009+00:00
533170107,SHINLINE 15,cargo,,533,Malaysia,馬來西亞,16,critical,7,10.1,1.5,0,apcn-2;eac-c2c;flag-europe-asia-fea;flag-north-asia-loopreach-north-asia-loop;southeast-asia-japan-cable-2-sjc2;taiwan-penghu-kinmen-matsu-no-2-tpkm2;taiwan-penghu-kinmen-matsu-no-3-tpkm3,0.0,1,0,基隆港 Keelung,2026-08-20T09:02:40.913184+00:00,,,41.8,,21.067722,119.856517,eez,2026-08-22T03:12:11.129638+00:00
538006451,UNITY N,cargo,,538,Marshall Is,馬紹爾群島,16,critical,3,0,,0,apcn-2;flag-europe-asia-fea;flag-north-asia-loopreach-north-asia-loop;taiwan-penghu-kinmen-matsu-no-3-tpkm3,4.1,0,0,,,,,139.5,未觀測到靠港,23.140748,117.606488,eez,2026-08-26T18:49:43.036418+00:00
548747000,ANELA SKY,cargo,,548,Philippines,菲律賓,16,critical,1,11.9,0.7,0,apcn-2;asia-united-gateway-east-aug-east;eac-c2c;southeast-asia-japan-cable-2-sjc2,2.1,1,0,,,,,553.2,未觀測到靠港,23.012162,117.298457,eez,2026-08-31T16:32:04.528899+00:00
577755000,ACE WIN,cargo,,577,Vanuatu,萬那杜,16,critical,7,8.0,0.6,0,eac-c2c;taiwan-matsu-no-4;taiwan-penghu-kinmen-matsu-no-2-tpkm2;taiwan-penghu-kinmen-matsu-no-3-tpkm3;taiwan-strait-express-1-tse-1;trans-pacific-express-tpe-cable-system,0.0,1,0,,,,,385.7,未觀測到靠港,26.36945,120.980633,eez,2026-08-28T11:34:06.990542+00:00
620800361,PACIFIC_PRINCESS,tanker,,620,Comoros,葛摩,16,critical,7,28.0,2.1,0,apcn-2;asia-united-gateway-east-aug-east;eac-c2c;flag-europe-asia-fea;flag-north-asia-loopreach-north-asia-loop;seamewe-3,0.0,1,0,,,,,269.1,未觀測到靠港,20.998798,119.373867,eez,2026-09-05T09:11:06.137565+00:00
636016262,INDIAN GOODWILL,cargo,,636,Liberia,賴比瑞亞,16,critical,3,0,,0,taiwan-penghu-kinmen-matsu-no-2-tpkm2;taiwan-penghu-kinmen-matsu-no-3-tpkm3;trans-pacific-express-tpe-cable-system,0.0,0,0,小港臨海新村漁港 Xiaogang,2026-08-19T09:23:59.879155+00:00,,,364.3,,24.240032,120.450468,internal_waters,2026-09-03T15:37:40.614154+00:00
636026799,MMSI-636026799,tanker,,636,Liberia,賴比瑞亞,16,critical,7,17.3,2.0,0,apcn-2;asia-united-gateway-east-aug-east;eac-c2c;flag-europe-asia-fea;flag-north-asia-loopreach-north-asia-loop;seamewe-3,0.0,0,0,,,,,120.7,未觀測到靠港,23.210035,122.805503,eez,2026-08-27T10:02:50.170976+00:00
667001413,FUSHUN8,tanker,,667,Sierra Leone,獅子山,16,critical,7,47.7,1.0,0,eac-c2c;taiwan-matsu-no-4;taiwan-penghu-kinmen-matsu-no-2-tpkm2;taiwan-penghu-kinmen-matsu-no-3-tpkm3;taiwan-strait-express-1-tse-1;trans-pacific-express-tpe-cable-system,0.0,1,0,,,,,618.1,未觀測到靠港,22.732105,120.181543,internal_waters,2026-09-07T04:03:02.203275+00:00
667001581,HONG TAI,tanker,,667,Sierra Leone,獅子山,16,critical,5,19.0,0.4,3,eac-c2c,21.7,1,0,,,,,618.1,未觀測到靠港,25.076185,120.675353,contiguous_zone,2026-09-07T04:03:02.203275+00:00
677048900,HAI BAO,cargo,,677,Tanzania,坦尚尼亞,16,critical,7,19.7,0.1,6,taiwan-penghu-kinmen-matsu-no-3-tpkm3,25.6,1,0,,,,,615.3,未觀測到靠港,22.978767,120.174517,internal_waters,2026-09-06T14:46:16.922285+00:00
677072200,VIVI,cargo,,677,Tanzania,坦尚尼亞,16,critical,7,19.0,0.6,3,flag-europe-asia-fea;flag-north-asia-loopreach-north-asia-loop;taiwan-penghu-kinmen-matsu-no-3-tpkm3,16.7,1,0,,,,,418.7,未觀測到靠港,22.604562,120.238438,internal_waters,2026-09-07T04:03:02.203275+00:00
200041610,MMSI-200041610,cargo,,200,Unknown,未知,15,critical,4,4.9,0.9,0,taiwan-penghu-kinmen-matsu-no-3-tpkm3,1.3,1,0,內垵南漁港 Neian_S,2026-08-31T21:41:57.448444+00:00,,,27.0,,23.425602,119.208292,territorial_sea,2026-09-05T00:28:43.331771+00:00
200361823,LIANTAIJIAOYANG9016,cargo,,200,Unknown,未知,15,critical,7,6.0,1.2,0,taiwan-matsu-no-4;taiwan-penghu-kinmen-matsu-no-3-tpkm3;taiwan-strait-express-1-tse-1,1.0,1,0,,,,,488.8,未觀測到靠港,26.126812,120.278167,eez,2026-09-06T14:46:16.922285+00:00
241673000,SEA EMERALD,tanker,,241,Greece,希臘,15,critical,7,10.9,1.7,0,apcn-2;asia-united-gateway-east-aug-east;eac-c2c;flag-north-asia-loopreach-north-asia-loop;pacific-light-cable-network-plcn;taiwan-matsu-no-4;taiwan-penghu-kinmen-matsu-no-2-tpkm2;taiwan-penghu-kinmen-matsu-no-3-tpkm3;taiwan-strait-express-1-tse-1,0.0,1,0,,,,,570.1,未觀測到靠港,21.959813,119.819363,eez,2026-09-05T03:57:25.117144+00:00
311001629,SAGA VOYAGER,cargo,,311,Bahamas,巴哈馬,15,critical,3,0,,0,apcn-2,2.6,1,0,,,,,96.3,未觀測到靠港,26.553658,121.733968,eez,2026-08-28T11:34:06.990542+00:00
352001978,SKOON A,cargo,,352,Panama,巴拿馬,15,critical,4,18.8,0.5,5,apcn-2;asia-united-gateway-east-aug-east;eac-c2c;flag-north-asia-loopreach-north-asia-loop;taiwan-matsu-no-4;taiwan-penghu-kinmen-matsu-no-3-tpkm3;trans-pacific-express-tpe-cable-system,3.9,0,0,,,,,577.6,未觀測到靠港,24.57677,122.345533,contiguous_zone,2026-09-07T04:03:02.203275+00:00
352004467,JUI HO,cargo,,352,Panama,巴拿馬,15,critical,6,6.0,0.2,0,asia-united-gateway-east-aug-east;eac-c2c;flag-north-asia-loopreach-north-asia-loop;seamewe-3;taiwan-penghu-kinmen-matsu-no-2-tpkm2;tpu,0.0,0,0,台中港 Taichung,2026-09-02T13:05:35.852197+00:00,,,108.2,,24.301333,121.757467,internal_waters,2026-09-07T04:03:02.203275+00:00
357020000,TIARA 108,cargo,,357,Panama,巴拿馬,15,critical,4,11.7,3.7,1,apcn-2;eac-c2c;flag-north-asia-loopreach-north-asia-loop,6.8,0,0,高雄港 Kaohsiung,2026-08-26T03:29:57.399731+00:00,,,203.5,,22.151612,120.12447,contiguous_zone,2026-09-03T15:37:40.614154+00:00
357981000,UNI POPULAR,cargo,,357,Panama,巴拿馬,15,critical,4,3.3,2.3,1,apcn-2;taiwan-penghu-kinmen-matsu-no-2-tpkm2;taiwan-penghu-kinmen-matsu-no-3-tpkm3;taiwan-strait-express-1-tse-1;trans-pacific-express-tpe-cable-system,0.0,0,0,小港臨海新村漁港 Xiaogang,2026-09-03T18:14:46.249326+00:00,,,3.0,,21.91435,119.5437,eez,2026-09-04T00:32:15.198838+00:00
371320000,TRANS FUTURE 8,cargo,,371,Panama,巴拿馬,15,critical,2,4.5,1.0,0,taiwan-penghu-kinmen-matsu-no-3-tpkm3,1.9,1,0,,,,,42.5,未觀測到靠港,25.832313,120.551578,eez,2026-08-10T15:51:10.148482+00:00
374494000,GLOBAL HIGHWAY,cargo,,374,Panama,巴拿馬,15,critical,7,14.6,0.1,0,eac-c2c;faster;taiwan-penghu-kinmen-matsu-no-2-tpkm2;taiwan-penghu-kinmen-matsu-no-3-tpkm3,0.0,1,0,台中港 Taichung,2026-08-13T05:14:47.387385+00:00,,,38.4,,26.161648,122.725228,eez,2026-08-14T21:17:18.721815+00:00
412411242,MINLIANYUYUN60279,fishing,,412,China,中國,15,critical,2,3.7,3.0,1,taiwan-matsu-no-4;taiwan-penghu-kinmen-matsu-no-2-tpkm2;taiwan-penghu-kinmen-matsu-no-3-tpkm3;taiwan-strait-express-1-tse-1,0.0,0,0,,,,,373.2,未觀測到靠港,25.79439,120.41139,eez,2026-09-06T14:46:16.922285+00:00
412441228,MIN LIAN YU60455,fishing,,412,China,中國,15,critical,2,17.4,0.6,1,taiwan-matsu-no-4;taiwan-penghu-kinmen-matsu-no-3-tpkm3,0.0,0,0,,,,,442.3,未觀測到靠港,26.34015,120.034655,eez,2026-08-30T00:54:50.080310+00:00
412441329,00C,fishing,,412,China,中國,15,critical,3,9.6,3.5,2,taiwan-matsu-no-4;taiwan-penghu-kinmen-matsu-no-3-tpkm3;taiwan-strait-express-1-tse-1,0.0,0,0,,,,,338.5,未觀測到靠港,26.033548,120.036082,eez,2026-09-01T18:03:58.033746+00:00
412441639,MINLIANYU60323,fishing,,412,China,中國,15,critical,6,12.1,3.1,3,taiwan-matsu-no-4;taiwan-penghu-kinmen-matsu-no-3-tpkm3;taiwan-strait-express-1-tse-1,0.0,0,0,,,,,380.9,未觀測到靠港,25.91194,120.33262,eez,2026-09-07T04:03:02.203275+00:00
412441956,MINLIANYU60271,fishing,,412,China,中國,15,critical,7,13.2,3.1,2,taiwan-matsu-no-4;taiwan-penghu-kinmen-matsu-no-2-tpkm2;taiwan-penghu-kinmen-matsu-no-3-tpkm3;taiwan-strait-express-1-tse-1,0.0,0,0,,,,,380.9,未觀測到靠港,26.18163,121.04336,eez,2026-09-07T04:03:02.203275+00:00
412442103,MINLIANYU60939,fishing,,412,China,中國,15,critical,3,7.8,3.6,0,taiwan-matsu-no-4;taiwan-penghu-kinmen-matsu-no-3-tpkm3;taiwan-strait-express-1-tse-1,0.0,0,0,,,,,380.9,未觀測到靠港,25.82223,120.87809,eez,2026-09-07T04:03:02.203275+00:00
412442202,MINLIAN YU 61731,fishing,,412,China,中國,15,critical,4,13.0,1.5,1,taiwan-matsu-no-4;taiwan-penghu-kinmen-matsu-no-2-tpkm2;taiwan-penghu-kinmen-matsu-no-3-tpkm3;taiwan-strait-express-1-tse-1,0.0,0,0,,,,,479.0,未觀測到靠港,26.305972,120.084473,eez,2026-08-16T05:50:53.531104+00:00
412442707,MINLIANYU60406,fishing,,412,China,中國,15,critical,2,9.3,3.0,0,taiwan-matsu-no-4;taiwan-penghu-kinmen-matsu-no-2-tpkm2;taiwan-penghu-kinmen-matsu-no-3-tpkm3;taiwan-strait-express-1-tse-1,0.0,0,0,,,,,366.8,未觀測到靠港,26.18049,120.66407,eez,2026-09-06T04:04:01.481536+00:00
412443026,MINCHANGYU23169,fishing,,412,China,中國,15,critical,4,21.2,0.7,0,taiwan-penghu-kinmen-matsu-no-3-tpkm3;taiwan-strait-express-1-tse-1,0.0,0,0,閩江口錨地 Minjiangkou,2026-08-28T21:39:12.654619+00:00,,,141.6,,25.89148,119.89704,eez,2026-09-04T00:32:15.198838+00:00
412444163,MINLONGYU66856,fishing,,412,China,中國,15,critical,1,2.4,,0,taiwan-penghu-kinmen-matsu-no-3-tpkm3,0.0,0,0,,,,,301.6,未觀測到靠港,24.15436,118.65741,eez,2026-08-31T18:36:53.316921+00:00
412444674,MINLONGYN63899,fishing,,412,China,中國,15,critical,4,12.2,1.0,1,taiwan-penghu-kinmen-matsu-no-2-tpkm2;taiwan-penghu-kinmen-matsu-no-3-tpkm3,0.0,0,0,廈門 Xiamen,2026-08-25T01:57:17.245352+00:00,,,209.2,,24.287,118.27517,eez,2026-09-06T04:04:01.481536+00:00
412444903,MINLIANYUYUN65866,fishing,,412,China,中國,15,critical,7,8.5,2.5,3,taiwan-matsu-no-4;taiwan-penghu-kinmen-matsu-no-2-tpkm2;taiwan-penghu-kinmen-matsu-no-3-tpkm3;taiwan-strait-express-1-tse-1,0.0,0,0,,,,,380.9,未觀測到靠港,25.92257,120.29848,eez,2026-09-07T04:03:02.203275+00:00
412445401,MINLIANYU60465,fishing,,412,China,中國,15,critical,6,11.6,3.0,2,taiwan-matsu-no-4;taiwan-penghu-kinmen-matsu-no-2-tpkm2;taiwan-penghu-kinmen-matsu-no-3-tpkm3;taiwan-strait-express-1-tse-1,0.0,0,0,,,,,373.2,未觀測到靠港,26.20299,120.93927,eez,2026-09-06T14:46:16.922285+00:00
412445477,MINLIANYUYUN60111,fishing,,412,China,中國,15,critical,1,0,,0,taiwan-strait-express-1-tse-1,0.0,0,0,,,,,352.9,未觀測到靠港,25.049783,119.614467,eez,2026-08-30T21:44:18.641860+00:00
412445533,01285,fishing,,412,China,中國,15,critical,3,7.8,2.7,0,taiwan-penghu-kinmen-matsu-no-2-tpkm2;taiwan-penghu-kinmen-matsu-no-3-tpkm3,0.0,0,0,,,,,266.6,未觀測到靠港,24.30714,118.49535,eez,2026-08-31T05:49:54.519009+00:00
412447554,MINLIANYU60403,fishing,,412,China,中國,15,critical,5,4.9,2.9,1,taiwan-matsu-no-4;taiwan-penghu-kinmen-matsu-no-2-tpkm2;taiwan-penghu-kinmen-matsu-no-3-tpkm3;taiwan-strait-express-1-tse-1,0.0,0,0,,,,,377.4,未觀測到靠港,25.77082,120.46958,eez,2026-09-07T00:30:10.743445+00:00
412447777,MINLONGYU63889,fishing,,412,China,中國,15,critical,1,0.8,,0,taiwan-penghu-kinmen-matsu-no-3-tpkm3,0.0,0,0,,,,,276.4,未觀測到靠港,24.27834,118.3685,eez,2026-08-30T18:16:08.308925+00:00
412452146,MINQUANYU01699,fishing,,412,China,中國,15,critical,1,0,,0,h2-cable,0.0,0,0,,,,,281.0,未觀測到靠港,24.9186,119.27834,eez,2026-08-31T18:36:53.316921+00:00
412702620,YU CHANG 8,cargo,,412,China,中國,15,critical,3,120.4,0.3,0,taiwan-penghu-kinmen-matsu-no-2-tpkm2;taiwan-penghu-kinmen-matsu-no-3-tpkm3;taiwan-strait-express-1-tse-1,0.0,0,0,新湖漁港 Xinhu,2026-09-07T00:30:10.743445+00:00,,,0.0,,24.314802,118.176085,eez,2026-09-07T04:03:02.203275+00:00
412704040,TAI GANG,cargo,,412,China,中國,15,critical,4,29.9,0.7,0,taiwan-penghu-kinmen-matsu-no-2-tpkm2;taiwan-penghu-kinmen-matsu-no-3-tpkm3,8.6,0,0,廈門 Xiamen,2026-08-29T21:24:09.012880+00:00,廈門 Xiamen,2026-09-01T13:48:16.466031+00:00,41.7,,24.396302,118.095955,eez,2026-09-04T04:00:17.162565+00:00
413234780,LIAN SHENG 589,cargo,,413,China,中國,15,critical,6,0,,0,,12.9,0,0,,,,,615.1,未觀測到靠港,26.439828,119.85744,eez,2026-09-07T04:03:02.203275+00:00
413272940,YI TAI RONG,cargo,,413,China,中國,15,critical,7,5.3,0.5,0,taiwan-penghu-kinmen-matsu-no-3-tpkm3,0.0,0,0,同安灣/廈門灣北 Tongan,2026-09-02T04:48:40.622480+00:00,漳州東山 Dongshan,2026-09-03T13:07:19.959143+00:00,11.7,,23.71886,117.55128,eez,2026-09-05T22:29:16.547946+00:00
413303020,DONG LI HAI TAI,cargo,,413,China,中國,15,critical,1,0,,0,taiwan-penghu-kinmen-matsu-no-3-tpkm3,0.0,0,0,,,,,300.1,未觀測到靠港,23.123207,117.283695,eez,2026-08-21T03:27:00.884596+00:00
413333930,FEI YUN HE,cargo,,413,China,中國,15,critical,7,5.0,1.6,0,apcn-2;eac-c2c;faster;h2-cable;southeast-asia-japan-cable-2-sjc2;taiwan-penghu-kinmen-matsu-no-2-tpkm2;taiwan-penghu-kinmen-matsu-no-3-tpkm3,0.0,0,0,小港臨海新村漁港 Xiaogang,2026-08-25T13:41:01.875804+00:00,,,61.5,,26.2237,122.948683,eez,2026-08-28T05:01:48.482487+00:00
413454360,HEBIN,cargo,,413,China,中國,15,critical,3,3.9,2.7,0,apcn-2;eac-c2c;faster;taiwan-penghu-kinmen-matsu-no-3-tpkm3;taiwan-strait-express-1-tse-1;trans-pacific-express-tpe-cable-system,0.0,0,0,小港臨海新村漁港 Xiaogang,2026-09-03T18:14:46.249326+00:00,,,20.4,,26.699708,121.044253,eez,2026-09-04T17:54:11.204189+00:00
413610980,XINQIANJIN,tanker,,413,China,中國,15,critical,7,8.8,0.7,0,taiwan-matsu-no-4;taiwan-penghu-kinmen-matsu-no-3-tpkm3;taiwan-strait-express-1-tse-1,0.0,0,0,湄洲灣泉港 Meizhouwan,2026-08-24T07:34:00.582328+00:00,,,108.5,,27.32253,121.183307,eez,2026-08-28T21:39:12.654619+00:00
413693580,ZHONGFUSHUN,cargo,,413,China,中國,15,critical,1,0,,0,taiwan-penghu-kinmen-matsu-no-2-tpkm2;taiwan-penghu-kinmen-matsu-no-3-tpkm3;taiwan-strait-express-1-tse-1,0.0,0,0,廈門 Xiamen,2026-09-04T17:54:11.204189+00:00,,,21.5,,23.15265,117.037467,eez,2026-09-05T18:40:14.211911+00:00
416000157,I HSIN,cargo,,416,Taiwan,台灣,15,critical,5,159.1,0.0,3,eac-c2c;taiwan-matsu-no-4;taiwan-penghu-kinmen-matsu-no-3-tpkm3;taiwan-strait-express-1-tse-1,6.8,0,0,台北港 Taipei,2026-09-06T14:46:16.922285+00:00,,,12.1,,25.154555,121.393698,internal_waters,2026-09-07T04:03:02.203275+00:00
416000703,SHIN FANG 68,fishing,,416,Taiwan,台灣,15,critical,2,7.3,2.4,1,eac-c2c;faster;southeast-asia-japan-cable-2-sjc2,0.0,0,0,淡水第一漁港 Tamsui1,2026-08-26T21:29:00.712314+00:00,淡水第一漁港 Tamsui1,2026-09-05T12:13:46.310257+00:00,123.4,,25.184097,121.410583,internal_waters,2026-09-05T14:24:01.115311+00:00
416000963,JIN YOUNG FA 86,fishing,,416,Taiwan,台灣,15,critical,3,8.3,2.0,0,flag-north-asia-loopreach-north-asia-loop;h2-cable;hong-kong-americas-hka;new-cross-pacific-ncp-cable-system;pacific-light-cable-network-plcn,0.0,0,0,大溪漁港 Daxi,2026-09-02T04:48:40.622480+00:00,,,27.0,,24.872397,122.00226,territorial_sea,2026-09-05T00:28:43.331771+00:00
416052539,CT2-5253-9      (66),fishing,,416,Taiwan,台灣,15,critical,1,2.8,,0,tpu,0.0,0,0,伽藍漁港 Fugang,2026-08-20T01:56:34.314431+00:00,,,432.8,,22.791898,121.193662,internal_waters,2026-09-07T04:03:02.203275+00:00
416888888,H888888,fishing,,416,Taiwan,台灣,15,critical,1,0,,0,e2a;eac-c2c;faster,0.0,0,0,蘇澳港 Suao,2026-08-25T05:54:11.939292+00:00,,,143.1,,23.996547,119.582957,territorial_sea,2026-08-31T16:32:04.528899+00:00
422222000,MMSI-422222000,tanker,,422,Iran,伊朗,15,critical,1,0,,0,,0.0,1,1,,,,,474.8,未觀測到靠港,23.271375,117.7078,eez,2026-08-25T04:05:56.477331+00:00
431172000,DIONE LEADER,cargo,,431,Japan,日本,15,critical,2,9.3,2.3,0,eac-c2c;flag-north-asia-loopreach-north-asia-loop;seamewe-3;southeast-asia-japan-cable-2-sjc2,0.0,0,0,,,,,50.1,未觀測到靠港,26.642532,122.037457,eez,2026-08-10T23:25:57.749336+00:00
440117000,HMM BLESSING,cargo,,440,Korea,韓國,15,critical,6,11.7,2.2,7,apcn-2;asia-direct-cable-adc;asia-united-gateway-east-aug-east;e2a;eac-c2c;faster;new-cross-pacific-ncp-cable-system;southeast-asia-japan-cable-2-sjc2;taiwan-penghu-kinmen-matsu-no-3-tpkm3;trans-pacific-express-tpe-cable-system,0.0,1,0,基隆港 Keelung,2026-09-01T15:55:52.992796+00:00,,,130.0,,23.584207,121.669753,territorial_sea,2026-09-07T04:03:02.203275+00:00
477134400,SEA SILK JINJIANG,cargo,,477,Hong Kong,香港,15,critical,1,0,,0,asia-direct-cable-adc;taiwan-penghu-kinmen-matsu-no-3-tpkm3,0.0,0,0,廈門 Xiamen,2026-08-29T16:03:35.212630+00:00,,,6.9,,22.804,119.251617,contiguous_zone,2026-08-30T00:54:50.080310+00:00
477769500,FENG SHUN,cargo,,477,Hong Kong,香港,15,critical,7,16.0,1.0,0,eac-c2c;faster;taiwan-penghu-kinmen-matsu-no-2-tpkm2;taiwan-penghu-kinmen-matsu-no-3-tpkm3;taiwan-strait-express-1-tse-1,0.0,0,0,台北港 Taipei,2026-08-21T19:19:16.495479+00:00,,,390.8,,25.964915,119.802703,eez,2026-09-07T04:03:02.203275+00:00
511101723,CAESAR,cargo,,511,Palau,帛琉,15,critical,3,0,,0,taiwan-penghu-kinmen-matsu-no-2-tpkm2,16.6,1,0,高雄港 Kaohsiung,2026-08-14T23:13:03.942837+00:00,,,494.0,,22.784497,119.852373,territorial_sea,2026-09-04T15:36:37.054727+00:00
538005805,MARLIN AMMOLITE,tanker,,538,Marshall Is,馬紹爾群島,15,critical,7,10.0,1.5,0,apcn-2;asia-pacific-gateway-apg;eac-c2c;faster;flag-north-asia-loopreach-north-asia-loop;h2-cable;pacific-light-cable-network-plcn;seamewe-3;taiwan-penghu-kinmen-matsu-no-2-tpkm2;taiwan-penghu-kinmen-matsu-no-3-tpkm3;taiwan-strait-express-1-tse-1;trans-pacific-express-tpe-cable-system,0.0,0,0,深澳漁港 Shenao,2026-08-30T00:54:50.080310+00:00,,,181.8,,20.923623,121.428983,eez,2026-09-06T18:44:37.513907+00:00
538006031,SAMATAN,cargo,,538,Marshall Is,馬紹爾群島,15,critical,7,3.5,1.7,0,apcn-2;asia-direct-cable-adc;asia-united-gateway-east-aug-east;candle;eac-c2c;flag-europe-asia-fea;flag-north-asia-loopreach-north-asia-loop;h2-cable,6.6,0,0,,,,,195.9,未觀測到靠港,22.938693,122.890802,eez,2026-09-02T09:45:18.106966+00:00
538006247,LOTUS RISING,cargo,,538,Marshall Is,馬紹爾群島,15,critical,7,7.8,2.6,0,apcn-2;asia-pacific-gateway-apg;asia-united-gateway-east-aug-east;candle;e2a;flag-north-asia-loopreach-north-asia-loop;h2-cable;hong-kong-americas-hka;orca;pacific-light-cable-network-plcn;seamewe-3,6.9,0,0,,,,,185.8,未觀測到靠港,25.990873,122.942605,eez,2026-08-30T00:54:50.080310+00:00
538009233,MMSI-538009233,tanker,,538,Marshall Is,馬紹爾群島,15,critical,7,0,,0,apcn-2;eac-c2c;seamewe-3;taiwan-penghu-kinmen-matsu-no-3-tpkm3,5.5,0,0,,,,,204.3,未觀測到靠港,22.957327,119.79656,internal_waters,2026-08-28T11:34:06.990542+00:00
563058100,ST.MICHAELIS,tanker,,563,Singapore,新加坡,15,critical,1,4.0,3.1,0,apcn-2;taiwan-penghu-kinmen-matsu-no-2-tpkm2;trans-pacific-express-tpe-cable-system,0.0,0,0,,,,,347.7,未觀測到靠港,22.285777,119.08972,eez,2026-08-22T21:12:40.405287+00:00
563121900,WAN HAI 277,cargo,,563,Singapore,新加坡,15,critical,3,7.8,0.1,1,eac-c2c;taiwan-matsu-no-4;taiwan-penghu-kinmen-matsu-no-2-tpkm2;taiwan-penghu-kinmen-matsu-no-3-tpkm3,0.0,0,0,小港臨海新村漁港 Xiaogang,2026-09-03T18:14:46.249326+00:00,,,3.0,,22.453517,119.215142,eez,2026-09-04T00:32:15.198838+00:00
563178000,PRACHI,tanker,,563,Singapore,新加坡,15,critical,7,17.5,1.3,0,apcn-2;asia-united-gateway-east-aug-east;eac-c2c;seamewe-3,0.0,0,0,,,,,116.0,未觀測到靠港,21.340798,119.851768,eez,2026-08-17T05:56:49.084235+00:00
563181800,XING LE HAI,cargo,,563,Singapore,新加坡,15,critical,7,28.2,1.0,0,apcn-2;asia-united-gateway-east-aug-east;candle;flag-north-asia-loopreach-north-asia-loop;h2-cable;orca,8.7,0,0,,,,,141.3,未觀測到靠港,22.393157,122.476575,eez,2026-08-18T07:11:52.708160+00:00
563255900,SUNNY TRITON,tanker,,563,Singapore,新加坡,15,critical,7,13.7,0.0,0,apcn-2;asia-united-gateway-east-aug-east;eac-c2c;faster;new-cross-pacific-ncp-cable-system;taiwan-matsu-no-4;taiwan-penghu-kinmen-matsu-no-3-tpkm3;trans-pacific-express-tpe-cable-system,0.0,0,0,台北港 Taipei,2026-08-20T23:17:11.148940+00:00,,,152.3,,25.21317,122.563303,eez,2026-08-27T10:02:50.170976+00:00
629028482,BEESTA,tanker,,629,Gambia,甘比亞,15,critical,7,29.9,1.4,0,apcn-2;asia-pacific-gateway-apg;asia-united-gateway-east-aug-east;eac-c2c;flag-europe-asia-fea;flag-north-asia-loopreach-north-asia-loop;hong-kong-americas-hka;new-cross-pacific-ncp-cable-system;pacific-light-cable-network-plcn;seamewe-3;southeast-asia-japan-cable-2-sjc2,0.0,1,0,,,,,170.4,未觀測到靠港,21.352258,120.131362,eez,2026-08-19T15:21:52.877359+00:00
636013692,YM UTILITY,cargo,,636,Liberia,賴比瑞亞,15,critical,6,13.2,2.1,2,apcn-2;eac-c2c;faster;southeast-asia-japan-cable-2-sjc2;taiwan-penghu-kinmen-matsu-no-2-tpkm2;trans-pacific-express-tpe-cable-system,0.0,0,0,基隆港 Keelung,2026-09-03T04:47:18.082694+00:00,,,53.7,,26.983067,121.346062,eez,2026-09-05T15:42:59.107474+00:00
636093166,AL DHAIL,cargo,,636,Liberia,賴比瑞亞,15,critical,1,16.1,2.3,0,flag-north-asia-loopreach-north-asia-loop;seamewe-3;taiwan-penghu-kinmen-matsu-no-2-tpkm2,0.0,0,0,,,,,310.6,未觀測到靠港,22.106487,119.572813,eez,2026-08-21T08:02:28.875662+00:00
650000174,ASTRA,tanker,,650,Mozambique,莫三比克,15,critical,1,0,,0,eac-c2c;taiwan-penghu-kinmen-matsu-no-2-tpkm2;taiwan-penghu-kinmen-matsu-no-3-tpkm3,0.0,1,1,,,,,31.0,未觀測到靠港,23.03137,117.739008,eez,2026-08-13T19:52:59.371224+00:00
667002162,HE CHENG 3,cargo,,667,Sierra Leone,獅子山,15,critical,7,0,,0,taiwan-penghu-kinmen-matsu-no-3-tpkm3,18.3,1,0,,,,,503.9,未觀測到靠港,24.709447,120.615452,territorial_sea,2026-09-02T09:45:18.106966+00:00
800051100,00328,cargo,,800,Unknown,未知,15,critical,1,0,,0,taiwan-strait-express-1-tse-1,0.0,1,0,,,,,122.5,未觀測到靠港,26.179807,119.793235,eez,2026-08-21T05:54:15.565293+00:00
875411111,11111,fishing,,875,Unknown,未知,15,critical,1,0,,0,seamewe-3,0.0,1,0,,,,,539.1,未觀測到靠港,23.213348,117.496317,eez,2026-08-31T18:36:53.316921+00:00
100921335,MINLONGYU64319,fishing,,100,Unknown,未知,14,critical,1,0,,0,taiwan-penghu-kinmen-matsu-no-2-tpkm2;taiwan-penghu-kinmen-matsu-no-3-tpkm3,0.0,1,0,廈門 Xiamen,2026-08-24T15:29:51.857744+00:00,,,0.0,,24.43022,117.84823,eez,2026-08-24T17:23:00.120347+00:00
108002139,MINLIANYU69331-3,unknown,,108,Unknown,未知,14,critical,2,9.7,1.2,0,taiwan-matsu-no-4,0.0,1,0,,,,,291.3,未觀測到靠港,26.13705,120.14259,eez,2026-08-31T18:36:53.316921+00:00
12025948,CT2-5948.2       8V2,unknown,,120,Unknown,未知,14,critical,6,6.2,0.8,3,asia-united-gateway-east-aug-east,0.0,1,0,蘇澳港 Suao,2026-09-04T17:54:11.204189+00:00,南方澳漁港 Nanfangao,2026-09-05T12:13:46.310257+00:00,3.3,,24.577688,121.868487,internal_waters,2026-09-06T14:46:16.922285+00:00
18005602,CT2-5602-8       8V1,unknown,,180,Unknown,未知,14,critical,2,10.9,1.5,0,apcn-2;asia-pacific-gateway-apg;asia-united-gateway-east-aug-east;e2a;eac-c2c;hong-kong-americas-hka;pacific-light-cable-network-plcn,0.0,1,0,,,,,499.5,未觀測到靠港,25.503803,122.419857,contiguous_zone,2026-09-02T09:45:18.106966+00:00
200010610,NETFISHING       8V0,unknown,,200,Unknown,未知,14,critical,6,6.2,2.5,0,apcn-2;asia-united-gateway-east-aug-east;flag-north-asia-loopreach-north-asia-loop,0.0,1,0,,,南方澳漁港 Nanfangao,2026-09-05T03:57:25.117144+00:00,482.8,,24.591833,121.883468,internal_waters,2026-09-05T03:57:25.117144+00:00
205534000,GOLDEN WAVE,cargo,,205,Belgium,比利時,14,critical,7,0,,0,eac-c2c;flag-europe-asia-fea;flag-north-asia-loopreach-north-asia-loop;taiwan-penghu-kinmen-matsu-no-2-tpkm2,14.8,1,0,麗水漁港 Lishui,2026-08-23T04:58:29.790954+00:00,,,22.4,,21.107493,121.346527,eez,2026-08-24T04:13:24.721954+00:00
269047000,ST-CERGUE,cargo,,269,Switzerland,瑞士,14,critical,1,0,,0,apcn-2;asia-direct-cable-adc;taiwan-penghu-kinmen-matsu-no-2-tpkm2,0.0,1,0,,,,,207.9,未觀測到靠港,23.035392,117.36536,eez,2026-08-19T15:21:52.877359+00:00
273210110,PAMYAT KIROVA,cargo,,273,Russia,俄羅斯,14,critical,1,19.7,0.1,3,eac-c2c;pacific-light-cable-network-plcn;taiwan-matsu-no-4;taiwan-penghu-kinmen-matsu-no-2-tpkm2,5.9,1,0,,,,,171.0,未觀測到靠港,26.13512,120.699827,eez,2026-09-07T04:03:02.203275+00:00
30005602,CT2-5602-20      7V9,unknown,,300,Unknown,未知,14,critical,4,9.3,1.6,3,apcn-2;asia-pacific-gateway-apg;e2a;eac-c2c;h2-cable,0.0,1,0,烏石漁港 Wushi,2026-08-30T18:16:08.308925+00:00,,,82.3,,25.262883,122.356633,contiguous_zone,2026-09-04T00:32:15.198838+00:00
31005602,CT2-5602-21      8V0,unknown,,310,Bermuda,百慕達,14,critical,2,19.0,0.2,1,apcn-2;asia-pacific-gateway-apg;e2a;eac-c2c;flag-north-asia-loopreach-north-asia-loop;h2-cable,0.0,1,0,烏石漁港 Wushi,2026-08-31T01:00:40.959031+00:00,,,47.4,,25.196138,122.191297,territorial_sea,2026-09-03T03:58:51.917263+00:00
351664000,ITX EHIME,cargo,,351,Panama,巴拿馬,14,critical,7,17.2,0.7,0,apcn-2;asia-united-gateway-east-aug-east;e2a;eac-c2c;taiwan-penghu-kinmen-matsu-no-2-tpkm2;taiwan-penghu-kinmen-matsu-no-3-tpkm3;tpu,0.0,0,0,小港臨海新村漁港 Xiaogang,2026-08-25T09:25:20.380906+00:00,,,28.9,,22.85479,122.385215,eez,2026-08-26T16:10:14.987861+00:00
352003252,MING XI HAI YANG,cargo,,352,Panama,巴拿馬,14,critical,1,0,,0,apcn-2;taiwan-penghu-kinmen-matsu-no-3-tpkm3,1.6,0,0,高雄港 Kaohsiung,2026-08-25T09:25:20.380906+00:00,,,72.3,,27.44642,122.1562,eez,2026-08-28T11:34:06.990542+00:00
357527000,STEP FORWARD,cargo,,357,Panama,巴拿馬,14,critical,1,0,,0,asia-pacific-gateway-apg;asia-united-gateway-east-aug-east;seamewe-3,0.0,0,0,蘇澳港 Suao,2026-08-31T05:49:54.519009+00:00,,,4.4,,25.779725,122.251238,contiguous_zone,2026-08-31T18:36:53.316921+00:00
412060089,MINLIANYU60089,fishing,,412,China,中國,14,critical,2,5.6,0.6,1,taiwan-strait-express-1-tse-1,0.0,0,0,,,,,380.2,未觀測到靠港,26.15857,119.79048,eez,2026-09-07T04:03:02.203275+00:00
412066824,MINLONGYU66824,fishing,,412,China,中國,14,critical,2,7.8,3.2,3,taiwan-penghu-kinmen-matsu-no-3-tpkm3,0.0,0,0,,,,,323.3,未觀測到靠港,24.28447,118.50561,eez,2026-09-06T14:46:16.922285+00:00
412204970,DONG SHAN 29,cargo,,412,China,中國,14,critical,6,42.3,0.3,3,cross-straits-cable-network;taiwan-penghu-kinmen-matsu-no-2-tpkm2;taiwan-penghu-kinmen-matsu-no-3-tpkm3,0.0,0,0,廈門 Xiamen,2026-09-04T13:01:24.739239+00:00,,,60.4,,23.558633,119.668587,internal_waters,2026-09-07T04:03:02.203275+00:00
412441015,MINLIANYU62399,fishing,,412,China,中國,14,critical,2,3.8,2.4,0,taiwan-penghu-kinmen-matsu-no-3-tpkm3;taiwan-strait-express-1-tse-1,0.0,0,0,,,,,292.8,未觀測到靠港,26.28515,119.78195,eez,2026-08-31T14:11:41.168860+00:00
412441057,MINLIANYU60157,fishing,,412,China,中國,14,critical,2,7.4,1.2,0,taiwan-matsu-no-4;taiwan-penghu-kinmen-matsu-no-3-tpkm3,0.0,0,0,,,,,300.7,未觀測到靠港,26.24496,120.20338,eez,2026-08-31T21:41:57.448444+00:00
412441186,MINLIANYU61745,fishing,,412,China,中國,14,critical,2,4.1,2.8,0,taiwan-matsu-no-4;taiwan-penghu-kinmen-matsu-no-3-tpkm3;taiwan-strait-express-1-tse-1,0.0,0,0,,,,,349.9,未觀測到靠港,26.09725,120.16857,eez,2026-09-04T15:36:37.054727+00:00
412441298,MINLIANYU68965,fishing,,412,China,中國,14,critical,7,7.8,1.6,0,taiwan-penghu-kinmen-matsu-no-3-tpkm3;taiwan-strait-express-1-tse-1,0.0,0,0,,,,,328.6,未觀測到靠港,24.67453,119.54609,eez,2026-09-05T00:28:43.331771+00:00
412441348,MIN LIAN YU 68951,fishing,,412,China,中國,14,critical,2,9.6,2.4,2,taiwan-matsu-no-4;taiwan-penghu-kinmen-matsu-no-2-tpkm2;taiwan-penghu-kinmen-matsu-no-3-tpkm3;taiwan-strait-express-1-tse-1,0.0,0,0,,,,,313.6,未觀測到靠港,26.42994,120.72382,eez,2026-09-02T04:48:40.622480+00:00
412441361,MIN LIAN YU 61931,fishing,,412,China,中國,14,critical,5,13.0,1.7,2,taiwan-matsu-no-4;taiwan-penghu-kinmen-matsu-no-2-tpkm2;taiwan-penghu-kinmen-matsu-no-3-tpkm3;taiwan-strait-express-1-tse-1,0.0,0,0,,,,,373.2,未觀測到靠港,25.78491,120.35395,eez,2026-09-06T14:46:16.922285+00:00
412441363,MINLIANYU68983,fishing,,412,China,中國,14,critical,4,7.8,1.8,0,taiwan-matsu-no-4;taiwan-penghu-kinmen-matsu-no-3-tpkm3;taiwan-strait-express-1-tse-1,0.0,0,0,,,,,337.8,未觀測到靠港,25.96307,120.40171,eez,2026-09-03T13:07:19.959143+00:00
412441368,MIN LIAN YU 61715,fishing,,412,China,中國,14,critical,7,9.2,3.0,0,taiwan-matsu-no-4;taiwan-penghu-kinmen-matsu-no-2-tpkm2;taiwan-penghu-kinmen-matsu-no-3-tpkm3;taiwan-strait-express-1-tse-1,0.0,0,0,,,,,375.5,未觀測到靠港,25.74568,120.23007,eez,2026-09-06T22:39:12.217794+00:00
412441427,MINLIANYU61666,fishing,,412,China,中國,14,critical,4,10.7,0.9,0,taiwan-matsu-no-4;taiwan-penghu-kinmen-matsu-no-2-tpkm2;taiwan-penghu-kinmen-matsu-no-3-tpkm3,0.0,0,0,,,,,346.7,未觀測到靠港,26.13373,121.02107,eez,2026-09-04T04:00:17.162565+00:00
412441542,MIN LIAN YU 61755,fishing,,412,China,中國,14,critical,6,5.8,2.8,0,taiwan-matsu-no-4;taiwan-penghu-kinmen-matsu-no-2-tpkm2;taiwan-penghu-kinmen-matsu-no-3-tpkm3;taiwan-strait-express-1-tse-1,0.0,0,0,,,,,373.2,未觀測到靠港,26.2876,120.09238,eez,2026-09-06T14:46:16.922285+00:00
412441601,MINLIANYU61768,fishing,,412,China,中國,14,critical,7,13.0,2.3,3,taiwan-matsu-no-4;taiwan-penghu-kinmen-matsu-no-2-tpkm2;taiwan-penghu-kinmen-matsu-no-3-tpkm3;taiwan-strait-express-1-tse-1,0.0,0,0,,,,,368.8,未觀測到靠港,25.79181,120.32623,eez,2026-09-06T15:54:14.180092+00:00
412441628,MINLIANYU60013,fishing,,412,China,中國,14,critical,7,14.3,2.2,1,taiwan-matsu-no-4;taiwan-penghu-kinmen-matsu-no-3-tpkm3;taiwan-strait-express-1-tse-1,0.0,0,0,,,,,380.9,未觀測到靠港,25.85957,120.302,eez,2026-09-07T04:03:02.203275+00:00
412441664,QLG0,fishing,,412,China,中國,14,critical,7,7.5,2.2,4,taiwan-matsu-no-4;taiwan-penghu-kinmen-matsu-no-2-tpkm2;taiwan-penghu-kinmen-matsu-no-3-tpkm3;taiwan-strait-express-1-tse-1,0.0,0,0,,,,,370.8,未觀測到靠港,25.84762,120.23956,eez,2026-09-07T04:03:02.203275+00:00
412441684,MIN LIAN YU 60981,fishing,,412,China,中國,14,critical,7,11.7,4.4,1,taiwan-matsu-no-4;taiwan-penghu-kinmen-matsu-no-3-tpkm3;taiwan-strait-express-1-tse-1,0.0,0,0,,,,,338.1,未觀測到靠港,26.12945,120.23674,eez,2026-08-24T05:07:50.163540+00:00
412441706,MINLIANYU61732,fishing,,412,China,中國,14,critical,5,13.0,2.0,3,taiwan-matsu-no-4;taiwan-penghu-kinmen-matsu-no-2-tpkm2;taiwan-penghu-kinmen-matsu-no-3-tpkm3;taiwan-strait-express-1-tse-1,0.0,0,0,,,,,353.1,未觀測到靠港,25.86734,120.46472,eez,2026-09-05T18:40:14.211911+00:00
412441715,MINLIANYU60979,fishing,,412,China,中國,14,critical,7,9.4,3.5,1,taiwan-matsu-no-4;taiwan-penghu-kinmen-matsu-no-2-tpkm2;taiwan-penghu-kinmen-matsu-no-3-tpkm3;taiwan-strait-express-1-tse-1,0.0,0,0,,,,,380.9,未觀測到靠港,25.90711,120.71097,eez,2026-09-07T04:03:02.203275+00:00
412441744,MINLIANYU61735,fishing,,412,China,中國,14,critical,7,3.7,3.0,0,taiwan-matsu-no-4;taiwan-penghu-kinmen-matsu-no-2-tpkm2;taiwan-penghu-kinmen-matsu-no-3-tpkm3;taiwan-strait-express-1-tse-1,0.0,0,0,,,,,373.2,未觀測到靠港,25.79948,120.33422,eez,2026-09-06T14:46:16.922285+00:00
412441919,MINLIANYUYUN60808,fishing,,412,China,中國,14,critical,2,10.9,2.5,0,taiwan-matsu-no-4;taiwan-penghu-kinmen-matsu-no-2-tpkm2;taiwan-penghu-kinmen-matsu-no-3-tpkm3;taiwan-strait-express-1-tse-1,0.0,0,0,,,,,307.6,未觀測到靠港,26.70468,120.62608,eez,2026-09-01T04:37:22.691006+00:00
412441953,MINLIANYU60758,fishing,,412,China,中國,14,critical,4,7.6,2.8,0,taiwan-matsu-no-4;taiwan-penghu-kinmen-matsu-no-2-tpkm2;taiwan-penghu-kinmen-matsu-no-3-tpkm3;taiwan-strait-express-1-tse-1,0.0,0,0,,,,,373.2,未觀測到靠港,25.8179,120.69627,eez,2026-09-06T14:46:16.922285+00:00
412441975,MINLIANYU60495,fishing,,412,China,中國,14,critical,7,9.6,3.3,2,taiwan-matsu-no-4;taiwan-penghu-kinmen-matsu-no-2-tpkm2;taiwan-penghu-kinmen-matsu-no-3-tpkm3;taiwan-strait-express-1-tse-1,0.0,0,0,,,,,375.5,未觀測到靠港,26.03236,120.96726,eez,2026-09-06T22:39:12.217794+00:00
412442126,MINLIANYUYUN61189,fishing,,412,China,中國,14,critical,2,5.3,0.5,0,taiwan-matsu-no-4;taiwan-penghu-kinmen-matsu-no-3-tpkm3,0.0,0,0,,,,,206.8,未觀測到靠港,26.10142,120.19082,eez,2026-09-07T04:03:02.203275+00:00
412442244,MINLIANYU62035,fishing,,412,China,中國,14,critical,2,8.3,3.8,1,taiwan-matsu-no-4;taiwan-penghu-kinmen-matsu-no-3-tpkm3;taiwan-strait-express-1-tse-1,0.0,0,0,,,,,371.6,未觀測到靠港,26.20305,119.81722,eez,2026-09-06T18:44:37.513907+00:00
412442288,MINLIANYU60039,fishing,,412,China,中國,14,critical,4,5.8,2.4,2,taiwan-matsu-no-4;taiwan-penghu-kinmen-matsu-no-3-tpkm3;taiwan-strait-express-1-tse-1,0.0,0,0,,,,,357.0,未觀測到靠港,26.180145,120.158975,eez,2026-08-29T02:56:44.800599+00:00
