mmsi,name,vessel_type,gov_category,flag_mid,flag_en,flag_zh,max_risk_score,risk_level,days_seen,cable_loiter_hours,cable_loiter_avg_speed_kn,cable_loiter_events,cables_nearby,offshore_loiter_days,non_top10_flag,sanctioned,departure_port,departure_time_utc,arrival_port,arrival_time_utc,time_at_sea_hours,time_at_sea_note,last_lat,last_lon,last_zone,last_seen_utc
412522610,YING HAI 59,cargo,,412,China,中國,35,critical,7,51.4,0.1,2,taiwan-penghu-kinmen-matsu-no-2-tpkm2;taiwan-penghu-kinmen-matsu-no-3-tpkm3,3.3,0,0,大嶝/圍頭灣 Weitou,2026-09-24T13:55:47.379231+00:00,,,84.6,,24.360187,118.097248,eez,2026-09-28T04:53:26.717713+00:00
413000000,CCC,cargo,,413,China,中國,31,critical,7,5.6,1.0,1,asia-pacific-gateway-apg;flag-north-asia-loopreach-north-asia-loop;h2-cable;taiwan-penghu-kinmen-matsu-no-2-tpkm2;taiwan-penghu-kinmen-matsu-no-3-tpkm3;taiwan-strait-express-1-tse-1,0.0,0,0,中柱漁港 Zhongzhu,2026-09-24T21:55:23.402715+00:00,,,75.9,,26.256873,119.80061,eez,2026-09-28T04:53:26.717713+00:00
667001298,CHERRY 168,tanker,,667,Sierra Leone,獅子山,31,critical,7,13.6,0.8,2,eac-c2c;faster;taiwan-matsu-no-4;taiwan-penghu-kinmen-matsu-no-2-tpkm2;taiwan-penghu-kinmen-matsu-no-3-tpkm3;taiwan-strait-express-1-tse-1;trans-pacific-express-tpe-cable-system,9.8,1,0,麗水漁港 Lishui,2026-09-01T01:31:13.238497+00:00,,,648.3,,25.73351,121.676863,contiguous_zone,2026-09-28T04:53:26.717713+00:00
412359140,YANG HAI 668,cargo,,412,China,中國,29,critical,7,3.4,0.9,0,taiwan-matsu-no-4;taiwan-penghu-kinmen-matsu-no-2-tpkm2;taiwan-penghu-kinmen-matsu-no-3-tpkm3;taiwan-strait-express-1-tse-1,0.0,0,0,,,,,561.4,未觀測到靠港,26.347583,119.979023,eez,2026-09-27T01:03:54.816309+00:00
412906383,XINGHAI95,cargo,,412,China,中國,29,critical,4,6.1,1.4,0,taiwan-penghu-kinmen-matsu-no-3-tpkm3;taiwan-strait-express-1-tse-1,0.0,0,0,青帆漁港 Qingfan,2026-08-27T08:42:36.751075+00:00,,,563.0,,25.980653,119.95667,eez,2026-09-21T17:40:43.383432+00:00
412702620,YU CHANG 8,cargo,,412,China,中國,28,critical,4,120.4,0.3,0,taiwan-penghu-kinmen-matsu-no-2-tpkm2;taiwan-penghu-kinmen-matsu-no-3-tpkm3,0.0,0,0,新湖漁港 Xinhu,2026-09-07T00:30:10.743445+00:00,,,254.7,,24.310828,118.165198,eez,2026-09-17T18:42:40.833805+00:00
457119000,SAFCO,cargo,,457,Mongolia,蒙古,28,critical,7,0,,0,taiwan-penghu-kinmen-matsu-no-2-tpkm2;taiwan-penghu-kinmen-matsu-no-3-tpkm3,12.5,1,0,外垵漁港 Waian,2026-09-01T10:15:55.563560+00:00,,,567.3,,22.718688,120.1916,internal_waters,2026-09-25T05:08:45.914390+00:00
620999315,MEDNA,tanker,,620,Comoros,葛摩,28,critical,4,19.9,1.3,0,apcn-2;asia-united-gateway-east-aug-east;eac-c2c;flag-europe-asia-fea;flag-north-asia-loopreach-north-asia-loop;seamewe-3;tpu,0.0,1,1,,,,,149.1,未觀測到靠港,20.914685,120.958228,eez,2026-08-22T07:06:41.885734+00:00
620999902,.MAGICIAN  66,cargo,,620,Comoros,葛摩,27,critical,4,59.8,2.4,0,eac-c2c;taiwan-matsu-no-4;taiwan-penghu-kinmen-matsu-no-2-tpkm2;taiwan-penghu-kinmen-matsu-no-3-tpkm3;taiwan-strait-express-1-tse-1;trans-pacific-express-tpe-cable-system,0.0,1,0,,,,,936.2,未觀測到靠港,22.7314,120.16604,internal_waters,2026-09-24T04:15:53.594592+00:00
667001430,DIANA,tanker,,667,Sierra Leone,獅子山,27,critical,6,2.7,,0,eac-c2c;taiwan-penghu-kinmen-matsu-no-2-tpkm2;trans-pacific-express-tpe-cable-system,10.4,1,0,,,,,574.5,未觀測到靠港,25.477095,121.352955,contiguous_zone,2026-09-22T05:12:21.147253+00:00
671368100,LEONA NO.2,tanker,,671,Togo,多哥,27,critical,7,8.5,0.9,0,taiwan-penghu-kinmen-matsu-no-2-tpkm2;taiwan-penghu-kinmen-matsu-no-3-tpkm3,23.7,1,0,,,,,173.6,未觀測到靠港,22.754268,120.151642,internal_waters,2026-09-07T10:32:14.025579+00:00
412000000,YONGLIYUYE23,fishing,,412,China,中國,26,critical,7,2.4,,0,apcn-2;eac-c2c;taiwan-matsu-no-4;taiwan-penghu-kinmen-matsu-no-2-tpkm2;taiwan-penghu-kinmen-matsu-no-3-tpkm3;taiwan-strait-express-1-tse-1;trans-pacific-express-tpe-cable-system,0.0,0,0,福清灣/海壇 Fuqing,2026-09-24T05:06:41.799739+00:00,,,80.5,,23.059048,121.483258,internal_waters,2026-09-27T18:47:26.528965+00:00
412466829,66829,unknown,,412,China,中國,26,critical,7,14.8,3.3,2,taiwan-penghu-kinmen-matsu-no-3-tpkm3,0.0,0,0,,,,,240.8,未觀測到靠港,22.85687,118.57044,eez,2026-09-27T16:13:45.102927+00:00
412592490,HAI YANG 09,cargo,,412,China,中國,26,critical,7,7.7,2.4,0,cross-straits-cable-network;taiwan-penghu-kinmen-matsu-no-2-tpkm2;taiwan-penghu-kinmen-matsu-no-3-tpkm3,0.0,0,0,大嶝/圍頭灣 Weitou,2026-09-25T05:08:45.914390+00:00,大嶝/圍頭灣 Weitou,2026-09-25T19:03:12.158891+00:00,6.0,,24.53278,118.239213,eez,2026-09-28T04:53:26.717713+00:00
416168800,RONG BANG NO 5,special,,416,Taiwan,台灣,26,critical,7,51.0,0.3,2,taiwan-penghu-kinmen-matsu-no-3-tpkm3;taiwan-strait-express-1-tse-1,0.0,0,0,馬祖福澳港 Matsu,2026-09-24T00:59:15.889391+00:00,,,96.6,,26.240522,119.996057,eez,2026-09-28T04:53:26.717713+00:00
457900638,SHENGJIA,cargo,,457,Mongolia,蒙古,26,critical,7,0,,0,taiwan-penghu-kinmen-matsu-no-3-tpkm3,15.5,1,0,,,,,197.6,未觀測到靠港,22.718257,120.170963,internal_waters,2026-09-07T10:32:14.025579+00:00
667002605,MMSI-667002605,tanker,,667,Sierra Leone,獅子山,26,critical,7,57.7,0.7,4,eac-c2c;taiwan-penghu-kinmen-matsu-no-3-tpkm3;taiwan-strait-express-1-tse-1;trans-pacific-express-tpe-cable-system,0.0,1,0,,,,,615.0,未觀測到靠港,25.840593,121.598265,eez,2026-09-26T05:12:25.017727+00:00
357817958,MMSI-357817958,cargo,,357,Panama,巴拿馬,25,critical,6,0,,0,taiwan-penghu-kinmen-matsu-no-2-tpkm2;taiwan-penghu-kinmen-matsu-no-3-tpkm3,0.0,0,0,,,,,516.5,未觀測到靠港,24.198733,118.684773,eez,2026-09-20T09:54:18.045676+00:00
412441932,MINLIANYUYUN62031,cargo,,412,China,中國,25,critical,7,18.9,0.9,4,taiwan-matsu-no-4;taiwan-penghu-kinmen-matsu-no-2-tpkm2;taiwan-penghu-kinmen-matsu-no-3-tpkm3;taiwan-strait-express-1-tse-1,4.3,0,0,,,,,559.7,未觀測到靠港,26.231367,119.825967,eez,2026-09-17T18:42:40.833805+00:00
413498610,NINGYUANYONGAN,cargo,,413,China,中國,25,critical,3,12.1,1.6,0,apcn-2;eac-c2c;faster;taiwan-penghu-kinmen-matsu-no-2-tpkm2;taiwan-penghu-kinmen-matsu-no-3-tpkm3;taiwan-strait-express-1-tse-1;trans-pacific-express-tpe-cable-system,0.0,0,0,麗水漁港 Lishui,2026-09-23T18:55:58.874562+00:00,,,6.4,,23.211882,119.89164,internal_waters,2026-09-24T04:15:53.594592+00:00
608683405,83405,cargo,,608,Ascension Is,阿森松島,25,critical,7,6.8,2.9,1,taiwan-matsu-no-4;taiwan-penghu-kinmen-matsu-no-3-tpkm3;taiwan-strait-express-1-tse-1,0.0,1,0,,,,,531.9,未觀測到靠港,25.905837,119.783027,eez,2026-09-27T01:03:54.816309+00:00
370401000,EXPRESS SAIL,tanker,,370,Panama,巴拿馬,24,critical,7,7.3,3.4,0,taiwan-penghu-kinmen-matsu-no-2-tpkm2;taiwan-penghu-kinmen-matsu-no-3-tpkm3,21.4,1,0,,,,,671.9,未觀測到靠港,22.690958,120.090342,internal_waters,2026-09-28T04:53:26.717713+00:00
412442346,MINLIANYU60322,cargo,,412,China,中國,24,critical,7,6.4,3.9,3,taiwan-matsu-no-4;taiwan-penghu-kinmen-matsu-no-2-tpkm2;taiwan-penghu-kinmen-matsu-no-3-tpkm3;taiwan-strait-express-1-tse-1,0.0,0,0,,,,,250.2,未觀測到靠港,25.95025,120.3927,eez,2026-09-28T04:53:26.717713+00:00
412447667,MINLIANYU66588,fishing,,412,China,中國,24,critical,6,8.0,2.1,1,eac-c2c;taiwan-matsu-no-4;taiwan-penghu-kinmen-matsu-no-2-tpkm2;taiwan-penghu-kinmen-matsu-no-3-tpkm3;taiwan-strait-express-1-tse-1,0.0,0,0,,,,,250.2,未觀測到靠港,26.0307,120.99616,eez,2026-09-28T04:53:26.717713+00:00
413005665,SHUNXING056,cargo,,413,China,中國,24,critical,5,3.5,2.4,0,taiwan-strait-express-1-tse-1,0.0,0,0,,,,,544.8,未觀測到靠港,26.040307,119.83568,eez,2026-09-27T10:40:47.722453+00:00
413356020,HAIPENG0088,cargo,,413,China,中國,24,critical,7,0,,0,taiwan-penghu-kinmen-matsu-no-2-tpkm2,10.8,0,0,深滬灣/圍頭東 Shenhu,2026-09-27T16:13:45.102927+00:00,深滬灣/圍頭東 Shenhu,2026-09-28T01:21:43.156133+00:00,3.0,,24.654158,118.437937,eez,2026-09-28T04:53:26.717713+00:00
477057900,HUA HANG 6,cargo,,477,Hong Kong,香港,24,critical,7,4.6,1.8,1,apcn-2;eac-c2c;faster;taiwan-matsu-no-4;taiwan-penghu-kinmen-matsu-no-2-tpkm2;taiwan-penghu-kinmen-matsu-no-3-tpkm3;taiwan-strait-express-1-tse-1,0.0,0,0,同安灣/廈門灣北 Tongan,2026-09-28T01:21:43.156133+00:00,,,0.0,,24.413983,118.697497,eez,2026-09-28T04:53:26.717713+00:00
477957600,DONG FANG XIAMEN,cargo,,477,Hong Kong,香港,24,critical,7,6.1,0.1,0,eac-c2c;taiwan-penghu-kinmen-matsu-no-2-tpkm2;taiwan-penghu-kinmen-matsu-no-3-tpkm3;taiwan-strait-express-1-tse-1,0.0,0,0,鳳鼻頭漁港 Fengbitou,2026-09-26T05:12:25.017727+00:00,,,42.9,,23.81875,119.89365,internal_waters,2026-09-28T04:53:26.717713+00:00
677016400,ADA,cargo,,677,Tanzania,坦尚尼亞,24,critical,7,9.5,1.7,2,eac-c2c;taiwan-matsu-no-4;taiwan-penghu-kinmen-matsu-no-2-tpkm2;taiwan-penghu-kinmen-matsu-no-3-tpkm3;trans-pacific-express-tpe-cable-system,0.0,1,0,,,,,668.4,未觀測到靠港,26.480373,122.359493,eez,2026-09-28T01:21:43.156133+00:00
311000717,ARRIBA,cargo,,311,Bahamas,巴哈馬,23,critical,4,4.7,1.4,0,taiwan-penghu-kinmen-matsu-no-2-tpkm2;taiwan-penghu-kinmen-matsu-no-3-tpkm3,7.3,1,0,台中港 Taichung,2026-09-03T13:07:19.959143+00:00,,,12.4,,22.387355,119.575083,eez,2026-09-04T04:00:17.162565+00:00
312234000,GREAT GLORY,cargo,,312,Belize,貝里斯,23,critical,7,0,,0,apcn-2,9.7,1,0,前鎮漁港 Qianzhen,2026-09-05T04:42:29.611877+00:00,,,547.7,,22.605308,120.237938,internal_waters,2026-09-28T04:53:26.717713+00:00
413620090,HUISHI6,cargo,,413,China,中國,23,critical,4,0,,0,taiwan-strait-express-1-tse-1,0.0,0,0,福州馬尾 Fuzhou-Mawei,2026-08-29T07:12:39.299265+00:00,,,608.7,,26.901147,120.265895,eez,2026-09-23T21:54:36.888155+00:00
620999951,NEPTUNE,cargo,,620,Comoros,葛摩,23,critical,7,207.2,0.5,4,eac-c2c;taiwan-matsu-no-4;taiwan-penghu-kinmen-matsu-no-2-tpkm2;taiwan-penghu-kinmen-matsu-no-3-tpkm3;taiwan-strait-express-1-tse-1;trans-pacific-express-tpe-cable-system,0.0,1,0,,,,,671.9,未觀測到靠港,25.914535,121.352798,eez,2026-09-28T04:53:26.717713+00:00
667001839,SHUNXIN77,tanker,,667,Sierra Leone,獅子山,23,critical,7,0,,0,taiwan-penghu-kinmen-matsu-no-2-tpkm2;taiwan-penghu-kinmen-matsu-no-3-tpkm3,23.7,1,0,,,,,585.0,未觀測到靠港,22.486453,118.665772,eez,2026-09-24T13:55:47.379231+00:00
350179000,MMSI-350179000,tanker,,350,Nicaragua,尼加拉瓜,22,critical,7,6.5,2.6,0,apcn-2;seamewe-3;southeast-asia-japan-cable-sjc;taiwan-matsu-no-4;taiwan-penghu-kinmen-matsu-no-3-tpkm3;taiwan-strait-express-1-tse-1,0.0,1,1,,,,,644.1,未觀測到靠港,26.325248,119.853638,eez,2026-09-27T01:03:54.816309+00:00
352001221,PRINCE CHARMING,tanker,,352,Panama,巴拿馬,22,critical,4,1.6,,0,taiwan-penghu-kinmen-matsu-no-2-tpkm2;taiwan-penghu-kinmen-matsu-no-3-tpkm3,13.2,0,0,麗水漁港 Lishui,2026-09-25T05:08:45.914390+00:00,,,62.6,,24.581275,120.531227,internal_waters,2026-09-28T04:53:26.717713+00:00
352003569,FORTUNE GLOBE,tanker,,352,Panama,巴拿馬,22,critical,7,154.2,0.5,0,eac-c2c;faster;taiwan-matsu-no-4;taiwan-penghu-kinmen-matsu-no-2-tpkm2;taiwan-penghu-kinmen-matsu-no-3-tpkm3;taiwan-strait-express-1-tse-1;trans-pacific-express-tpe-cable-system,7.5,0,0,,,,,671.9,未觀測到靠港,24.245738,120.438632,internal_waters,2026-09-28T04:53:26.717713+00:00
352006010,CHANG YANG DONG FANG,cargo,,352,Panama,巴拿馬,22,critical,7,6.3,2.5,0,eac-c2c;taiwan-matsu-no-4;taiwan-penghu-kinmen-matsu-no-3-tpkm3;trans-pacific-express-tpe-cable-system,0.0,0,0,台北港 Taipei,2026-09-20T00:31:18.688825+00:00,,,168.4,,24.97402,120.15612,eez,2026-09-27T04:51:19.105185+00:00
412510051,MINLONGWENYU65078,high_speed,,412,China,中國,22,critical,7,6.7,0.4,0,cross-straits-cable-network,0.0,0,0,,,,,127.0,未觀測到靠港,24.44681,118.19105,eez,2026-09-24T00:59:15.889391+00:00
412866688,SHUN DA6668,cargo,,412,China,中國,22,critical,4,10.2,3.0,0,taiwan-penghu-kinmen-matsu-no-2-tpkm2;taiwan-penghu-kinmen-matsu-no-3-tpkm3,0.0,0,0,,,,,533.6,未觀測到靠港,26.404167,120.313365,eez,2026-09-07T10:32:14.025579+00:00
413250840,DONGSHAN 55,cargo,,413,China,中國,22,critical,5,14.2,0.6,0,apcn-2;eac-c2c;faster;taiwan-matsu-no-4;taiwan-penghu-kinmen-matsu-no-2-tpkm2;taiwan-penghu-kinmen-matsu-no-3-tpkm3;taiwan-strait-express-1-tse-1;trans-pacific-express-tpe-cable-system,4.1,0,0,台北港 Taipei,2026-09-24T13:55:47.379231+00:00,,,71.9,,25.543007,121.476547,contiguous_zone,2026-09-27T16:13:45.102927+00:00
413276610,NANHANG757,cargo,,413,China,中國,22,critical,4,15.5,0.9,0,taiwan-penghu-kinmen-matsu-no-2-tpkm2;taiwan-penghu-kinmen-matsu-no-3-tpkm3;taiwan-strait-express-1-tse-1,0.0,0,0,湄洲灣泉港 Meizhouwan,2026-08-25T19:28:24.092970+00:00,,,99.6,,23.530005,117.41812,eez,2026-08-30T00:54:50.080310+00:00
413332760,HUI DE,cargo,,413,China,中國,22,critical,7,11.4,0.9,0,apcn-2;eac-c2c;faster;taiwan-matsu-no-4;taiwan-penghu-kinmen-matsu-no-2-tpkm2;taiwan-penghu-kinmen-matsu-no-3-tpkm3;taiwan-strait-express-1-tse-1;trans-pacific-express-tpe-cable-system,0.0,0,0,台中港 Taichung,2026-09-23T21:54:36.888155+00:00,,,99.9,,25.84633,121.286483,eez,2026-09-28T04:53:26.717713+00:00
413555110,WAN XIANG 388,cargo,,413,China,中國,22,critical,4,0,,0,cross-straits-cable-network;taiwan-penghu-kinmen-matsu-no-2-tpkm2;taiwan-penghu-kinmen-matsu-no-3-tpkm3,0.0,0,0,大嶝/圍頭灣 Weitou,2026-09-23T10:10:32.731426+00:00,大嶝/圍頭灣 Weitou,2026-09-23T18:55:58.874562+00:00,2.0,,24.535885,118.236995,eez,2026-09-24T04:15:53.594592+00:00
413875037,CHINACOASTGUARD2305,coastguard,coastguard,413,China,中國,22,critical,4,0,,0,taiwan-penghu-kinmen-matsu-no-2-tpkm2;taiwan-penghu-kinmen-matsu-no-3-tpkm3;taiwan-strait-express-1-tse-1,0.0,0,0,,,,,66.1,未觀測到靠港,25.7577,120.36907,eez,2026-08-28T11:34:06.990542+00:00
416000014,EC649,special,,416,Taiwan,台灣,22,critical,3,4.1,0.3,0,eac-c2c;taiwan-penghu-kinmen-matsu-no-2-tpkm2;taiwan-penghu-kinmen-matsu-no-3-tpkm3,0.0,0,0,台北港 Taipei,2026-09-01T18:03:58.033746+00:00,,,588.5,,23.684702,119.642932,internal_waters,2026-09-26T10:00:01.245943+00:00
416450000,TAIWAN,fishing,,416,Taiwan,台灣,22,critical,2,0,,0,eac-c2c;seamewe-3;taiwan-penghu-kinmen-matsu-no-2-tpkm2;taiwan-penghu-kinmen-matsu-no-3-tpkm3,3.5,0,0,小港臨海新村漁港 Xiaogang,2026-09-25T23:43:08.293870+00:00,,,48.3,,25.149102,121.010933,territorial_sea,2026-09-28T04:53:26.717713+00:00
477271500,DONG FANG FUZHOU,cargo,,477,Hong Kong,香港,22,critical,7,3.3,0.9,0,taiwan-penghu-kinmen-matsu-no-2-tpkm2;taiwan-penghu-kinmen-matsu-no-3-tpkm3,0.0,0,0,廈門 Xiamen,2026-09-27T18:47:26.528965+00:00,,,7.1,,24.32572,119.792712,contiguous_zone,2026-09-28T04:53:26.717713+00:00
477630400,A KEIGA,cargo,,477,Hong Kong,香港,22,critical,7,8.5,0.2,0,eac-c2c;taiwan-penghu-kinmen-matsu-no-2-tpkm2;taiwan-penghu-kinmen-matsu-no-3-tpkm3;taiwan-strait-express-1-tse-1,0.0,0,0,台北港 Taipei,2026-09-27T21:44:40.512664+00:00,,,3.5,,24.416585,120.323002,internal_waters,2026-09-28T04:53:26.717713+00:00
477769400,M/V YUSHEN,cargo,,477,Hong Kong,香港,22,critical,5,0,,0,apcn-2;southeast-asia-japan-cable-2-sjc2;taiwan-matsu-no-4;taiwan-penghu-kinmen-matsu-no-3-tpkm3;taiwan-strait-express-1-tse-1,0.0,0,0,台北港 Taipei,2026-09-22T21:44:27.100940+00:00,,,9.1,,26.309408,122.987208,eez,2026-09-23T10:10:32.731426+00:00
477800200,JJ NAGOYA,cargo,,477,Hong Kong,香港,22,critical,6,11.7,0.7,0,apcn-2;eac-c2c;faster;taiwan-penghu-kinmen-matsu-no-2-tpkm2;taiwan-penghu-kinmen-matsu-no-3-tpkm3;taiwan-strait-express-1-tse-1;trans-pacific-express-tpe-cable-system,0.0,0,0,小港臨海新村漁港 Xiaogang,2026-09-25T05:08:45.914390+00:00,,,18.2,,27.713462,121.48382,eez,2026-09-26T04:32:50.104126+00:00
538012622,OCEAN VICTORY,cargo,,538,Marshall Is,馬紹爾群島,22,critical,7,11.4,1.3,0,eac-c2c;flag-north-asia-loopreach-north-asia-loop;taiwan-penghu-kinmen-matsu-no-2-tpkm2,0.0,0,0,花蓮港 Hualien,2026-09-19T22:35:05.123562+00:00,,,196.4,,24.238093,120.485565,internal_waters,2026-09-28T04:53:26.717713+00:00
563223600,MAERSK EL BANCO,cargo,,563,Singapore,新加坡,22,critical,4,32.3,1.0,0,eac-c2c;taiwan-penghu-kinmen-matsu-no-2-tpkm2;trans-pacific-express-tpe-cable-system,5.5,0,0,廈門 Xiamen,2026-08-23T05:51:54.225811+00:00,,,6.3,,23.195663,117.740982,eez,2026-08-23T13:25:34.381599+00:00
608683434,07176,cargo,,608,Ascension Is,阿森松島,22,critical,7,5.9,3.9,0,taiwan-penghu-kinmen-matsu-no-3-tpkm3;taiwan-strait-express-1-tse-1,0.0,1,0,,,,,461.9,未觀測到靠港,26.071055,119.971945,eez,2026-09-26T10:00:01.245943+00:00
667002162,HE CHENG 3,cargo,,667,Sierra Leone,獅子山,22,critical,7,0,,0,taiwan-penghu-kinmen-matsu-no-3-tpkm3,11.9,1,0,,,,,654.1,未觀測到靠港,22.693437,120.191193,internal_waters,2026-09-26T18:11:05.265483+00:00
668116209,CHEN YANG,cargo,,668,Sao Tome Principe,聖多美,22,critical,7,0,,0,taiwan-penghu-kinmen-matsu-no-2-tpkm2;taiwan-penghu-kinmen-matsu-no-3-tpkm3,18.2,1,0,,,,,658.4,未觀測到靠港,22.72917,120.15068,internal_waters,2026-09-27T16:13:45.102927+00:00
352006886,ZHONG YING CHANGNING,cargo,,352,Panama,巴拿馬,21,critical,3,0,,0,eac-c2c;flag-north-asia-loopreach-north-asia-loop;hong-kong-americas-hka;seamewe-3;southeast-asia-japan-cable-2-sjc2,0.0,0,0,小港臨海新村漁港 Xiaogang,2026-09-22T10:08:12.323441+00:00,,,7.9,,21.021787,121.143542,eez,2026-09-22T21:44:27.100940+00:00
357057000,GOLDEN TIDE,tanker,,357,Panama,巴拿馬,21,critical,4,7.6,2.9,0,taiwan-penghu-kinmen-matsu-no-2-tpkm2;taiwan-penghu-kinmen-matsu-no-3-tpkm3;taiwan-strait-express-1-tse-1;trans-pacific-express-tpe-cable-system,8.1,0,0,,,,,170.1,未觀測到靠港,24.518263,120.204468,territorial_sea,2026-08-23T04:07:26.915880+00:00
412441477,DMINLIANYUAA60781,fishing,,412,China,中國,21,critical,7,6.4,2.1,0,eac-c2c;taiwan-matsu-no-4;taiwan-penghu-kinmen-matsu-no-2-tpkm2;taiwan-penghu-kinmen-matsu-no-3-tpkm3;taiwan-strait-express-1-tse-1,0.0,0,0,,,,,664.8,未觀測到靠港,26.989878,122.098738,eez,2026-09-22T18:25:51.524130+00:00
412444368,63829,fishing,,412,China,中國,21,critical,4,0,,0,taiwan-penghu-kinmen-matsu-no-3-tpkm3,0.0,0,0,,,,,692.2,未觀測到靠港,24.32209,118.11966,eez,2026-09-24T04:15:53.594592+00:00
412446259,MINLONGYU61688,cargo,,412,China,中國,21,critical,5,3.3,3.4,0,taiwan-penghu-kinmen-matsu-no-3-tpkm3,0.0,0,0,,,,,247.0,未觀測到靠港,24.32355,118.11383,eez,2026-09-28T04:53:26.717713+00:00
413242210,SHUN AN 668,cargo,,413,China,中國,21,critical,4,0,,0,taiwan-strait-express-1-tse-1,12.2,0,0,,,,,890.3,未觀測到靠港,26.442403,119.854093,eez,2026-09-22T04:22:57.752949+00:00
413305640,ZHONG HAI YOU 668,tanker,,413,China,中國,21,critical,3,28.0,0.3,0,taiwan-penghu-kinmen-matsu-no-2-tpkm2;taiwan-penghu-kinmen-matsu-no-3-tpkm3;taiwan-strait-express-1-tse-1,0.0,0,0,閩江口錨地 Minjiangkou,2026-08-30T15:52:29.078583+00:00,,,562.1,,26.195728,119.811947,eez,2026-09-23T04:20:01.078375+00:00
413361670,HANG JIE 2006,cargo,,413,China,中國,21,critical,3,1.8,,0,cross-straits-cable-network;taiwan-penghu-kinmen-matsu-no-2-tpkm2;taiwan-penghu-kinmen-matsu-no-3-tpkm3,0.0,0,0,大嶝/圍頭灣 Weitou,2026-09-23T13:58:51.187032+00:00,,,0.0,,24.462848,118.20821,eez,2026-09-23T15:57:04.675481+00:00
413510870,WAI YUN WAN QU 001,cargo,,413,China,中國,21,critical,3,0,,0,taiwan-penghu-kinmen-matsu-no-2-tpkm2;taiwan-penghu-kinmen-matsu-no-3-tpkm3;taiwan-strait-express-1-tse-1,0.0,0,0,福州馬尾 Fuzhou-Mawei,2026-09-21T23:45:03.856684+00:00,廈門 Xiamen,2026-09-23T10:10:32.731426+00:00,24.6,,24.446875,118.008827,eez,2026-09-23T15:57:04.675481+00:00
413511880,JIA HONG 33,cargo,,413,China,中國,21,critical,4,24.2,0.4,0,taiwan-penghu-kinmen-matsu-no-2-tpkm2;taiwan-penghu-kinmen-matsu-no-3-tpkm3,0.0,0,0,莆田湄洲灣 Putian,2026-09-22T05:12:21.147253+00:00,莆田湄洲灣 Putian,2026-09-23T04:20:01.078375+00:00,0.0,,25.054953,119.060773,eez,2026-09-23T21:54:36.888155+00:00
413702940,HUA XIN 116,cargo,,413,China,中國,21,critical,4,8.8,0.2,0,cross-straits-cable-network;taiwan-penghu-kinmen-matsu-no-2-tpkm2;taiwan-penghu-kinmen-matsu-no-3-tpkm3;taiwan-strait-express-1-tse-1,0.0,0,0,福州馬尾 Fuzhou-Mawei,2026-08-29T18:01:43.259492+00:00,同安灣/廈門灣北 Tongan,2026-08-30T21:44:18.641860+00:00,20.9,,24.52132,118.08128,eez,2026-08-31T05:49:54.519009+00:00
416000157,I HSIN,cargo,,416,Taiwan,台灣,21,critical,3,138.0,0.0,2,eac-c2c;taiwan-matsu-no-4;taiwan-penghu-kinmen-matsu-no-3-tpkm3;taiwan-strait-express-1-tse-1,6.8,0,0,馬祖福澳港 Matsu,2026-09-20T00:31:18.688825+00:00,復國墩漁港 Fuguodun,2026-09-25T10:20:59.492804+00:00,120.7,,24.40789,118.423872,eez,2026-09-27T16:13:45.102927+00:00
477250700,NEW MINGZHOU 12,cargo,,477,Hong Kong,香港,21,critical,6,1.8,,0,apcn-2;eac-c2c;faster;taiwan-penghu-kinmen-matsu-no-2-tpkm2;taiwan-penghu-kinmen-matsu-no-3-tpkm3;taiwan-strait-express-1-tse-1;trans-pacific-express-tpe-cable-system,0.0,0,0,小港臨海新村漁港 Xiaogang,2026-09-25T01:02:22.277454+00:00,,,29.5,,28.690175,122.070157,eez,2026-09-26T10:00:01.245943+00:00
677025700,LONG AN,cargo,,677,Tanzania,坦尚尼亞,21,critical,5,0,,0,taiwan-penghu-kinmen-matsu-no-2-tpkm2,7.1,1,0,,,,,665.8,未觀測到靠港,22.70338,120.177427,internal_waters,2026-09-25T14:19:32.550957+00:00
677073600,LYDIA 1,tanker,,677,Tanzania,坦尚尼亞,21,critical,7,19.5,0.6,5,taiwan-penghu-kinmen-matsu-no-2-tpkm2;trans-pacific-express-tpe-cable-system,0.0,1,0,,,,,671.9,未觀測到靠港,25.870607,121.590613,eez,2026-09-28T04:53:26.717713+00:00
219734000,ALVA MAERSK,cargo,,219,Denmark,丹麥,20,critical,4,3.9,0.9,0,eac-c2c;taiwan-penghu-kinmen-matsu-no-2-tpkm2;taiwan-penghu-kinmen-matsu-no-3-tpkm3;taiwan-strait-express-1-tse-1,2.5,1,0,,,,,159.2,未觀測到靠港,23.08979,117.653287,eez,2026-08-22T17:12:26.267485+00:00
341607002,SATURN,cargo,,341,St Kitts Nevis,聖克里斯多福,20,critical,7,5.4,0.5,0,taiwan-penghu-kinmen-matsu-no-2-tpkm2,0.0,1,0,高雄港 Kaohsiung,2026-09-19T09:38:25.125307+00:00,,,208.1,,22.650867,120.23435,internal_waters,2026-09-28T04:53:26.717713+00:00
353568000,CHUANG YI,tanker,,353,Panama,巴拿馬,20,critical,7,5.1,2.6,0,taiwan-penghu-kinmen-matsu-no-2-tpkm2;taiwan-penghu-kinmen-matsu-no-3-tpkm3,23.7,0,0,,,,,652.8,未觀測到靠港,22.705882,120.159263,internal_waters,2026-09-27T10:40:47.722453+00:00
412361790,TIAN YOU12,cargo,,412,China,中國,20,critical,1,0,,0,taiwan-strait-express-1-tse-1,0.0,0,0,福州馬尾 Fuzhou-Mawei,2026-09-17T21:50:39.945319+00:00,,,64.9,,26.890633,120.263283,eez,2026-09-20T17:48:31.226510+00:00
412447674,MINLONGYU08898,unknown,,412,China,中國,20,critical,7,3.8,2.3,1,taiwan-penghu-kinmen-matsu-no-2-tpkm2;taiwan-penghu-kinmen-matsu-no-3-tpkm3,0.0,0,0,深滬灣/圍頭東 Shenhu,2026-09-23T13:58:51.187032+00:00,,,51.1,,24.58988,118.84944,eez,2026-09-25T19:03:12.158891+00:00
412704040,TAI GANG,cargo,,412,China,中國,20,critical,3,0,,0,taiwan-penghu-kinmen-matsu-no-2-tpkm2;taiwan-penghu-kinmen-matsu-no-3-tpkm3,8.3,0,0,廈門 Xiamen,2026-09-25T10:20:59.492804+00:00,,,14.2,,24.334162,118.23369,eez,2026-09-26T04:32:50.104126+00:00
413241050,XIN SHUN HANG 569,cargo,,413,China,中國,20,critical,7,1.9,,0,taiwan-strait-express-1-tse-1,6.5,0,0,閩江口錨地 Minjiangkou,2026-09-22T13:47:48.731029+00:00,閩江口錨地 Minjiangkou,2026-09-24T18:46:10.094585+00:00,0.0,,26.114983,119.54776,eez,2026-09-28T04:53:26.717713+00:00
413313150,QIANG FENG CHANGRONG,cargo,,413,China,中國,20,critical,2,0,,0,apcn-2;seamewe-3;taiwan-penghu-kinmen-matsu-no-3-tpkm3,0.0,0,0,湄洲灣泉港 Meizhouwan,2026-09-25T01:02:22.277454+00:00,,,0.0,,24.41387,118.57515,eez,2026-09-25T04:28:34.378018+00:00
413330880,HAICHUAN8,cargo,,413,China,中國,20,critical,4,0.9,,0,taiwan-penghu-kinmen-matsu-no-2-tpkm2;taiwan-penghu-kinmen-matsu-no-3-tpkm3;taiwan-strait-express-1-tse-1,0.0,0,0,廈門 Xiamen,2026-09-23T13:58:51.187032+00:00,,,101.8,,25.996415,119.800772,eez,2026-09-27T21:44:40.512664+00:00
413354760,SHEN ZHOU 29,cargo,,413,China,中國,20,critical,1,0,,0,taiwan-penghu-kinmen-matsu-no-2-tpkm2;taiwan-penghu-kinmen-matsu-no-3-tpkm3;taiwan-strait-express-1-tse-1,0.0,0,0,閩江口錨地 Minjiangkou,2026-08-28T11:34:06.990542+00:00,,,519.1,,26.906212,120.265027,eez,2026-09-19T12:47:06.687156+00:00
413500220,YUANSHUNDA8,cargo,,413,China,中國,20,critical,4,2.3,,0,taiwan-penghu-kinmen-matsu-no-2-tpkm2;taiwan-penghu-kinmen-matsu-no-3-tpkm3;taiwan-strait-express-1-tse-1,0.0,0,0,莆田湄洲灣 Putian,2026-09-20T05:05:13.918990+00:00,,,83.6,,26.47232,119.998867,eez,2026-09-24T00:59:15.889391+00:00
413697050,SHUN ZHOU 99,tanker,,413,China,中國,20,critical,7,3.3,0.0,0,cross-straits-cable-network,0.0,0,0,深滬灣/圍頭東 Shenhu,2026-09-17T21:50:39.945319+00:00,大嶝/圍頭灣 Weitou,2026-09-18T09:56:57.204478+00:00,3.3,,24.533018,118.238803,eez,2026-09-28T04:53:26.717713+00:00
416001418,0,fishing,,416,Taiwan,台灣,20,critical,3,8.1,1.5,0,asia-pacific-gateway-apg;candle;faster;flag-north-asia-loopreach-north-asia-loop;h2-cable;orca;trans-pacific-express-tpe-cable-system,0.0,0,0,蘇澳港 Suao,2026-09-02T00:40:45.000416+00:00,,,498.3,,24.609318,121.900253,internal_waters,2026-09-24T04:15:53.594592+00:00
416168900,HAI YANG NO 8,special,,416,Taiwan,台灣,20,critical,4,4.2,4.6,0,taiwan-matsu-no-4;taiwan-penghu-kinmen-matsu-no-2-tpkm2;taiwan-penghu-kinmen-matsu-no-3-tpkm3;taiwan-strait-express-1-tse-1,0.0,0,0,上竹里漁港 Shangzhuli,2026-09-05T04:42:29.611877+00:00,上竹里漁港 Shangzhuli,2026-09-23T10:10:32.731426+00:00,427.8,,22.596208,120.284267,internal_waters,2026-09-24T04:15:53.594592+00:00
477118100,SWAN LAKE,cargo,,477,Hong Kong,香港,20,critical,6,15.7,0.4,0,apcn-2;eac-c2c;faster;taiwan-penghu-kinmen-matsu-no-2-tpkm2;taiwan-penghu-kinmen-matsu-no-3-tpkm3,0.0,0,0,廈門 Xiamen,2026-09-27T05:29:23.388990+00:00,,,5.5,,24.74533,119.930213,eez,2026-09-27T16:13:45.102927+00:00
671573100,MT.GOLDEN SUNRISE,tanker,,671,Togo,多哥,20,critical,7,21.9,0.1,4,eac-c2c;taiwan-matsu-no-4;taiwan-penghu-kinmen-matsu-no-2-tpkm2;taiwan-penghu-kinmen-matsu-no-3-tpkm3;taiwan-strait-express-1-tse-1;trans-pacific-express-tpe-cable-system,7.0,1,0,,,,,671.9,未觀測到靠港,25.8176,121.610783,contiguous_zone,2026-09-28T04:53:26.717713+00:00
677067100,ALBATROS 1,cargo,,677,Tanzania,坦尚尼亞,20,critical,7,0,,0,,7.6,1,1,,,,,592.9,未觀測到靠港,23.52102,117.334727,eez,2026-09-24T21:55:23.402715+00:00
677072200,VIVI,cargo,,677,Tanzania,坦尚尼亞,20,critical,7,19.0,0.6,0,taiwan-penghu-kinmen-matsu-no-3-tpkm3,17.3,1,0,,,,,470.1,未觀測到靠港,22.707027,120.053902,internal_waters,2026-09-19T19:05:56.114966+00:00
311002187,MMSI-311002187,cargo,,311,Bahamas,巴哈馬,19,critical,3,8.7,0.4,2,apcn-2;eac-c2c;taiwan-penghu-kinmen-matsu-no-2-tpkm2;taiwan-strait-express-1-tse-1;trans-pacific-express-tpe-cable-system,0.0,1,0,基隆港 Keelung,2026-09-26T13:30:14.985430+00:00,,,6.2,,26.633645,122.724242,eez,2026-09-26T21:45:02.932353+00:00
312672000,SUMMER BAY,cargo,,312,Belize,貝里斯,19,critical,6,0,,0,,17.8,1,0,,,,,661.8,未觀測到靠港,22.697693,120.169903,internal_waters,2026-09-27T18:47:26.528965+00:00
341379002,AURA,cargo,,341,St Kitts Nevis,聖克里斯多福,19,critical,3,0,,0,taiwan-penghu-kinmen-matsu-no-3-tpkm3,19.5,1,0,台中港 Taichung,2026-09-04T09:46:09.453323+00:00,安平商港區 Anping-basin,2026-09-22T04:22:57.752949+00:00,416.1,,22.97892,120.174733,internal_waters,2026-09-23T04:20:01.078375+00:00
341890000,HONG XING,cargo,,341,St Kitts Nevis,聖克里斯多福,19,critical,7,0,,0,taiwan-penghu-kinmen-matsu-no-3-tpkm3,11.8,1,0,,,,,593.8,未觀測到靠港,22.741738,120.152457,internal_waters,2026-09-26T21:45:02.932353+00:00
412051010,GUANG XING 978,cargo,,412,China,中國,19,critical,4,0,,0,taiwan-penghu-kinmen-matsu-no-3-tpkm3;taiwan-strait-express-1-tse-1,0.0,0,0,閩江口錨地 Minjiangkou,2026-09-26T04:32:50.104126+00:00,,,35.0,,25.928612,119.8022,eez,2026-09-27T16:13:45.102927+00:00
412355680,HENG CHUN 1,cargo,,412,China,中國,19,critical,7,1.8,,0,taiwan-penghu-kinmen-matsu-no-2-tpkm2;taiwan-penghu-kinmen-matsu-no-3-tpkm3,0.0,0,0,廈門 Xiamen,2026-09-25T14:19:32.550957+00:00,,,60.6,,24.349085,118.300573,eez,2026-09-28T04:53:26.717713+00:00
412357250,BAO XING 898,cargo,,412,China,中國,19,critical,1,2.2,,0,taiwan-penghu-kinmen-matsu-no-2-tpkm2;taiwan-penghu-kinmen-matsu-no-3-tpkm3,0.0,0,0,廈門 Xiamen,2026-09-19T15:11:46.365307+00:00,,,60.2,,25.069502,119.245893,eez,2026-09-22T04:22:57.752949+00:00
412440140,SEYCHELLESPROSPERITY,tanker,,412,China,中國,19,critical,4,4.0,3.1,0,apcn-2;taiwan-penghu-kinmen-matsu-no-2-tpkm2;taiwan-penghu-kinmen-matsu-no-3-tpkm3,0.0,0,0,廈門 Xiamen,2026-09-05T00:28:43.331771+00:00,廈門 Xiamen,2026-09-22T04:22:57.752949+00:00,54.6,,24.507055,118.068332,eez,2026-09-22T10:08:12.323441+00:00
412441034,MINLIANYU60115,fishing,,412,China,中國,19,critical,4,3.1,1.1,1,taiwan-matsu-no-4;taiwan-penghu-kinmen-matsu-no-3-tpkm3,0.0,0,0,,,,,253.5,未觀測到靠港,26.26451,120.26025,eez,2026-09-28T04:53:26.717713+00:00
412442708,MINLIANYU61878,fishing,,412,China,中國,19,critical,7,6.1,3.6,2,taiwan-matsu-no-4;taiwan-penghu-kinmen-matsu-no-2-tpkm2;taiwan-penghu-kinmen-matsu-no-3-tpkm3;taiwan-strait-express-1-tse-1,0.0,0,0,,,,,252.8,未觀測到靠港,25.97537,120.40952,eez,2026-09-28T04:53:26.717713+00:00
412444321,MINLONGYU66829,fishing,,412,China,中國,19,critical,7,14.8,3.4,2,taiwan-penghu-kinmen-matsu-no-3-tpkm3,0.0,0,0,,,,,243.4,未觀測到靠港,22.74663,118.60103,eez,2026-09-27T18:47:26.528965+00:00
412444548,963639,fishing,,412,China,中國,19,critical,6,18.9,1.1,2,taiwan-penghu-kinmen-matsu-no-2-tpkm2;taiwan-penghu-kinmen-matsu-no-3-tpkm3,0.0,0,0,廈門 Xiamen,2026-09-24T00:59:15.889391+00:00,,,57.2,,24.394917,118.594347,eez,2026-09-26T05:12:25.017727+00:00
412444577,MINLONGYU09875,fishing,,412,China,中國,19,critical,4,2.6,,0,cross-straits-cable-network;taiwan-penghu-kinmen-matsu-no-3-tpkm3,0.0,0,0,大嶝/圍頭灣 Weitou,2026-09-27T10:40:47.722453+00:00,廈門 Xiamen,2026-09-27T16:13:45.102927+00:00,0.0,,24.297652,118.339905,eez,2026-09-25T14:19:32.550957+00:00
412473350,HUI JIN QIAO 11,cargo,,412,China,中國,19,critical,5,0,,0,apcn-2;taiwan-penghu-kinmen-matsu-no-2-tpkm2;taiwan-penghu-kinmen-matsu-no-3-tpkm3;taiwan-strait-express-1-tse-1,0.0,0,0,閩江口錨地 Minjiangkou,2026-09-24T10:16:19.934067+00:00,,,26.4,,23.744217,117.712547,eez,2026-09-25T16:20:22.361665+00:00
412473560,FULONG99,cargo,,412,China,中國,19,critical,4,0,,0,taiwan-penghu-kinmen-matsu-no-3-tpkm3;taiwan-strait-express-1-tse-1,0.0,0,0,漳州東山 Dongshan,2026-09-18T17:58:30.098529+00:00,,,175.2,,23.340533,117.34875,eez,2026-09-26T04:32:50.104126+00:00
412592650,JIN SHI 168,tanker,,412,China,中國,19,critical,3,0,,0,seamewe-3,0.0,0,0,廈門 Xiamen,2026-09-07T10:32:14.025579+00:00,,,45.1,,23.615008,117.461007,eez,2026-09-22T21:44:27.100940+00:00
412704020,HAI GONG 166,tanker,,412,China,中國,19,critical,4,0,,0,cross-straits-cable-network;taiwan-penghu-kinmen-matsu-no-2-tpkm2;taiwan-penghu-kinmen-matsu-no-3-tpkm3,5.9,0,0,廈門 Xiamen,2026-09-21T23:45:03.856684+00:00,廈門 Xiamen,2026-09-22T13:47:48.731029+00:00,5.8,,24.44268,118.009067,eez,2026-09-24T04:15:53.594592+00:00
413206690,HAIXIAFANGZHOU,cargo,,413,China,中國,19,critical,4,0,,0,taiwan-penghu-kinmen-matsu-no-2-tpkm2;taiwan-penghu-kinmen-matsu-no-3-tpkm3,0.0,0,0,廈門 Xiamen,2026-09-22T13:47:48.731029+00:00,,,32.9,,25.055453,119.229493,eez,2026-09-24T00:59:15.889391+00:00
413209460,XIMAJIANGHAI1HAO,cargo,,413,China,中國,19,critical,2,0,,0,taiwan-strait-express-1-tse-1,0.0,0,0,福清灣/海壇 Fuqing,2026-09-02T04:48:40.622480+00:00,,,47.9,,27.010825,120.349918,eez,2026-09-04T13:01:24.739239+00:00
413223720,HENG FENG YOU 15,tanker,,413,China,中國,19,critical,4,0,,0,taiwan-penghu-kinmen-matsu-no-3-tpkm3;taiwan-strait-express-1-tse-1,5.2,0,0,福清灣/海壇 Fuqing,2026-08-28T05:01:48.482487+00:00,,,635.0,,26.23304,119.844587,eez,2026-09-23T21:54:36.888155+00:00
413231170,JIA NUO BEI,cargo,,413,China,中國,19,critical,5,2.7,,0,taiwan-penghu-kinmen-matsu-no-3-tpkm3;taiwan-strait-express-1-tse-1,0.0,0,0,深滬灣/圍頭東 Shenhu,2026-09-26T10:00:01.245943+00:00,,,26.7,,26.969292,120.304467,eez,2026-09-27T16:13:45.102927+00:00
413231180,AO DUO JIA,cargo,,413,China,中國,19,critical,6,0,,0,taiwan-penghu-kinmen-matsu-no-2-tpkm2;taiwan-penghu-kinmen-matsu-no-3-tpkm3,0.0,0,0,廈門 Xiamen,2026-09-19T04:10:10.354503+00:00,廈門 Xiamen,2026-09-25T23:43:08.293870+00:00,158.3,,24.418022,118.007133,eez,2026-09-27T04:51:19.105185+00:00
413236330,QI HANG DA,cargo,,413,China,中國,19,critical,4,0,,0,taiwan-penghu-kinmen-matsu-no-3-tpkm3;taiwan-strait-express-1-tse-1,0.0,0,0,深滬灣/圍頭東 Shenhu,2026-09-02T13:05:35.852197+00:00,,,416.7,,27.763712,121.013612,eez,2026-09-20T00:31:18.688825+00:00
413266620,XINGFA628,cargo,,413,China,中國,19,critical,4,0,,0,taiwan-penghu-kinmen-matsu-no-2-tpkm2,0.0,0,0,汕頭港外 Shantou-appr,2026-09-23T21:54:36.888155+00:00,,,0.0,,23.522552,117.409627,eez,2026-09-24T04:15:53.594592+00:00
413277380,HEHUI,cargo,,413,China,中國,19,critical,2,0,,0,eac-c2c;taiwan-penghu-kinmen-matsu-no-2-tpkm2;taiwan-penghu-kinmen-matsu-no-3-tpkm3,6.4,0,0,台北港 Taipei,2026-09-23T04:56:38.976277+00:00,,,18.1,,23.748373,120.126588,internal_waters,2026-09-24T04:15:53.594592+00:00
413358810,XING WANG FA,cargo,,413,China,中國,19,critical,7,0,,0,taiwan-penghu-kinmen-matsu-no-3-tpkm3;taiwan-strait-express-1-tse-1,0.0,0,0,,,,,659.3,未觀測到靠港,25.894097,119.818792,eez,2026-09-27T16:13:45.102927+00:00
413365250,JIN PENG 518,cargo,,413,China,中國,19,critical,6,0,,0,cross-straits-cable-network;taiwan-penghu-kinmen-matsu-no-2-tpkm2;taiwan-penghu-kinmen-matsu-no-3-tpkm3,0.0,0,0,深滬灣/圍頭東 Shenhu,2026-09-23T04:56:38.976277+00:00,,,10.2,,23.691498,117.650765,eez,2026-09-24T05:06:41.799739+00:00
413366110,XIN HUA 628,cargo,,413,China,中國,19,critical,4,0,,0,taiwan-penghu-kinmen-matsu-no-2-tpkm2;taiwan-penghu-kinmen-matsu-no-3-tpkm3,0.0,0,0,汕頭港外 Shantou-appr,2026-09-07T10:32:14.025579+00:00,,,156.9,,27.824185,120.872537,eez,2026-09-24T04:15:53.594592+00:00
413405390,ZHONG HAI YOU 698,tanker,,413,China,中國,19,critical,5,8.8,0.8,0,taiwan-penghu-kinmen-matsu-no-2-tpkm2;taiwan-penghu-kinmen-matsu-no-3-tpkm3;taiwan-strait-express-1-tse-1,5.1,0,0,,,,,198.4,未觀測到靠港,26.136178,119.807533,eez,2026-09-06T04:04:01.481536+00:00
413541760,HE HAI JIA ZE,cargo,,413,China,中國,19,critical,1,0,,0,taiwan-penghu-kinmen-matsu-no-2-tpkm2;taiwan-penghu-kinmen-matsu-no-3-tpkm3,0.0,0,0,汕頭港外 Shantou-appr,2026-09-21T05:11:06.924663+00:00,,,55.5,,23.614823,117.579827,eez,2026-09-24T04:15:53.594592+00:00
413542630,CHANG YUAN BO 9,cargo,,413,China,中國,19,critical,6,0,,0,taiwan-penghu-kinmen-matsu-no-3-tpkm3,0.0,0,0,大嶝/圍頭灣 Weitou,2026-09-25T05:08:45.914390+00:00,大嶝/圍頭灣 Weitou,2026-09-25T16:20:22.361665+00:00,4.0,,24.50693,118.218893,eez,2026-09-26T04:32:50.104126+00:00
413545330,AN QIU 5,cargo,,413,China,中國,19,critical,4,0,,0,taiwan-strait-express-1-tse-1,0.0,0,0,閩江口錨地 Minjiangkou,2026-09-21T00:40:54.264899+00:00,,,11.0,,27.021477,120.366883,eez,2026-09-21T15:30:24.167048+00:00
413597850,SHENG HANG HUA 18,tanker,,413,China,中國,19,critical,2,0,,0,apcn-2;taiwan-penghu-kinmen-matsu-no-2-tpkm2;taiwan-penghu-kinmen-matsu-no-3-tpkm3,0.0,0,0,湄洲灣泉港 Meizhouwan,2026-09-03T03:58:51.917263+00:00,,,467.3,,24.418625,118.66576,eez,2026-09-22T16:06:50.564489+00:00
413692490,HUA HANG 3,cargo,,413,China,中國,19,critical,7,3.9,0.4,0,apcn-2;eac-c2c;taiwan-matsu-no-4;taiwan-penghu-kinmen-matsu-no-2-tpkm2;taiwan-penghu-kinmen-matsu-no-3-tpkm3;taiwan-strait-express-1-tse-1,0.0,0,0,基隆港 Keelung,2026-09-27T05:29:23.388990+00:00,,,18.2,,24.314162,118.350243,eez,2026-09-28T04:53:26.717713+00:00
413693120,SHENGDA6,cargo,,413,China,中國,19,critical,4,12.0,0.7,0,taiwan-penghu-kinmen-matsu-no-3-tpkm3;taiwan-strait-express-1-tse-1,0.0,0,0,福州馬尾 Fuzhou-Mawei,2026-09-21T00:40:54.264899+00:00,福州馬尾 Fuzhou-Mawei,2026-09-23T01:05:22.428388+00:00,41.3,,26.013982,119.483922,eez,2026-09-24T04:15:53.594592+00:00
413703060,DE SHENG 6,cargo,,413,China,中國,19,critical,5,0,,0,taiwan-penghu-kinmen-matsu-no-2-tpkm2;taiwan-penghu-kinmen-matsu-no-3-tpkm3;taiwan-strait-express-1-tse-1,0.0,0,0,福州馬尾 Fuzhou-Mawei,2026-09-27T21:44:40.512664+00:00,,,3.5,,25.657867,119.954573,eez,2026-09-28T04:53:26.717713+00:00
413706320,DONG SHAN 25,cargo,,413,China,中國,19,critical,7,111.3,0.0,1,taiwan-penghu-kinmen-matsu-no-2-tpkm2;taiwan-penghu-kinmen-matsu-no-3-tpkm3;taiwan-strait-express-1-tse-1,10.6,0,0,馬祖福澳港 Matsu,2026-09-27T01:03:54.816309+00:00,,,24.0,,26.160542,119.907743,eez,2026-09-28T04:53:26.717713+00:00
413706840,FANG ZHOU 33,cargo,,413,China,中國,19,critical,7,0,,0,taiwan-penghu-kinmen-matsu-no-2-tpkm2;taiwan-penghu-kinmen-matsu-no-3-tpkm3,0.0,0,0,廈門 Xiamen,2026-09-25T16:20:22.361665+00:00,廈門 Xiamen,2026-09-27T10:40:47.722453+00:00,34.4,,24.442825,118.041533,eez,2026-09-27T16:13:45.102927+00:00
413816049,WANHUAIYUANGYOU998,cargo,,413,China,中國,19,critical,6,7.9,0.2,0,taiwan-penghu-kinmen-matsu-no-3-tpkm3,0.0,0,0,,,,,31.4,未觀測到靠港,26.211227,119.810415,eez,2026-08-30T14:06:31.206236+00:00
416005061,CHENG EN NO 168,fishing,,416,Taiwan,台灣,19,critical,1,4.1,2.8,0,apcn-2;faster;southeast-asia-japan-cable-2-sjc2,0.0,0,0,八斗子漁港 Badouzi,2026-08-16T23:11:17.313925+00:00,,,890.6,,25.910708,122.137422,contiguous_zone,2026-09-24T04:15:53.594592+00:00
416006175,TONG YEA NO 9,tanker,,416,Taiwan,台灣,19,critical,5,0,,0,taiwan-penghu-kinmen-matsu-no-2-tpkm2;taiwan-penghu-kinmen-matsu-no-3-tpkm3,0.0,0,0,復國墩漁港 Fuguodun,2026-09-18T21:22:29.428453+00:00,小港臨海新村漁港 Xiaogang,2026-09-20T04:29:26.367004+00:00,23.7,,22.565837,120.308777,internal_waters,2026-09-26T04:32:50.104126+00:00
416006839,YE XIN,cargo,,416,Taiwan,台灣,19,critical,2,0,,0,cross-straits-cable-network;taiwan-penghu-kinmen-matsu-no-2-tpkm2;taiwan-penghu-kinmen-matsu-no-3-tpkm3,0.0,0,0,大嶝/圍頭灣 Weitou,2026-09-22T05:12:21.147253+00:00,復國墩漁港 Fuguodun,2026-09-22T13:47:48.731029+00:00,0.0,,24.407905,118.426523,eez,2026-09-27T04:51:19.105185+00:00
477407600,FENG ZE YUAN,cargo,,477,Hong Kong,香港,19,critical,7,19.5,0.1,4,eac-c2c;taiwan-penghu-kinmen-matsu-no-2-tpkm2;taiwan-penghu-kinmen-matsu-no-3-tpkm3,0.0,0,0,台北港 Taipei,2026-09-23T04:56:38.976277+00:00,,,114.7,,24.455115,117.969213,eez,2026-09-28T04:53:26.717713+00:00
477928900,BOHAI STAR,cargo,,477,Hong Kong,香港,19,critical,7,3.8,2.5,0,faster;taiwan-matsu-no-4;taiwan-penghu-kinmen-matsu-no-2-tpkm2;taiwan-penghu-kinmen-matsu-no-3-tpkm3;taiwan-strait-express-1-tse-1,0.0,0,0,福州馬尾 Fuzhou-Mawei,2026-09-02T00:40:45.000416+00:00,,,0.8,,26.110167,119.927798,eez,2026-09-02T04:48:40.622480+00:00
538011302,MMSI-538011302,cargo,,538,Marshall Is,馬紹爾群島,19,critical,4,5.8,0.8,0,apcn-2;asia-pacific-gateway-apg;flag-north-asia-loopreach-north-asia-loop;taiwan-penghu-kinmen-matsu-no-2-tpkm2;taiwan-penghu-kinmen-matsu-no-3-tpkm3,8.6,0,0,,,,,246.0,未觀測到靠港,20.626378,121.178868,eez,2026-08-31T18:36:53.316921+00:00
563312900,EVER WORLD,cargo,,563,Singapore,新加坡,19,critical,4,0,,0,eac-c2c;faster;taiwan-matsu-no-4;taiwan-penghu-kinmen-matsu-no-2-tpkm2;taiwan-penghu-kinmen-matsu-no-3-tpkm3,0.0,0,0,鳳鼻頭漁港 Fengbitou,2026-09-19T04:48:00.298551+00:00,,,114.6,,22.447647,120.05899,territorial_sea,2026-09-24T04:15:53.594592+00:00
620800182,GEMS,cargo,,620,Comoros,葛摩,19,critical,4,0,,0,taiwan-penghu-kinmen-matsu-no-2-tpkm2,23.7,1,0,,,,,938.2,未觀測到靠港,22.687283,120.197917,internal_waters,2026-09-24T04:15:53.594592+00:00
667001341,KUN PENG,tanker,,667,Sierra Leone,獅子山,19,critical,5,38.5,1.0,1,eac-c2c;taiwan-matsu-no-4;taiwan-penghu-kinmen-matsu-no-2-tpkm2;taiwan-penghu-kinmen-matsu-no-3-tpkm3;taiwan-strait-express-1-tse-1;trans-pacific-express-tpe-cable-system,0.0,1,0,麗水漁港 Lishui,2026-09-23T04:56:38.976277+00:00,,,114.7,,25.737922,121.730805,contiguous_zone,2026-09-28T04:53:26.717713+00:00
667001488,GRAND FUTURE,tanker,,667,Sierra Leone,獅子山,19,critical,5,0,,0,taiwan-penghu-kinmen-matsu-no-2-tpkm2,14.6,1,0,,,,,671.4,未觀測到靠港,24.25175,120.4618,internal_waters,2026-09-25T04:28:34.378018+00:00
273124720,SFEN,tanker,,273,Russia,俄羅斯,18,critical,7,0,,0,asia-united-gateway-east-aug-east,4.4,1,1,,,,,173.6,未觀測到靠港,24.039713,118.648985,eez,2026-09-07T10:32:14.025579+00:00
412060089,MINLIANYU60089,fishing,,412,China,中國,18,critical,7,6.3,0.7,0,taiwan-penghu-kinmen-matsu-no-3-tpkm3;taiwan-strait-express-1-tse-1,0.0,0,0,,,,,235.3,未觀測到靠港,26.1708,119.77874,eez,2026-09-27T10:40:47.722453+00:00
412441236,MINLIANYU68975,fishing,,412,China,中國,18,critical,4,11.5,0.4,4,taiwan-matsu-no-4;taiwan-penghu-kinmen-matsu-no-2-tpkm2;taiwan-strait-express-1-tse-1,0.0,0,0,,,,,532.5,未觀測到靠港,23.499292,117.472762,eez,2026-09-07T04:57:56.102287+00:00
412441296,MIN LIAN YU 60915,fishing,,412,China,中國,18,critical,7,8.5,1.7,4,taiwan-matsu-no-4;taiwan-penghu-kinmen-matsu-no-3-tpkm3,0.0,0,0,,,,,252.8,未觀測到靠港,26.26943,120.25652,eez,2026-09-28T04:53:26.717713+00:00
412441438,MINLIANYU61868,fishing,,412,China,中國,18,critical,2,3.3,0.7,0,taiwan-matsu-no-4;taiwan-penghu-kinmen-matsu-no-3-tpkm3;taiwan-strait-express-1-tse-1,0.0,0,0,,,,,661.9,未觀測到靠港,25.92753,120.29939,eez,2026-09-21T15:30:24.167048+00:00
412444574,MINLONGYUYUN60730,fishing,,412,China,中國,18,critical,4,7.6,2.2,0,apcn-2;eac-c2c;southeast-asia-japan-cable-2-sjc2;taiwan-penghu-kinmen-matsu-no-2-tpkm2;taiwan-penghu-kinmen-matsu-no-3-tpkm3,0.0,0,0,,,,,667.8,未觀測到靠港,25.56777,122.72053,eez,2026-09-22T05:12:21.147253+00:00
412444631,MINZHANGYU60619,fishing,,412,China,中國,18,critical,3,17.7,3.6,1,taiwan-penghu-kinmen-matsu-no-3-tpkm3,0.0,0,0,,,,,698.4,未觀測到靠港,24.30502,118.60875,eez,2026-09-23T04:20:01.078375+00:00
412444880,XING DONG 18,cargo,,412,China,中國,18,critical,7,41.4,0.2,7,cross-straits-cable-network;taiwan-penghu-kinmen-matsu-no-2-tpkm2;taiwan-penghu-kinmen-matsu-no-3-tpkm3,0.0,0,0,湄洲灣泉港 Meizhouwan,2026-09-25T05:08:45.914390+00:00,,,66.5,,24.33431,118.370975,eez,2026-09-28T04:53:26.717713+00:00
412445025,08875,fishing,,412,China,中國,18,critical,4,3.5,1.9,0,taiwan-penghu-kinmen-matsu-no-2-tpkm2;taiwan-penghu-kinmen-matsu-no-3-tpkm3,0.0,0,0,深滬灣/圍頭東 Shenhu,2026-09-23T13:58:51.187032+00:00,,,0.0,,24.50526,118.63841,eez,2026-09-23T15:57:04.675481+00:00
412447746,MINLIANYU60408,fishing,,412,China,中國,18,critical,4,6.3,2.7,0,taiwan-matsu-no-4;taiwan-penghu-kinmen-matsu-no-2-tpkm2;taiwan-penghu-kinmen-matsu-no-3-tpkm3;taiwan-strait-express-1-tse-1,0.0,0,0,,,,,711.6,未觀測到靠港,26.58168,121.20727,eez,2026-09-24T00:59:15.889391+00:00
413230740,SHUNHONGHAI 818,cargo,,413,China,中國,18,critical,7,0,,0,cross-straits-cable-network;taiwan-penghu-kinmen-matsu-no-2-tpkm2;taiwan-penghu-kinmen-matsu-no-3-tpkm3,0.0,0,0,深滬灣/圍頭東 Shenhu,2026-09-27T01:03:54.816309+00:00,,,0.0,,24.513892,118.466627,eez,2026-09-27T04:51:19.105185+00:00
413315130,LONG MEN ZHI XING,cargo,,413,China,中國,18,critical,5,0,,0,cross-straits-cable-network;taiwan-penghu-kinmen-matsu-no-2-tpkm2;taiwan-penghu-kinmen-matsu-no-3-tpkm3,0.0,0,0,深滬灣/圍頭東 Shenhu,2026-09-21T23:45:03.856684+00:00,深滬灣/圍頭東 Shenhu,2026-09-22T13:47:48.731029+00:00,5.8,,24.534795,118.386693,eez,2026-09-26T04:32:50.104126+00:00
413349090,DONGFANGYUANYUAN_1,cargo,,413,China,中國,18,critical,5,0,,0,apcn-2;taiwan-matsu-no-4;taiwan-penghu-kinmen-matsu-no-2-tpkm2;taiwan-penghu-kinmen-matsu-no-3-tpkm3,0.0,0,0,,,,,477.6,未觀測到靠港,23.35074,117.326453,eez,2026-09-24T18:46:10.094585+00:00
413400630,HAI XIN YOU 602,tanker,,413,China,中國,18,critical,3,0,,0,southeast-asia-japan-cable-sjc;taiwan-penghu-kinmen-matsu-no-2-tpkm2;taiwan-penghu-kinmen-matsu-no-3-tpkm3,0.0,0,0,莆田湄洲灣 Putian,2026-09-21T00:40:54.264899+00:00,同安灣/廈門灣北 Tongan,2026-09-24T00:59:15.889391+00:00,52.2,,24.538833,118.0881,eez,2026-09-24T04:15:53.594592+00:00
413442370,HE HUI 18,cargo,,413,China,中國,18,critical,1,0,,0,eac-c2c;taiwan-penghu-kinmen-matsu-no-3-tpkm3;taiwan-strait-express-1-tse-1,0.0,0,0,台北港 Taipei,2026-09-23T04:56:38.976277+00:00,,,11.7,,26.484777,119.854915,eez,2026-09-23T21:54:36.888155+00:00
413451656,MMSI-413451656,cargo,,413,China,中國,18,critical,7,5.7,3.1,0,taiwan-penghu-kinmen-matsu-no-2-tpkm2;taiwan-penghu-kinmen-matsu-no-3-tpkm3,0.0,0,0,,,,,610.2,未觀測到靠港,24.298903,118.650873,eez,2026-09-26T15:33:47.330971+00:00
413875318,14527,coastguard,coastguard,413,China,中國,18,critical,5,0,,0,taiwan-penghu-kinmen-matsu-no-2-tpkm2,0.0,0,0,廈門 Xiamen,2026-09-24T05:06:41.799739+00:00,大嶝/圍頭灣 Weitou,2026-09-28T04:53:26.717713+00:00,72.4,,24.50288,118.21503,eez,2026-09-28T04:53:26.717713+00:00
416004982,YU FUH SHYANA 668,fishing,,416,Taiwan,台灣,18,critical,1,0.7,,0,eac-c2c;faster;trans-pacific-express-tpe-cable-system,0.0,0,0,富基漁港 Fuji,2026-09-23T15:57:04.675481+00:00,富基漁港 Fuji,2026-09-24T04:15:53.594592+00:00,0.0,,25.293952,121.5342,internal_waters,2026-09-24T04:15:53.594592+00:00
416006752,TA YU,cargo,,416,Taiwan,台灣,18,critical,2,2.6,,0,taiwan-penghu-kinmen-matsu-no-2-tpkm2;taiwan-penghu-kinmen-matsu-no-3-tpkm3,0.0,0,0,前鎮漁港 Qianzhen,2026-09-24T00:59:15.889391+00:00,,,0.0,,22.5991,120.288383,internal_waters,2026-09-24T04:15:53.594592+00:00
416006933,JI SHUN NO.10,fishing,,416,Taiwan,台灣,18,critical,2,0,,0,taiwan-penghu-kinmen-matsu-no-3-tpkm3,0.0,0,0,馬祖福澳港 Matsu,2026-09-07T00:30:10.743445+00:00,馬祖福澳港 Matsu,2026-09-18T00:54:25.501237+00:00,0.0,,26.160875,119.942827,eez,2026-09-23T01:05:22.428388+00:00
416042000,TAHO AFRICA,cargo,,416,Taiwan,台灣,18,critical,2,3.3,1.2,0,asia-united-gateway-east-aug-east;eac-c2c;h2-cable;new-cross-pacific-ncp-cable-system;taiwan-penghu-kinmen-matsu-no-3-tpkm3,0.0,0,0,台中港 Taichung,2026-09-24T10:16:19.934067+00:00,,,38.6,,22.606057,120.284052,internal_waters,2026-09-26T04:32:50.104126+00:00
477347200,GLORY TIANJIN,cargo,,477,Hong Kong,香港,18,critical,1,0,,0,apcn-2;taiwan-penghu-kinmen-matsu-no-3-tpkm3;trans-pacific-express-tpe-cable-system,0.0,0,0,小港臨海新村漁港 Xiaogang,2026-09-20T00:31:18.688825+00:00,,,13.3,,26.287022,121.221638,eez,2026-09-20T17:48:31.226510+00:00
636021200,EVER COMMAND,cargo,,636,Liberia,賴比瑞亞,18,critical,4,0,,0,eac-c2c;taiwan-penghu-kinmen-matsu-no-2-tpkm2;taiwan-penghu-kinmen-matsu-no-3-tpkm3;taiwan-strait-express-1-tse-1;trans-pacific-express-tpe-cable-system,0.0,0,0,小港臨海新村漁港 Xiaogang,2026-08-24T09:36:53.209692+00:00,,,111.6,,26.458427,119.915905,eez,2026-08-29T02:56:44.800599+00:00
667001650,HUIXIN,tanker,,667,Sierra Leone,獅子山,18,critical,3,19.2,0.5,0,trans-pacific-express-tpe-cable-system,0.0,1,0,,,,,921.1,未觀測到靠港,24.882582,120.243483,contiguous_zone,2026-09-23T04:20:01.078375+00:00
205433000,MMSI-205433000,cargo,,205,Belgium,比利時,17,critical,4,17.4,1.1,0,apcn-2;eac-c2c;taiwan-penghu-kinmen-matsu-no-2-tpkm2;taiwan-strait-express-1-tse-1;trans-pacific-express-tpe-cable-system,0.0,1,0,麗水漁港 Lishui,2026-08-16T15:12:17.466969+00:00,,,908.8,,22.15544,118.848355,eez,2026-09-23T13:58:51.187032+00:00
352003481,COUNTESS 9,tanker,,352,Panama,巴拿馬,17,critical,3,0,,0,asia-pacific-gateway-apg;asia-united-gateway-east-aug-east;eac-c2c;flag-north-asia-loopreach-north-asia-loop;seamewe-3;southeast-asia-japan-cable-2-sjc2;taiwan-penghu-kinmen-matsu-no-3-tpkm3,0.0,0,0,麗水漁港 Lishui,2026-08-27T21:40:15.702771+00:00,,,647.2,,24.240193,120.460077,internal_waters,2026-09-24T04:15:53.594592+00:00
352005538,NERIDA,cargo,,352,Panama,巴拿馬,17,critical,7,11.2,0.7,2,apcn-2;eac-c2c;faster;taiwan-penghu-kinmen-matsu-no-2-tpkm2;taiwan-penghu-kinmen-matsu-no-3-tpkm3;trans-pacific-express-tpe-cable-system,0.0,0,0,,,,,615.8,未觀測到靠港,25.795047,121.570388,contiguous_zone,2026-09-28T04:53:26.717713+00:00
354118000,LOS ANDES BRIDGE,cargo,,354,Panama,巴拿馬,17,critical,4,0.8,,0,eac-c2c;h2-cable;taiwan-penghu-kinmen-matsu-no-2-tpkm2;taiwan-penghu-kinmen-matsu-no-3-tpkm3;taiwan-strait-express-1-tse-1;trans-pacific-express-tpe-cable-system,0.0,0,0,小港臨海新村漁港 Xiaogang,2026-09-23T15:57:04.675481+00:00,,,9.3,,22.555075,120.241605,internal_waters,2026-09-24T04:15:53.594592+00:00
412060779,MINLONGYU60779,fishing,,412,China,中國,17,critical,1,3.8,2.3,0,taiwan-penghu-kinmen-matsu-no-2-tpkm2;taiwan-penghu-kinmen-matsu-no-3-tpkm3,0.0,0,0,,,,,672.2,未觀測到靠港,24.24947,118.40806,eez,2026-09-21T04:27:30.978051+00:00
412357090,XIN HONG 998,cargo,,412,China,中國,17,critical,4,0,,0,taiwan-strait-express-1-tse-1,3.1,0,0,閩江口錨地 Minjiangkou,2026-08-20T05:00:09.722056+00:00,,,385.9,,27.745445,121.001488,eez,2026-09-05T09:11:06.137565+00:00
412371670,SHUN TAI 88,cargo,,412,China,中國,17,critical,5,0,,0,apcn-2;southeast-asia-japan-cable-sjc;taiwan-penghu-kinmen-matsu-no-2-tpkm2,0.0,0,0,廈門 Xiamen,2026-09-19T16:10:04.172949+00:00,,,141.2,,24.384188,118.10447,eez,2026-09-25T16:20:22.361665+00:00
412380660,TUAN JIE FANG ZHOU,cargo,,412,China,中國,17,critical,4,0,,0,taiwan-penghu-kinmen-matsu-no-2-tpkm2;taiwan-penghu-kinmen-matsu-no-3-tpkm3;taiwan-strait-express-1-tse-1,0.0,0,0,廈門 Xiamen,2026-09-23T01:05:22.428388+00:00,福州馬尾 Fuzhou-Mawei,2026-09-24T00:59:15.889391+00:00,17.6,,26.002017,119.476853,eez,2026-09-24T04:15:53.594592+00:00
412400000,MIN DONG YU31822,fishing,,412,China,中國,17,critical,2,2.0,,0,taiwan-penghu-kinmen-matsu-no-3-tpkm3,0.0,0,0,,,,,191.2,未觀測到靠港,23.54876,117.48498,eez,2026-09-27T21:44:40.512664+00:00
412440213,MINLIANYU60456,fishing,,412,China,中國,17,critical,3,8.6,3.1,0,eac-c2c;taiwan-matsu-no-4;taiwan-penghu-kinmen-matsu-no-2-tpkm2;taiwan-penghu-kinmen-matsu-no-3-tpkm3;taiwan-strait-express-1-tse-1;trans-pacific-express-tpe-cable-system,0.0,0,0,,,,,691.8,未觀測到靠港,26.02556,120.95132,eez,2026-09-22T21:44:27.100940+00:00
412441044,MINLIANYU60129,fishing,,412,China,中國,17,critical,5,11.4,1.3,3,taiwan-matsu-no-4;taiwan-penghu-kinmen-matsu-no-3-tpkm3,0.0,0,0,,,,,240.8,未觀測到靠港,26.20727,120.26307,eez,2026-09-27T16:13:45.102927+00:00
412441066,MINLIANYU65391,fishing,,412,China,中國,17,critical,4,6.7,3.5,0,taiwan-matsu-no-4;taiwan-penghu-kinmen-matsu-no-3-tpkm3;taiwan-strait-express-1-tse-1,0.0,0,0,,,,,306.6,未觀測到靠港,25.87034,120.25431,eez,2026-09-07T04:03:02.203275+00:00
412441139,MINLIANYU,fishing,,412,China,中國,17,critical,7,11.6,1.1,3,taiwan-matsu-no-4;taiwan-penghu-kinmen-matsu-no-3-tpkm3,0.0,0,0,,,,,253.5,未觀測到靠港,26.09124,120.39507,eez,2026-09-28T04:53:26.717713+00:00
412441145,MINLIANYU60057,fishing,,412,China,中國,17,critical,5,11.2,1.4,0,taiwan-matsu-no-4;taiwan-penghu-kinmen-matsu-no-3-tpkm3,0.0,0,0,,,,,185.6,未觀測到靠港,26.10115,120.22713,eez,2026-09-27T16:13:45.102927+00:00
412441675,MIN LIAN YU 61816,fishing,,412,China,中國,17,critical,6,13.7,0.2,1,taiwan-matsu-no-4;taiwan-penghu-kinmen-matsu-no-2-tpkm2;taiwan-penghu-kinmen-matsu-no-3-tpkm3,0.0,0,0,,,,,252.8,未觀測到靠港,26.14594,120.62954,eez,2026-09-28T04:53:26.717713+00:00
412441719,MINLIANYUYUN60475,fishing,,412,China,中國,17,critical,5,18.9,1.1,3,taiwan-matsu-no-4;taiwan-penghu-kinmen-matsu-no-3-tpkm3,0.0,0,0,,,,,220.6,未觀測到靠港,26.20956,120.10826,eez,2026-09-27T05:29:23.388990+00:00
412442126,MINLIANYUYUN61189,fishing,,412,China,中國,17,critical,7,5.8,2.0,1,taiwan-matsu-no-4;taiwan-penghu-kinmen-matsu-no-3-tpkm3;taiwan-strait-express-1-tse-1,0.0,0,0,,,,,249.3,未觀測到靠港,26.31212,119.89095,eez,2026-09-28T01:21:43.156133+00:00
412442288,MINLIANYU60039,fishing,,412,China,中國,17,critical,4,5.8,2.2,0,taiwan-matsu-no-4;taiwan-penghu-kinmen-matsu-no-2-tpkm2;taiwan-penghu-kinmen-matsu-no-3-tpkm3;taiwan-strait-express-1-tse-1,0.0,0,0,,,,,652.2,未觀測到靠港,26.180145,120.158975,eez,2026-08-29T02:56:44.800599+00:00
412442739,MINLIANYU61875,fishing,,412,China,中國,17,critical,7,6.1,4.0,1,taiwan-matsu-no-4;taiwan-penghu-kinmen-matsu-no-2-tpkm2;taiwan-penghu-kinmen-matsu-no-3-tpkm3;taiwan-strait-express-1-tse-1,0.0,0,0,,,,,250.2,未觀測到靠港,25.97551,120.41002,eez,2026-09-28T04:53:26.717713+00:00
412442808,MINCHANGYU23037,fishing,,412,China,中國,17,critical,4,4.5,1.8,0,taiwan-penghu-kinmen-matsu-no-3-tpkm3;taiwan-strait-express-1-tse-1,0.0,0,0,,,,,619.0,未觀測到靠港,25.92069,119.8098,eez,2026-09-23T21:54:36.888155+00:00
412442975,MINLIANYU60415,fishing,,412,China,中國,17,critical,2,3.7,2.8,0,taiwan-matsu-no-4;taiwan-penghu-kinmen-matsu-no-2-tpkm2;taiwan-penghu-kinmen-matsu-no-3-tpkm3;taiwan-strait-express-1-tse-1,0.0,0,0,,,,,613.0,未觀測到靠港,26.441822,121.1728,eez,2026-09-23T13:58:51.187032+00:00
412442988,MINLIANYU60966,fishing,,412,China,中國,17,critical,4,7.5,3.3,0,taiwan-matsu-no-4;taiwan-penghu-kinmen-matsu-no-2-tpkm2;taiwan-penghu-kinmen-matsu-no-3-tpkm3;taiwan-strait-express-1-tse-1;trans-pacific-express-tpe-cable-system,0.0,0,0,,,,,690.9,未觀測到靠港,25.82468,120.66551,eez,2026-09-23T04:20:01.078375+00:00
412444423,09866,fishing,,412,China,中國,17,critical,6,0,,0,taiwan-penghu-kinmen-matsu-no-3-tpkm3,0.0,0,0,,,,,196.9,未觀測到靠港,24.21177,118.18282,eez,2026-09-26T18:11:05.265483+00:00
412445637,MINLIANYU60011,fishing,,412,China,中國,17,critical,4,8.5,3.0,0,eac-c2c;taiwan-matsu-no-4;taiwan-penghu-kinmen-matsu-no-2-tpkm2;taiwan-penghu-kinmen-matsu-no-3-tpkm3;taiwan-strait-express-1-tse-1;trans-pacific-express-tpe-cable-system,0.0,0,0,,,,,705.5,未觀測到靠港,26.19752,121.16617,eez,2026-09-23T18:55:58.874562+00:00
412447433,MINLONGYU65786,fishing,,412,China,中國,17,critical,1,0,,0,taiwan-penghu-kinmen-matsu-no-2-tpkm2;taiwan-penghu-kinmen-matsu-no-3-tpkm3,0.0,0,0,廈門 Xiamen,2026-09-04T09:46:09.453323+00:00,,,399.4,,24.705452,119.163847,eez,2026-08-24T04:13:24.721954+00:00
412448947,MINXIAYU01106,fishing,,412,China,中國,17,critical,3,0,,0,eac-c2c;trans-pacific-express-tpe-cable-system,0.0,0,0,,,,,686.2,未觀測到靠港,26.34372,121.86214,eez,2026-09-22T16:06:50.564489+00:00
412449534,MINLIANYUYUN60382,fishing,,412,China,中國,17,critical,4,6.6,3.1,0,eac-c2c;taiwan-matsu-no-4;taiwan-penghu-kinmen-matsu-no-3-tpkm3;taiwan-strait-express-1-tse-1,0.0,0,0,,,,,702.5,未觀測到靠港,25.7164,120.58428,eez,2026-09-23T15:57:04.675481+00:00
412460751,YUE RAO PING 46102,fishing,,412,China,中國,17,critical,6,4.5,2.4,2,apcn-2;seamewe-3,0.0,0,0,,,,,195.6,未觀測到靠港,23.24266,117.00806,eez,2026-09-26T04:32:50.104126+00:00
412501760,JIN HANG CHANG,cargo,,412,China,中國,17,critical,4,0,,0,taiwan-penghu-kinmen-matsu-no-2-tpkm2;taiwan-penghu-kinmen-matsu-no-3-tpkm3;taiwan-strait-express-1-tse-1,0.0,0,0,福州馬尾 Fuzhou-Mawei,2026-09-01T10:15:55.563560+00:00,,,452.1,,23.4138,117.177153,eez,2026-09-20T09:54:18.045676+00:00
412510058,MINLONGWENYU65186,fishing,,412,China,中國,17,critical,4,15.1,0.9,0,cross-straits-cable-network,0.0,0,0,,,,,585.1,未觀測到靠港,24.45135,118.19047,eez,2026-09-24T00:59:15.889391+00:00
412521070,FU FENG 6,cargo,,412,China,中國,17,critical,7,19.3,0.0,1,apcn-2;asia-united-gateway-east-aug-east;eac-c2c;faster;flag-north-asia-loopreach-north-asia-loop;h2-cable;new-cross-pacific-ncp-cable-system;taiwan-matsu-no-4;taiwan-penghu-kinmen-matsu-no-2-tpkm2;taiwan-penghu-kinmen-matsu-no-3-tpkm3;taiwan-strait-express-1-tse-1,0.0,0,0,前鎮漁港 Qianzhen,2026-09-24T13:55:47.379231+00:00,,,84.6,,24.27257,120.522468,internal_waters,2026-09-28T04:53:26.717713+00:00
412570730,HAI YING 16,cargo,,412,China,中國,17,critical,4,0,,0,taiwan-strait-express-1-tse-1,0.0,0,0,福清灣/海壇 Fuqing,2026-08-28T11:34:06.990542+00:00,福清灣/海壇 Fuqing,2026-09-06T04:52:03.960094+00:00,199.6,,25.940783,119.3841,eez,2026-09-07T10:32:14.025579+00:00
412702240,JIANG XIN 12,cargo,,412,China,中國,17,critical,4,0,,0,taiwan-penghu-kinmen-matsu-no-2-tpkm2;taiwan-penghu-kinmen-matsu-no-3-tpkm3;taiwan-strait-express-1-tse-1,0.0,0,0,廈門 Xiamen,2026-09-26T15:33:47.330971+00:00,,,20.2,,26.467907,119.887653,eez,2026-09-27T14:25:43.882565+00:00
412703860,HUA XIN 858,cargo,,412,China,中國,17,critical,4,0.7,,0,taiwan-penghu-kinmen-matsu-no-2-tpkm2;taiwan-penghu-kinmen-matsu-no-3-tpkm3;taiwan-strait-express-1-tse-1,0.0,0,0,閩江口錨地 Minjiangkou,2026-09-22T21:44:27.100940+00:00,廈門 Xiamen,2026-09-23T18:55:58.874562+00:00,14.9,,24.44159,118.03216,eez,2026-09-24T04:15:53.594592+00:00
412704030,HAI GONG 169,tanker,,412,China,中國,17,critical,6,0,,0,taiwan-penghu-kinmen-matsu-no-2-tpkm2;taiwan-penghu-kinmen-matsu-no-3-tpkm3,2.1,0,0,廈門 Xiamen,2026-09-25T05:08:45.914390+00:00,廈門 Xiamen,2026-09-25T14:19:32.550957+00:00,0.0,,24.4321,118.041013,eez,2026-09-26T04:32:50.104126+00:00
413221780,HUA XIN CHANG HE,cargo,,413,China,中國,17,critical,4,0,,0,taiwan-penghu-kinmen-matsu-no-2-tpkm2;taiwan-penghu-kinmen-matsu-no-3-tpkm3;taiwan-strait-express-1-tse-1,0.0,0,0,廈門 Xiamen,2026-09-05T15:42:59.107474+00:00,,,441.6,,25.6335,119.952773,eez,2026-09-24T04:15:53.594592+00:00
413231260,HAI XIANG 558,cargo,,413,China,中國,17,critical,4,0,,0,taiwan-strait-express-1-tse-1,6.5,0,0,,,,,809.0,未觀測到靠港,26.130848,119.719467,eez,2026-09-24T04:15:53.594592+00:00
413240370,HUIYING169,cargo,,413,China,中國,17,critical,4,6.1,1.1,0,taiwan-penghu-kinmen-matsu-no-2-tpkm2;taiwan-penghu-kinmen-matsu-no-3-tpkm3;taiwan-strait-express-1-tse-1,0.0,0,0,汕頭 Shantou,2026-09-04T09:46:09.453323+00:00,,,59.5,,26.479342,119.87184,eez,2026-09-07T00:30:10.743445+00:00
413254270,SHOU XIANG,cargo,,413,China,中國,17,critical,3,0,,0,taiwan-penghu-kinmen-matsu-no-3-tpkm3;taiwan-strait-express-1-tse-1,0.0,0,0,,,,,663.3,未觀測到靠港,26.4102,119.9322,eez,2026-09-26T04:32:50.104126+00:00
413272940,YI TAI RONG,cargo,,413,China,中國,17,critical,4,5.3,0.5,0,taiwan-penghu-kinmen-matsu-no-2-tpkm2;taiwan-penghu-kinmen-matsu-no-3-tpkm3;taiwan-strait-express-1-tse-1,0.0,0,0,漳州東山 Dongshan,2026-09-05T22:29:16.547946+00:00,,,153.6,,26.421097,119.947133,eez,2026-09-24T04:15:53.594592+00:00
413326190,RI  YOU  6,tanker,,413,China,中國,17,critical,2,0,,0,taiwan-penghu-kinmen-matsu-no-2-tpkm2;taiwan-penghu-kinmen-matsu-no-3-tpkm3,4.0,0,0,湄洲灣泉港 Meizhouwan,2026-09-24T13:55:47.379231+00:00,,,24.0,,24.321787,118.214227,eez,2026-09-25T16:20:22.361665+00:00
413345270,QI HANG XING WANG,cargo,,413,China,中國,17,critical,3,0,,0,taiwan-penghu-kinmen-matsu-no-3-tpkm3;taiwan-strait-express-1-tse-1,7.6,0,0,,,,,903.7,未觀測到靠港,24.226383,118.508987,eez,2026-09-24T04:15:53.594592+00:00
413351880,JIA NAN 33,cargo,,413,China,中國,17,critical,3,0,,0,taiwan-penghu-kinmen-matsu-no-2-tpkm2,0.0,0,0,湄洲灣泉港 Meizhouwan,2026-09-22T05:12:21.147253+00:00,湄洲灣泉港 Meizhouwan,2026-09-23T04:20:01.078375+00:00,15.0,,24.90494,119.07276,eez,2026-09-23T04:20:01.078375+00:00
413371410,BAO XIN HAI,cargo,,413,China,中國,17,critical,4,15.5,0.2,0,taiwan-penghu-kinmen-matsu-no-2-tpkm2;taiwan-penghu-kinmen-matsu-no-3-tpkm3,0.0,0,0,深滬灣/圍頭東 Shenhu,2026-08-29T13:14:06.253758+00:00,,,193.8,,27.01433,120.553558,eez,2026-09-06T15:54:14.180092+00:00
413454360,HEBIN,cargo,,413,China,中國,17,critical,4,3.9,2.7,0,apcn-2;eac-c2c;faster;taiwan-strait-express-1-tse-1;trans-pacific-express-tpe-cable-system,0.0,0,0,台中港 Taichung,2026-09-23T10:10:32.731426+00:00,,,14.3,,26.99485,121.543547,eez,2026-09-24T04:15:53.594592+00:00
413486680,SUIFUHANG888,cargo,,413,China,中國,17,critical,1,0,,0,,0.0,0,0,,,,,895.2,未觀測到靠港,23.5141,117.384933,eez,2026-09-21T04:27:30.978051+00:00
413486960,MMSI-413486960,cargo,,413,China,中國,17,critical,2,0,,0,cross-straits-cable-network;taiwan-penghu-kinmen-matsu-no-2-tpkm2;taiwan-penghu-kinmen-matsu-no-3-tpkm3,3.1,0,0,深滬灣/圍頭東 Shenhu,2026-09-22T04:22:57.752949+00:00,深滬灣/圍頭東 Shenhu,2026-09-23T01:05:22.428388+00:00,11.6,,24.520695,118.35036,eez,2026-09-26T04:32:50.104126+00:00
413619710,JIN GUI YUAN,tanker,,413,China,中國,17,critical,7,3.3,3.4,0,taiwan-penghu-kinmen-matsu-no-2-tpkm2;taiwan-penghu-kinmen-matsu-no-3-tpkm3,0.0,0,0,漳州東山 Dongshan,2026-09-05T04:42:29.611877+00:00,,,544.2,,25.237183,119.700173,eez,2026-09-28T01:21:43.156133+00:00
413690810,YING HAI 29,cargo,,413,China,中國,17,critical,1,0,,0,taiwan-penghu-kinmen-matsu-no-2-tpkm2;taiwan-penghu-kinmen-matsu-no-3-tpkm3;taiwan-strait-express-1-tse-1,0.0,0,0,廈門 Xiamen,2026-09-20T00:31:18.688825+00:00,,,37.2,,25.883667,119.880117,eez,2026-09-21T17:40:43.383432+00:00
413696850,HENGJUN228,cargo,,413,China,中國,17,critical,4,0,,0,taiwan-penghu-kinmen-matsu-no-2-tpkm2;taiwan-penghu-kinmen-matsu-no-3-tpkm3,0.0,0,0,廈門 Xiamen,2026-09-23T15:57:04.675481+00:00,,,3.0,,24.571987,118.714027,eez,2026-09-23T21:54:36.888155+00:00
413699010,HUA XIN 117,cargo,,413,China,中國,17,critical,7,2.3,,0,taiwan-penghu-kinmen-matsu-no-2-tpkm2;taiwan-penghu-kinmen-matsu-no-3-tpkm3;taiwan-strait-express-1-tse-1,0.0,0,0,閩江口錨地 Minjiangkou,2026-09-28T01:21:43.156133+00:00,,,0.0,,25.808443,119.909213,eez,2026-09-28T04:53:26.717713+00:00
413699940,XING TONG 19,tanker,,413,China,中國,17,critical,3,0,,0,taiwan-penghu-kinmen-matsu-no-2-tpkm2;taiwan-penghu-kinmen-matsu-no-3-tpkm3,0.0,0,0,漳州東山 Dongshan,2026-09-21T23:45:03.856684+00:00,,,23.9,,24.983955,119.108238,eez,2026-09-24T04:15:53.594592+00:00
413703250,QIAN  HAI  83,cargo,,413,China,中國,17,critical,2,0,,0,taiwan-penghu-kinmen-matsu-no-2-tpkm2;taiwan-penghu-kinmen-matsu-no-3-tpkm3,0.0,0,0,泉州 Quanzhou,2026-09-27T21:44:40.512664+00:00,,,3.5,,24.323867,118.24328,eez,2026-09-28T04:53:26.717713+00:00
413875022,CHINACOASTGUGRD825,coastguard,coastguard,413,China,中國,17,critical,6,18.8,3.0,7,apcn-2;eac-c2c;southeast-asia-japan-cable-2-sjc2,0.0,0,0,,,,,234.9,未觀測到靠港,25.69429,122.64807,eez,2026-09-28T04:53:26.717713+00:00
416000648,YNG MAN NO.1,fishing,,416,Taiwan,台灣,17,critical,3,14.8,3.1,0,apcn-2;eac-c2c;faster;southeast-asia-japan-cable-2-sjc2,0.0,0,0,正濱漁港 Zhengbin,2026-09-20T00:31:18.688825+00:00,,,83.5,,25.813195,121.908852,contiguous_zone,2026-09-23T15:57:04.675481+00:00
416003991,WU ZHOU HUI FENG,cargo,,416,Taiwan,台灣,17,critical,1,0,,0,taiwan-penghu-kinmen-matsu-no-2-tpkm2;taiwan-penghu-kinmen-matsu-no-3-tpkm3,0.0,0,0,復國墩漁港 Fuguodun,2026-09-21T20:43:12.525617+00:00,,,4.6,,24.416852,118.511468,eez,2026-09-22T04:22:57.752949+00:00
416999006,OCEAN NO.8      11V5,unknown,,416,Taiwan,台灣,17,critical,1,0,,0,taiwan-penghu-kinmen-matsu-no-2-tpkm2,0.0,0,0,麗水漁港 Lishui,2026-08-21T05:00:30.100916+00:00,興達漁港 Xingda,2026-09-17T16:03:57.751884+00:00,363.3,,22.86433,120.199503,internal_waters,2026-09-24T04:15:53.594592+00:00
440187000,JN IRIS,tanker,,440,Korea,韓國,17,critical,4,12.6,0.0,0,eac-c2c;taiwan-strait-express-1-tse-1;trans-pacific-express-tpe-cable-system,0.0,1,0,台中港 Taichung,2026-08-21T05:00:30.100916+00:00,,,30.5,,26.362333,122.208433,eez,2026-08-22T12:26:21.545854+00:00
538008593,SC MONTREUX,cargo,,538,Marshall Is,馬紹爾群島,17,critical,7,13.0,2.7,0,apcn-2;eac-c2c;southeast-asia-japan-cable-2-sjc2,0.0,0,0,基隆港 Keelung,2026-09-03T21:31:20.880272+00:00,,,408.1,,20.332248,120.983832,eez,2026-09-21T00:40:54.264899+00:00
620800141,SHUN FONG,cargo,,620,Comoros,葛摩,17,critical,4,0,,0,taiwan-penghu-kinmen-matsu-no-2-tpkm2;taiwan-penghu-kinmen-matsu-no-3-tpkm3,6.7,1,0,,,,,932.4,未觀測到靠港,23.253182,119.817792,internal_waters,2026-09-24T04:15:53.594592+00:00
620999903,MAGICIAN 66,cargo,,620,Comoros,葛摩,17,critical,4,36.0,0.4,0,eac-c2c;taiwan-penghu-kinmen-matsu-no-3-tpkm3;taiwan-strait-express-1-tse-1;trans-pacific-express-tpe-cable-system,0.0,1,0,,,,,885.1,未觀測到靠港,22.73134,120.166053,internal_waters,2026-09-24T04:15:53.594592+00:00
631010157,HUIZHOU,tanker,,631,Equ. Guinea,赤道幾內亞,17,critical,7,22.1,1.3,0,eac-c2c;taiwan-penghu-kinmen-matsu-no-2-tpkm2;taiwan-penghu-kinmen-matsu-no-3-tpkm3;taiwan-strait-express-1-tse-1;trans-pacific-express-tpe-cable-system,0.0,1,0,,,,,119.0,未觀測到靠港,25.478192,120.633558,eez,2026-09-05T03:57:25.117144+00:00
636016327,FUJITRANS WORLD,cargo,,636,Liberia,賴比瑞亞,17,critical,1,5.5,1.2,1,taiwan-matsu-no-4;taiwan-strait-express-1-tse-1;trans-pacific-express-tpe-cable-system,0.0,0,0,台北港 Taipei,2026-08-31T05:49:54.519009+00:00,,,662.7,,25.373208,121.323955,territorial_sea,2026-09-28T04:53:26.717713+00:00
219646000,MATHILDE MAERSK,cargo,,219,Denmark,丹麥,16,critical,3,8.7,1.0,4,apcn-2;asia-direct-cable-adc;asia-pacific-gateway-apg;flag-north-asia-loopreach-north-asia-loop;new-cross-pacific-ncp-cable-system,2.2,1,0,,,,,96.3,未觀測到靠港,27.169933,122.716117,eez,2026-09-27T16:13:45.102927+00:00
273210110,PAMYAT KIROVA,cargo,,273,Russia,俄羅斯,16,critical,7,19.7,0.2,0,taiwan-matsu-no-4;taiwan-penghu-kinmen-matsu-no-2-tpkm2;taiwan-strait-express-1-tse-1,6.8,1,0,閩江口錨地 Minjiangkou,2026-09-22T13:47:48.731029+00:00,,,17.8,,27.348923,122.452695,eez,2026-09-24T18:46:10.094585+00:00
273260840,ARCTIC MULAN,tanker,,273,Russia,俄羅斯,16,critical,4,0,,0,flag-europe-asia-fea;flag-north-asia-loopreach-north-asia-loop,0.0,1,1,,,,,168.7,未觀測到靠港,23.30965,122.915213,eez,2026-09-28T01:21:43.156133+00:00
312960000,TA CHIN,cargo,,312,Belize,貝里斯,16,critical,7,5.2,4.4,0,eac-c2c;taiwan-matsu-no-4;taiwan-penghu-kinmen-matsu-no-2-tpkm2;taiwan-penghu-kinmen-matsu-no-3-tpkm3;trans-pacific-express-tpe-cable-system,0.0,1,0,高雄港 Kaohsiung,2026-09-04T13:01:24.739239+00:00,,,565.3,,22.770607,120.154713,internal_waters,2026-09-28T04:53:26.717713+00:00
352004467,JUI HO,cargo,,352,Panama,巴拿馬,16,critical,4,6.0,0.2,0,apcn-2;asia-pacific-gateway-apg;asia-united-gateway-east-aug-east;eac-c2c;flag-north-asia-loopreach-north-asia-loop;taiwan-penghu-kinmen-matsu-no-2-tpkm2;tpu,0.0,0,0,台中港 Taichung,2026-09-22T21:44:27.100940+00:00,,,75.5,,24.301467,121.757533,internal_waters,2026-09-26T04:32:50.104126+00:00
352005250,EARTH TWIN,cargo,,352,Panama,巴拿馬,16,critical,3,0,,0,apcn-2;asia-united-gateway-east-aug-east;eac-c2c;faster;taiwan-penghu-kinmen-matsu-no-3-tpkm3;taiwan-strait-express-1-tse-1,0.0,0,0,前鎮漁港 Qianzhen,2026-08-27T04:09:01.110749+00:00,,,46.5,,23.236757,122.737195,eez,2026-08-29T07:12:39.299265+00:00
370359000,C.S EXPLORATION,cargo,,370,Panama,巴拿馬,16,critical,7,3.8,1.4,0,taiwan-penghu-kinmen-matsu-no-2-tpkm2;taiwan-penghu-kinmen-matsu-no-3-tpkm3,0.0,1,0,,,,,173.6,未觀測到靠港,22.52485,120.252627,internal_waters,2026-09-07T10:32:14.025579+00:00
410000000,2,fishing,,410,Bhutan,不丹,16,critical,5,0,,0,eac-c2c;taiwan-matsu-no-4,0.0,1,0,漳州東山 Dongshan,2026-09-18T21:22:29.428453+00:00,,,192.7,,26.915847,120.632735,eez,2026-09-20T00:31:18.688825+00:00
412061157,61157,unknown,,412,China,中國,16,critical,1,5.7,3.9,0,taiwan-penghu-kinmen-matsu-no-2-tpkm2;taiwan-penghu-kinmen-matsu-no-3-tpkm3,0.0,0,0,,,,,342.3,未觀測到靠港,24.00007,118.64202,eez,2026-09-07T10:32:14.025579+00:00
412180000,HONG TAI         656,cargo,,412,China,中國,16,critical,4,0,,0,,5.1,0,0,漳州東山 Dongshan,2026-08-23T07:08:25.541801+00:00,,,741.1,,23.609522,117.518293,eez,2026-09-23T04:56:38.976277+00:00
412441122,MINLIANYU60197,fishing,,412,China,中國,16,critical,7,8.9,0.6,2,taiwan-matsu-no-4;taiwan-penghu-kinmen-matsu-no-3-tpkm3,0.0,0,0,,,,,252.8,未觀測到靠港,26.27558,120.20533,eez,2026-09-28T04:53:26.717713+00:00
412441144,MINLIANYU62182,fishing,,412,China,中國,16,critical,5,8.8,2.9,2,taiwan-matsu-no-4;taiwan-penghu-kinmen-matsu-no-3-tpkm3;taiwan-strait-express-1-tse-1,0.0,0,0,,,,,177.1,未觀測到靠港,26.06102,119.93101,eez,2026-09-25T19:03:12.158891+00:00
412441242,MINLIANYU60497,fishing,,412,China,中國,16,critical,2,0.8,,0,taiwan-matsu-no-4;taiwan-penghu-kinmen-matsu-no-3-tpkm3,0.0,0,0,,,,,168.9,未觀測到靠港,26.29105,120.51382,eez,2026-09-24T16:19:49.305902+00:00
412441464,MIN LIAN YU 24355,fishing,,412,China,中國,16,critical,2,0.8,,0,taiwan-penghu-kinmen-matsu-no-3-tpkm3,0.0,0,0,,,,,602.0,未觀測到靠港,26.26224,119.79673,eez,2026-09-23T04:56:38.976277+00:00
412441628,MINLIANYU60013,fishing,,412,China,中國,16,critical,5,6.8,3.8,1,taiwan-matsu-no-4;taiwan-penghu-kinmen-matsu-no-2-tpkm2;taiwan-penghu-kinmen-matsu-no-3-tpkm3;taiwan-strait-express-1-tse-1,0.0,0,0,,,,,229.2,未觀測到靠港,25.83597,120.38261,eez,2026-09-28T04:53:26.717713+00:00
412441699,MIN LIAN YU 68888,fishing,,412,China,中國,16,critical,4,4.5,3.0,0,eac-c2c;taiwan-matsu-no-4;taiwan-penghu-kinmen-matsu-no-2-tpkm2;taiwan-penghu-kinmen-matsu-no-3-tpkm3;taiwan-strait-express-1-tse-1,0.0,0,0,,,,,566.7,未觀測到靠港,26.00997,120.71624,eez,2026-09-21T17:40:43.383432+00:00
412442128,MINLIANYU60562,fishing,,412,China,中國,16,critical,5,7.5,1.0,2,taiwan-matsu-no-4;taiwan-penghu-kinmen-matsu-no-3-tpkm3,0.0,0,0,,,,,252.8,未觀測到靠港,26.31178,120.09451,eez,2026-09-28T04:53:26.717713+00:00
412442306,MINLIANYU60905,fishing,,412,China,中國,16,critical,6,10.8,1.6,3,taiwan-matsu-no-4;taiwan-penghu-kinmen-matsu-no-3-tpkm3,0.0,0,0,,,,,253.5,未觀測到靠港,26.09828,120.03483,eez,2026-09-28T04:53:26.717713+00:00
412442368,MINLIANYU61728,fishing,,412,China,中國,16,critical,7,18.9,3.0,3,taiwan-matsu-no-4;taiwan-penghu-kinmen-matsu-no-3-tpkm3;taiwan-strait-express-1-tse-1,0.0,0,0,,,,,253.5,未觀測到靠港,26.21927,120.35255,eez,2026-09-28T04:53:26.717713+00:00
412443229,MINLIANYU60916,fishing,,412,China,中國,16,critical,4,18.8,0.6,2,taiwan-matsu-no-4;taiwan-penghu-kinmen-matsu-no-3-tpkm3,0.0,0,0,,,,,625.3,未觀測到靠港,26.15611,120.09722,eez,2026-09-24T04:15:53.594592+00:00
412443541,MINLIANYU60485,fishing,,412,China,中國,16,critical,6,18.9,1.3,4,taiwan-penghu-kinmen-matsu-no-3-tpkm3,0.0,0,0,,,,,226.1,未觀測到靠港,26.34923,120.03768,eez,2026-09-27T04:51:19.105185+00:00
412443550,AN ZHOU JIN  CHENG,cargo,,412,China,中國,16,critical,1,0,,0,taiwan-penghu-kinmen-matsu-no-2-tpkm2;taiwan-penghu-kinmen-matsu-no-3-tpkm3;taiwan-strait-express-1-tse-1,0.0,0,0,廈門 Xiamen,2026-09-18T17:58:30.098529+00:00,廈門 Xiamen,2026-09-20T17:48:31.226510+00:00,41.9,,24.403802,118.097308,eez,2026-09-21T17:40:43.383432+00:00
412444201,00C,fishing,,412,China,中國,16,critical,7,9.5,3.1,3,taiwan-penghu-kinmen-matsu-no-3-tpkm3,0.0,0,0,,,,,209.3,未觀測到靠港,24.24806,118.46052,eez,2026-09-26T18:11:05.265483+00:00
412444236,MINLONGYU09832-----,fishing,,412,China,中國,16,critical,2,3.8,1.4,0,taiwan-penghu-kinmen-matsu-no-3-tpkm3,0.0,0,0,廈門 Xiamen,2026-09-04T00:32:15.198838+00:00,,,432.4,,24.30841,118.21884,eez,2026-09-22T04:22:57.752949+00:00
412444578,S,fishing,,412,China,中國,16,critical,6,15.1,0.8,0,taiwan-penghu-kinmen-matsu-no-2-tpkm2;taiwan-penghu-kinmen-matsu-no-3-tpkm3,0.0,0,0,深滬灣/圍頭東 Shenhu,2026-09-24T05:06:41.799739+00:00,,,44.8,,24.521988,118.834055,eez,2026-09-25T19:03:12.158891+00:00
412444665,09873,fishing,,412,China,中國,16,critical,1,0,,0,taiwan-penghu-kinmen-matsu-no-3-tpkm3,0.0,0,0,廈門 Xiamen,2026-09-04T00:32:15.198838+00:00,,,385.1,,24.26366,118.31188,eez,2026-09-20T05:05:13.918990+00:00
412444765,MINLONGYU62168,fishing,,412,China,中國,16,critical,2,3.3,2.8,0,taiwan-penghu-kinmen-matsu-no-3-tpkm3,0.0,0,0,廈門 Xiamen,2026-09-04T09:46:09.453323+00:00,,,392.1,,24.00662,118.38327,eez,2026-09-20T21:08:32.217333+00:00
412444982,MINLIANYU66577,fishing,,412,China,中國,16,critical,5,12.3,2.8,1,eac-c2c;taiwan-matsu-no-4;taiwan-penghu-kinmen-matsu-no-2-tpkm2;taiwan-penghu-kinmen-matsu-no-3-tpkm3;taiwan-strait-express-1-tse-1,0.0,0,0,,,,,228.0,未觀測到靠港,25.98145,120.91367,eez,2026-09-27T16:13:45.102927+00:00
412445077,MINLONGYU61678,fishing,,412,China,中國,16,critical,1,2.3,,0,taiwan-penghu-kinmen-matsu-no-2-tpkm2;taiwan-penghu-kinmen-matsu-no-3-tpkm3,0.0,0,0,,,,,680.5,未觀測到靠港,24.21718,118.60678,eez,2026-09-21T17:40:43.383432+00:00
412445112,MIN LONG YU YUN60855,fishing,,412,China,中國,16,critical,1,0,,0,taiwan-penghu-kinmen-matsu-no-3-tpkm3,0.0,0,0,廈門 Xiamen,2026-09-19T00:48:37.887228+00:00,,,72.2,,24.04291,118.44624,eez,2026-09-22T04:22:57.752949+00:00
412445282,MIN LIAN YU60252,fishing,,412,China,中國,16,critical,4,7.8,0.9,1,taiwan-matsu-no-4;taiwan-penghu-kinmen-matsu-no-2-tpkm2;taiwan-penghu-kinmen-matsu-no-3-tpkm3;taiwan-strait-express-1-tse-1,0.0,0,0,,,,,242.7,未觀測到靠港,26.24944,120.3158,eez,2026-09-27T18:47:26.528965+00:00
412445497,MIN LONG YU61029,fishing,,412,China,中國,16,critical,4,0,,0,taiwan-penghu-kinmen-matsu-no-3-tpkm3,0.0,0,0,,,,,220.6,未觀測到靠港,24.32262,118.11991,eez,2026-09-27T05:29:23.388990+00:00
412445533,01285,cargo,,412,China,中國,16,critical,1,7.8,2.8,0,taiwan-penghu-kinmen-matsu-no-2-tpkm2;taiwan-penghu-kinmen-matsu-no-3-tpkm3,4.1,0,0,,,,,680.1,未觀測到靠港,24.16299,118.50109,eez,2026-09-21T17:40:43.383432+00:00
412446582,MINLONGYU63088,fishing,,412,China,中國,16,critical,2,6.1,0.7,1,taiwan-penghu-kinmen-matsu-no-2-tpkm2;taiwan-penghu-kinmen-matsu-no-3-tpkm3,0.0,0,0,,,,,234.4,未觀測到靠港,24.22659,118.30447,eez,2026-09-27T16:13:45.102927+00:00
412447638,MINLIANYU60999,fishing,,412,China,中國,16,critical,2,15.7,3.4,0,eac-c2c;taiwan-matsu-no-4;taiwan-penghu-kinmen-matsu-no-3-tpkm3;taiwan-strait-express-1-tse-1,0.0,0,0,,,,,714.8,未觀測到靠港,25.77965,120.5282,eez,2026-09-24T04:15:53.594592+00:00
412451090,GOLDEN PINE,tanker,,412,China,中國,16,critical,4,0,,0,taiwan-strait-express-1-tse-1,0.0,0,0,閩江口錨地 Minjiangkou,2026-08-17T05:04:35.473703+00:00,福州馬尾 Fuzhou-Mawei,2026-08-20T05:53:01.460793+00:00,71.1,,25.996208,119.474102,eez,2026-08-20T08:02:10.021418+00:00
412451155,MIN LIAN YU61581,fishing,,412,China,中國,16,critical,3,8.6,1.7,0,taiwan-matsu-no-4;taiwan-penghu-kinmen-matsu-no-3-tpkm3,0.0,0,0,,,,,214.1,未觀測到靠港,26.31705,119.87555,eez,2026-09-26T13:30:14.985430+00:00
412452595,MINHUIYU01928,fishing,,412,China,中國,16,critical,2,0,,0,taiwan-penghu-kinmen-matsu-no-2-tpkm2;taiwan-penghu-kinmen-matsu-no-3-tpkm3,0.0,0,0,,,,,617.4,未觀測到靠港,24.74821,119.29087,eez,2026-09-23T04:56:38.976277+00:00
412454290,XIN RONG HAI 3,cargo,,412,China,中國,16,critical,3,0,,0,apcn-2;taiwan-penghu-kinmen-matsu-no-2-tpkm2;taiwan-penghu-kinmen-matsu-no-3-tpkm3;taiwan-strait-express-1-tse-1,0.0,0,0,汕頭港外 Shantou-appr,2026-08-21T05:54:15.565293+00:00,,,735.8,,23.750763,117.741773,eez,2026-09-22T05:12:21.147253+00:00
412459820,XING TONG 16,tanker,,412,China,中國,16,critical,3,0,,0,apcn-2;taiwan-penghu-kinmen-matsu-no-3-tpkm3;taiwan-strait-express-1-tse-1,0.0,0,0,閩江口錨地 Minjiangkou,2026-08-20T01:56:34.314431+00:00,,,804.9,,25.361223,119.382253,eez,2026-09-22T16:06:50.564489+00:00
412510055,MINLONGWENYU65152,high_speed,,412,China,中國,16,critical,4,6.5,0.4,0,cross-straits-cable-network,0.0,0,0,,,,,389.5,未觀測到靠港,24.45327,118.18639,eez,2026-09-20T21:08:32.217333+00:00
412888888,00088,fishing,,412,China,中國,16,critical,6,0,,0,taiwan-penghu-kinmen-matsu-no-3-tpkm3,0.0,0,0,,,,,521.3,未觀測到靠港,24.325983,118.1173,eez,2026-09-27T05:29:23.388990+00:00
413207590,XIN BIN YUAN,cargo,,413,China,中國,16,critical,3,0,,0,apcn-2,0.0,0,0,廈門 Xiamen,2026-08-23T13:25:34.381599+00:00,,,624.4,,23.13373,117.005005,eez,2026-09-18T15:39:03.535122+00:00
413333930,FEI YUN HE,cargo,,413,China,中國,16,critical,3,4.0,1.0,0,eac-c2c;faster;h2-cable;southeast-asia-japan-cable-2-sjc2;trans-pacific-express-tpe-cable-system,0.0,0,0,小港臨海新村漁港 Xiaogang,2026-09-22T21:44:27.100940+00:00,,,20.8,,27.219017,122.126617,eez,2026-09-23T21:54:36.888155+00:00
413384080,HAI YUN CHANG SHENG,cargo,,413,China,中國,16,critical,2,0,,0,cross-straits-cable-network;taiwan-matsu-no-4;taiwan-penghu-kinmen-matsu-no-3-tpkm3;taiwan-strait-express-1-tse-1,0.0,0,0,汕頭港外 Shantou-appr,2026-09-05T04:42:29.611877+00:00,汕頭 Shantou,2026-09-21T15:30:24.167048+00:00,352.1,,23.332067,116.745617,eez,2026-09-21T20:43:12.525617+00:00
413455610,MMSI-413455610,cargo,,413,China,中國,16,critical,7,3.2,4.6,0,cross-straits-cable-network;taiwan-penghu-kinmen-matsu-no-2-tpkm2;taiwan-penghu-kinmen-matsu-no-3-tpkm3;taiwan-strait-express-1-tse-1,0.0,0,0,大嶝/圍頭灣 Weitou,2026-09-02T13:05:35.852197+00:00,,,575.7,,23.605002,117.652987,eez,2026-09-26T15:33:47.330971+00:00
413510950,MAO YUE,tanker,,413,China,中國,16,critical,2,0,,0,taiwan-penghu-kinmen-matsu-no-2-tpkm2,0.0,0,0,湄洲灣泉港 Meizhouwan,2026-09-03T00:53:07.140559+00:00,,,11.6,,23.533257,117.41656,eez,2026-09-03T15:37:40.614154+00:00
413529220,HE HAI DING BANG,cargo,,413,China,中國,16,critical,2,5.5,0.1,1,seamewe-3;southeast-asia-japan-cable-sjc;taiwan-penghu-kinmen-matsu-no-2-tpkm2;taiwan-penghu-kinmen-matsu-no-3-tpkm3,0.0,0,0,泉州 Quanzhou,2026-09-26T10:00:01.245943+00:00,汕頭港外 Shantou-appr,2026-09-27T21:44:40.512664+00:00,29.3,,23.226623,116.774827,eez,2026-09-28T01:21:43.156133+00:00
413574370,XIN YANG 168,cargo,,413,China,中國,16,critical,2,0,,0,taiwan-penghu-kinmen-matsu-no-2-tpkm2,0.0,0,0,廈門 Xiamen,2026-09-20T05:05:13.918990+00:00,汕頭 Shantou,2026-09-21T00:40:54.264899+00:00,11.2,,23.331847,116.745805,eez,2026-09-21T00:40:54.264899+00:00
413610980,XINQIANJIN,tanker,,413,China,中國,16,critical,4,8.8,0.7,0,taiwan-matsu-no-4;taiwan-penghu-kinmen-matsu-no-3-tpkm3;taiwan-strait-express-1-tse-1,0.0,0,0,湄洲灣泉港 Meizhouwan,2026-08-24T07:34:00.582328+00:00,,,619.6,,27.208615,121.079613,eez,2026-09-19T04:48:00.298551+00:00
416001062,CHUEN FWU NO.12,fishing,,416,Taiwan,台灣,16,critical,6,6.4,0.2,1,eac-c2c;faster;taiwan-matsu-no-4;taiwan-strait-express-1-tse-1,0.0,0,0,富基漁港 Fuji,2026-09-25T16:20:22.361665+00:00,富基漁港 Fuji,2026-09-27T10:40:47.722453+00:00,15.1,,25.293218,121.53448,internal_waters,2026-09-27T16:13:45.102927+00:00
416001071,YIH DAH NO.168,fishing,,416,Taiwan,台灣,16,critical,4,29.5,2.8,1,apcn-2;eac-c2c;faster;southeast-asia-japan-cable-2-sjc2,0.0,0,0,正濱漁港 Zhengbin,2026-09-18T21:22:29.428453+00:00,正濱漁港 Zhengbin,2026-09-24T04:15:53.594592+00:00,96.5,,25.151388,121.764985,internal_waters,2026-09-24T04:15:53.594592+00:00
416004454,JIN ROEI YIH NO.66,fishing,,416,Taiwan,台灣,16,critical,3,29.5,3.1,0,eac-c2c;faster;southeast-asia-japan-cable-2-sjc2,0.0,0,0,正濱漁港 Zhengbin,2026-09-06T14:46:16.922285+00:00,正濱漁港 Zhengbin,2026-09-17T16:03:57.751884+00:00,6.5,,25.149953,121.764165,internal_waters,2026-09-23T04:20:01.078375+00:00
416004802,YNG MAAN NO.2,fishing,,416,Taiwan,台灣,16,critical,5,27.3,3.9,2,apcn-2;eac-c2c;faster;southeast-asia-japan-cable-2-sjc2,0.0,0,0,東港鹽埔漁港 Donggang,2026-09-27T01:03:54.816309+00:00,,,24.0,,25.785498,122.032433,territorial_sea,2026-09-28T04:53:26.717713+00:00
416005616,XIN KING XIANG LOONG,passenger,,416,Taiwan,台灣,16,critical,2,5.4,0.0,0,cross-straits-cable-network,0.0,0,0,同安灣/廈門灣北 Tongan,2026-09-21T04:27:30.978051+00:00,,,4.6,,24.418823,118.291218,eez,2026-09-22T04:22:57.752949+00:00
416006193,FALCON NO.2,high_speed,,416,Taiwan,台灣,16,critical,1,1.9,,0,taiwan-penghu-kinmen-matsu-no-3-tpkm3,0.0,0,0,台中港 Taichung,2026-08-25T23:17:08.770095+00:00,,,640.0,,24.234952,120.502362,internal_waters,2026-09-21T17:40:43.383432+00:00
533170107,SHINLINE 15,cargo,,533,Malaysia,馬來西亞,16,critical,4,10.1,1.5,0,apcn-2;eac-c2c;flag-north-asia-loopreach-north-asia-loop;southeast-asia-japan-cable-2-sjc2;taiwan-penghu-kinmen-matsu-no-2-tpkm2;taiwan-penghu-kinmen-matsu-no-3-tpkm3,0.0,1,0,基隆港 Keelung,2026-08-20T09:02:40.913184+00:00,,,41.8,,21.067722,119.856517,eez,2026-08-22T03:12:11.129638+00:00
577755000,ACE WIN,cargo,,577,Vanuatu,萬那杜,16,critical,4,8.0,0.6,0,taiwan-matsu-no-4;taiwan-penghu-kinmen-matsu-no-2-tpkm2;taiwan-penghu-kinmen-matsu-no-3-tpkm3;taiwan-strait-express-1-tse-1,0.0,1,0,,,,,297.5,未觀測到靠港,26.36945,120.980633,eez,2026-08-28T11:34:06.990542+00:00
636026799,MMSI-636026799,tanker,,636,Liberia,賴比瑞亞,16,critical,4,17.3,2.0,0,apcn-2;asia-united-gateway-east-aug-east;eac-c2c;flag-europe-asia-fea;flag-north-asia-loopreach-north-asia-loop;seamewe-3,0.0,0,0,,,,,120.7,未觀測到靠港,23.210035,122.805503,eez,2026-08-27T10:02:50.170976+00:00
667001413,FUSHUN8,tanker,,667,Sierra Leone,獅子山,16,critical,6,29.5,1.2,0,eac-c2c;taiwan-matsu-no-4;taiwan-penghu-kinmen-matsu-no-2-tpkm2;taiwan-penghu-kinmen-matsu-no-3-tpkm3;trans-pacific-express-tpe-cable-system,0.0,1,0,,,,,668.4,未觀測到靠港,25.810953,121.55908,eez,2026-09-28T01:21:43.156133+00:00
667001581,HONG TAI,tanker,,667,Sierra Leone,獅子山,16,critical,7,19.5,0.3,5,eac-c2c;trans-pacific-express-tpe-cable-system,10.0,1,0,,,,,671.9,未觀測到靠港,25.610125,121.370547,contiguous_zone,2026-09-28T04:53:26.717713+00:00
677054600,CHENG TAI,cargo,,677,Tanzania,坦尚尼亞,16,critical,6,0,,0,taiwan-penghu-kinmen-matsu-no-2-tpkm2;taiwan-penghu-kinmen-matsu-no-3-tpkm3,14.8,1,0,,,,,671.5,未觀測到靠港,22.858467,119.153988,eez,2026-09-26T15:33:47.330971+00:00
241673000,SEA EMERALD,tanker,,241,Greece,希臘,15,critical,5,10.9,1.4,0,eac-c2c;taiwan-matsu-no-4;taiwan-penghu-kinmen-matsu-no-2-tpkm2;taiwan-penghu-kinmen-matsu-no-3-tpkm3;taiwan-strait-express-1-tse-1,5.3,1,0,,,,,129.7,未觀測到靠港,21.959813,119.819363,eez,2026-09-05T03:57:25.117144+00:00
255728000,JINLING CONFIDENCE,cargo,,255,Portugal,葡萄牙,15,critical,7,0,,0,eac-c2c;seamewe-3,5.7,1,0,,,,,420.6,未觀測到靠港,22.42152,117.995217,eez,2026-09-18T17:58:30.098529+00:00
257530000,OSHIMANA,cargo,,257,Norway,挪威,15,critical,7,0,,0,taiwan-penghu-kinmen-matsu-no-3-tpkm3,5.9,1,0,,,,,178.6,未觀測到靠港,23.055575,117.429863,eez,2026-09-06T22:39:12.217794+00:00
357041000,XIANG FENG,cargo,,357,Panama,巴拿馬,15,critical,6,10.2,1.0,5,eac-c2c;taiwan-penghu-kinmen-matsu-no-2-tpkm2,0.0,0,0,,,,,250.2,未觀測到靠港,24.23575,120.43393,internal_waters,2026-09-28T04:53:26.717713+00:00
412204970,DONG SHAN 29,cargo,,412,China,中國,15,critical,6,28.3,0.0,1,cross-straits-cable-network;taiwan-penghu-kinmen-matsu-no-2-tpkm2;taiwan-penghu-kinmen-matsu-no-3-tpkm3,0.0,0,0,廈門 Xiamen,2026-09-26T10:00:01.245943+00:00,,,39.4,,23.559817,119.668507,internal_waters,2026-09-28T04:53:26.717713+00:00
412329260,XIN DE 5,cargo,,412,China,中國,15,critical,4,0,,0,,7.4,0,0,,,,,671.9,未觀測到靠港,25.14654,119.382088,eez,2026-09-28T04:53:26.717713+00:00
412440314,MINLIANYU60397,fishing,,412,China,中國,15,critical,5,5.0,0.8,3,taiwan-matsu-no-4;taiwan-penghu-kinmen-matsu-no-2-tpkm2;taiwan-penghu-kinmen-matsu-no-3-tpkm3;taiwan-strait-express-1-tse-1,0.0,0,0,,,,,242.7,未觀測到靠港,26.44653,120.3034,eez,2026-09-27T18:47:26.528965+00:00
412441056,MINLIANYU60135,fishing,,412,China,中國,15,critical,6,14.9,1.1,3,taiwan-penghu-kinmen-matsu-no-3-tpkm3,0.0,0,0,,,,,253.5,未觀測到靠港,26.40721,120.19531,eez,2026-09-28T04:53:26.717713+00:00
412441268,MINLIANYU61518,fishing,,412,China,中國,15,critical,7,18.9,3.1,3,taiwan-matsu-no-4;taiwan-penghu-kinmen-matsu-no-3-tpkm3;taiwan-strait-express-1-tse-1,0.0,0,0,,,,,253.5,未觀測到靠港,26.02476,120.11388,eez,2026-09-28T04:53:26.717713+00:00
412441373,MINLIANYUYUN60408,fishing,,412,China,中國,15,critical,1,2.2,,0,taiwan-matsu-no-4;taiwan-penghu-kinmen-matsu-no-2-tpkm2,0.0,0,0,,,,,551.7,未觀測到靠港,26.384988,119.938787,eez,2026-09-25T01:02:22.277454+00:00
412441388,MINLIANYU68863,fishing,,412,China,中國,15,critical,4,11.5,0.8,0,taiwan-matsu-no-4;taiwan-penghu-kinmen-matsu-no-3-tpkm3;taiwan-strait-express-1-tse-1,0.0,0,0,,,,,132.2,未觀測到靠港,25.94323,119.81205,eez,2026-09-24T16:19:49.305902+00:00
412441434,MINLIANYU62887,fishing,,412,China,中國,15,critical,7,3.2,4.2,0,taiwan-penghu-kinmen-matsu-no-3-tpkm3;taiwan-strait-express-1-tse-1,0.0,0,0,,,,,249.3,未觀測到靠港,26.01572,120.19401,eez,2026-09-28T01:21:43.156133+00:00
412441956,MINLIANYU60271,fishing,,412,China,中國,15,critical,4,13.2,3.1,0,eac-c2c;taiwan-matsu-no-4;taiwan-penghu-kinmen-matsu-no-2-tpkm2;taiwan-penghu-kinmen-matsu-no-3-tpkm3;taiwan-strait-express-1-tse-1;trans-pacific-express-tpe-cable-system,0.0,0,0,,,,,711.6,未觀測到靠港,25.56256,120.53693,eez,2026-09-24T00:59:15.889391+00:00
412443017,MINCHANGYU23196,fishing,,412,China,中國,15,critical,4,4.0,1.3,0,taiwan-penghu-kinmen-matsu-no-3-tpkm3;taiwan-strait-express-1-tse-1,0.0,0,0,,,,,253.5,未觀測到靠港,25.99952,120.06527,eez,2026-09-28T04:53:26.717713+00:00
412444172,MIN LONG YU 60229,fishing,,412,China,中國,15,critical,4,15.1,3.3,4,taiwan-penghu-kinmen-matsu-no-3-tpkm3,0.0,0,0,,,,,218.8,未觀測到靠港,24.27377,118.48892,eez,2026-09-26T18:11:05.265483+00:00
412444444,LSB888888,fishing,,412,China,中國,15,critical,3,4.8,0.9,3,taiwan-penghu-kinmen-matsu-no-3-tpkm3;taiwan-strait-express-1-tse-1,0.0,0,0,莆田湄洲灣 Putian,2026-09-24T10:16:19.934067+00:00,湄洲灣泉港 Meizhouwan,2026-09-26T10:00:01.245943+00:00,8.0,,24.9932,119.08387,eez,2026-09-26T13:30:14.985430+00:00
412444674,MINLONGYN63899,fishing,,412,China,中國,15,critical,4,12.2,1.2,1,taiwan-penghu-kinmen-matsu-no-2-tpkm2;taiwan-penghu-kinmen-matsu-no-3-tpkm3,0.0,0,0,,,,,247.0,未觀測到靠港,24.30391,118.17983,eez,2026-09-28T04:53:26.717713+00:00
412444744,62689,unknown,,412,China,中國,15,critical,5,15.0,2.6,3,taiwan-penghu-kinmen-matsu-no-2-tpkm2;taiwan-penghu-kinmen-matsu-no-3-tpkm3,0.0,0,0,,,,,246.4,未觀測到靠港,24.31357,118.56419,eez,2026-09-27T21:44:40.512664+00:00
412444997,MINLIANYU60036,fishing,,412,China,中國,15,critical,2,3.9,2.7,0,taiwan-matsu-no-4;taiwan-penghu-kinmen-matsu-no-2-tpkm2;taiwan-penghu-kinmen-matsu-no-3-tpkm3;taiwan-strait-express-1-tse-1,0.0,0,0,,,,,681.8,未觀測到靠港,26.49196,121.75608,eez,2026-09-22T05:12:21.147253+00:00
412445002,MINCHANGYUYUN23168,fishing,,412,China,中國,15,critical,4,7.7,0.3,4,taiwan-penghu-kinmen-matsu-no-3-tpkm3;taiwan-strait-express-1-tse-1,0.0,0,0,閩江口錨地 Minjiangkou,2026-09-20T04:29:26.367004+00:00,閩江口錨地 Minjiangkou,2026-09-28T04:53:26.717713+00:00,184.7,,26.04391,119.63098,eez,2026-09-28T04:53:26.717713+00:00
412445208,MINLONGYU61226,fishing,,412,China,中國,15,critical,4,1.9,,0,taiwan-penghu-kinmen-matsu-no-3-tpkm3,0.0,0,0,,,,,240.8,未觀測到靠港,24.22793,118.38401,eez,2026-09-27T16:13:45.102927+00:00
412445658,MINLIANYU60012,fishing,,412,China,中國,15,critical,4,7.7,3.1,0,eac-c2c;taiwan-matsu-no-4;taiwan-penghu-kinmen-matsu-no-2-tpkm2;taiwan-penghu-kinmen-matsu-no-3-tpkm3;taiwan-strait-express-1-tse-1,0.0,0,0,,,,,711.6,未觀測到靠港,25.86586,120.81559,eez,2026-09-24T00:59:15.889391+00:00
412447545,MINLIANYU60997,fishing,,412,China,中國,15,critical,1,4.5,3.0,0,taiwan-matsu-no-4;taiwan-penghu-kinmen-matsu-no-3-tpkm3;taiwan-strait-express-1-tse-1,0.0,0,0,,,,,657.1,未觀測到靠港,26.44502,121.58227,eez,2026-09-20T13:20:28.204361+00:00
412451499,MINLONYU65699,fishing,,412,China,中國,15,critical,3,0,,0,taiwan-penghu-kinmen-matsu-no-2-tpkm2,0.0,0,0,,,,,253.5,未觀測到靠港,24.96887,119.64465,eez,2026-09-28T04:53:26.717713+00:00
412452856,MMSI-412452856,fishing,,412,China,中國,15,critical,1,0,,0,taiwan-penghu-kinmen-matsu-no-2-tpkm2;taiwan-strait-express-1-tse-1,0.0,0,0,,,,,178.1,未觀測到靠港,24.835618,119.552337,eez,2026-09-28T01:21:43.156133+00:00
412481538,MINLIANYU60898,fishing,,412,China,中國,15,critical,1,15.1,3.1,0,eac-c2c;taiwan-matsu-no-4;taiwan-penghu-kinmen-matsu-no-3-tpkm3,0.0,0,0,,,,,252.8,未觀測到靠港,25.93223,120.47116,eez,2026-09-28T04:53:26.717713+00:00
413325480,CHANG QI 1,tanker,,413,China,中國,15,critical,3,5.3,0.3,0,taiwan-penghu-kinmen-matsu-no-3-tpkm3;taiwan-strait-express-1-tse-1,0.0,0,0,深滬灣/圍頭東 Shenhu,2026-08-30T04:54:33.141207+00:00,,,589.4,,23.201217,117.121633,eez,2026-09-23T18:55:58.874562+00:00
413377790,ZHONG HAI YOU 528,tanker,,413,China,中國,15,critical,4,28.0,0.3,0,taiwan-penghu-kinmen-matsu-no-3-tpkm3;taiwan-strait-express-1-tse-1,0.0,0,0,莆田湄洲灣 Putian,2026-09-07T04:57:56.102287+00:00,,,57.8,,26.267698,119.79348,eez,2026-09-20T04:29:26.367004+00:00
413381830,TENG YUN HE,cargo,,413,China,中國,15,critical,7,8.2,2.2,0,apcn-2;eac-c2c;faster;taiwan-matsu-no-4;taiwan-penghu-kinmen-matsu-no-2-tpkm2;taiwan-penghu-kinmen-matsu-no-3-tpkm3;taiwan-strait-express-1-tse-1,0.0,0,0,小港臨海新村漁港 Xiaogang,2026-09-18T09:56:57.204478+00:00,,,15.5,,26.484565,121.749252,eez,2026-09-19T04:48:00.298551+00:00
413519120,BAO LIN HAI,cargo,,413,China,中國,15,critical,7,15.1,1.5,0,taiwan-penghu-kinmen-matsu-no-3-tpkm3,0.0,0,0,,,,,596.1,未觀測到靠港,24.20278,118.376907,eez,2026-09-25T01:02:22.277454+00:00
413521330,DONG HE LUN,cargo,,413,China,中國,15,critical,4,11.7,0.3,1,eac-c2c;taiwan-matsu-no-4;taiwan-penghu-kinmen-matsu-no-3-tpkm3;taiwan-strait-express-1-tse-1,0.0,0,0,湄洲灣泉港 Meizhouwan,2026-09-27T04:51:19.105185+00:00,,,10.7,,25.16429,120.917905,territorial_sea,2026-09-27T16:13:45.102927+00:00
413527370,XIN PENG HAI,cargo,,413,China,中國,15,critical,4,17.3,0.4,0,taiwan-penghu-kinmen-matsu-no-2-tpkm2;taiwan-penghu-kinmen-matsu-no-3-tpkm3;taiwan-strait-express-1-tse-1,0.0,0,0,,,,,758.8,未觀測到靠港,26.772683,119.721733,eez,2026-09-24T04:15:53.594592+00:00
413701510,XIANG YANG HONG 03,research,research,413,China,中國,15,critical,2,3.7,2.5,0,asia-united-gateway-east-aug-east;candle;h2-cable;seamewe-3,0.0,0,0,同安灣/廈門灣北 Tongan,2026-09-21T20:43:12.525617+00:00,,,4.6,,23.47957,118.19315,eez,2026-09-22T04:22:57.752949+00:00
413875033,CHINACOASTGUARD 2301,coastguard,coastguard,413,China,中國,15,critical,4,3.3,4.8,0,eac-c2c;taiwan-strait-express-1-tse-1;trans-pacific-express-tpe-cable-system,0.0,0,0,,,,,161.7,未觀測到靠港,25.99492,121.62347,eez,2026-09-06T22:39:12.217794+00:00
416000838,SHENG FA FU 7,fishing,,416,Taiwan,台灣,15,critical,1,0,,0,faster;trans-pacific-express-tpe-cable-system,0.0,0,0,八斗子漁港 Badouzi,2026-08-28T11:34:06.990542+00:00,八斗子漁港 Badouzi,2026-09-24T10:16:19.934067+00:00,529.1,,25.144467,121.79455,internal_waters,2026-09-24T16:19:49.305902+00:00
416000963,JIN YOUNG FA 86,fishing,,416,Taiwan,台灣,15,critical,4,8.3,2.1,2,asia-pacific-gateway-apg;flag-north-asia-loopreach-north-asia-loop;h2-cable;new-cross-pacific-ncp-cable-system;pacific-light-cable-network-plcn,0.0,0,0,大溪漁港 Daxi,2026-09-23T04:56:38.976277+00:00,,,33.5,,24.854122,121.978315,territorial_sea,2026-09-25T04:28:34.378018+00:00
416005558,QUAN JIA FU 128,fishing,,416,Taiwan,台灣,15,critical,2,6.3,2.1,0,apcn-2;faster;flag-north-asia-loopreach-north-asia-loop;southeast-asia-japan-cable-2-sjc2,0.0,0,0,長潭里漁港 Changtanli,2026-09-22T21:44:27.100940+00:00,,,2.0,,25.22575,121.75617,internal_waters,2026-09-23T15:57:04.675481+00:00
416005688,TAIPEI PILOT BOAT3,special,,416,Taiwan,台灣,15,critical,4,0,,0,taiwan-penghu-kinmen-matsu-no-3-tpkm3,0.0,0,0,台北港 Taipei,2026-09-19T00:48:37.887228+00:00,台北港 Taipei,2026-09-19T12:47:06.687156+00:00,0.0,,25.1541,121.391628,internal_waters,2026-09-28T04:53:26.717713+00:00
416006311,LIAN SIA NO.8,passenger,,416,Taiwan,台灣,15,critical,1,0,,0,cross-straits-cable-network,0.0,0,0,鳥嶼漁港 Niaoyu,2026-09-27T05:29:23.388990+00:00,,,0.0,,24.417428,118.265532,eez,2026-09-28T01:21:43.156133+00:00
416006654,YONG AN NO2,special,,416,Taiwan,台灣,15,critical,3,0,,0,apcn-2,0.0,0,0,基隆港 Keelung,2026-09-20T04:29:26.367004+00:00,基隆港 Keelung,2026-09-22T05:12:21.147253+00:00,0.0,,25.137513,121.747627,internal_waters,2026-09-28T04:53:26.717713+00:00
416888888,H888888,fishing,,416,Taiwan,台灣,15,critical,1,0,,0,eac-c2c;hong-kong-americas-hka;taiwan-penghu-kinmen-matsu-no-3-tpkm3,0.0,0,0,蘇澳港 Suao,2026-09-27T18:47:26.528965+00:00,,,0.0,,24.599177,120.615947,internal_waters,2026-09-27T21:44:40.512664+00:00
538005805,MARLIN AMMOLITE,tanker,,538,Marshall Is,馬紹爾群島,15,critical,4,10.0,1.5,0,apcn-2;asia-pacific-gateway-apg;eac-c2c;faster;flag-north-asia-loopreach-north-asia-loop;h2-cable;pacific-light-cable-network-plcn;seamewe-3;trans-pacific-express-tpe-cable-system,0.0,0,0,深澳漁港 Shenao,2026-08-30T00:54:50.080310+00:00,,,181.8,,20.923623,121.428983,eez,2026-09-06T18:44:37.513907+00:00
538006031,SAMATAN,cargo,,538,Marshall Is,馬紹爾群島,15,critical,4,3.5,1.7,0,apcn-2;asia-direct-cable-adc;asia-united-gateway-east-aug-east;candle;eac-c2c;flag-north-asia-loopreach-north-asia-loop;h2-cable,6.6,0,0,,,,,134.4,未觀測到靠港,22.938693,122.890802,eez,2026-09-02T09:45:18.106966+00:00
538006247,LOTUS RISING,cargo,,538,Marshall Is,馬紹爾群島,15,critical,4,7.8,2.6,0,apcn-2;asia-united-gateway-east-aug-east;candle;e2a;flag-north-asia-loopreach-north-asia-loop;h2-cable;orca;seamewe-3,6.9,0,0,,,,,185.8,未觀測到靠港,25.990873,122.942605,eez,2026-08-30T00:54:50.080310+00:00
538009233,MMSI-538009233,tanker,,538,Marshall Is,馬紹爾群島,15,critical,4,0,,0,apcn-2;eac-c2c;seamewe-3;taiwan-penghu-kinmen-matsu-no-3-tpkm3,5.5,0,0,,,,,204.3,未觀測到靠港,22.957327,119.79656,internal_waters,2026-08-28T11:34:06.990542+00:00
538009915,TS NAGOYA,cargo,,538,Marshall Is,馬紹爾群島,15,critical,4,5.3,1.1,0,apcn-2;asia-pacific-gateway-apg;eac-c2c;faster;pacific-light-cable-network-plcn;taiwan-matsu-no-4;taiwan-penghu-kinmen-matsu-no-2-tpkm2,0.0,0,0,基隆港 Keelung,2026-08-26T11:20:16.155309+00:00,,,285.9,,25.125382,120.843988,territorial_sea,2026-09-07T10:32:14.025579+00:00
538010175,TS KOBE,cargo,,538,Marshall Is,馬紹爾群島,15,critical,7,5.4,0.8,0,apcn-2;eac-c2c;faster;taiwan-matsu-no-4;taiwan-penghu-kinmen-matsu-no-2-tpkm2;taiwan-penghu-kinmen-matsu-no-3-tpkm3;trans-pacific-express-tpe-cable-system,0.0,0,0,廈門 Xiamen,2026-09-26T15:33:47.330971+00:00,,,16.5,,26.762027,122.762857,eez,2026-09-27T10:40:47.722453+00:00
538010783,TS PUSAN,cargo,,538,Marshall Is,馬紹爾群島,15,critical,7,6.2,1.1,0,apcn-2;eac-c2c;taiwan-penghu-kinmen-matsu-no-2-tpkm2;taiwan-penghu-kinmen-matsu-no-3-tpkm3,0.0,0,0,基隆港 Keelung,2026-09-26T05:12:25.017727+00:00,,,0.0,,27.308292,122.550495,eez,2026-09-26T13:30:14.985430+00:00
563121900,WAN HAI 277,cargo,,563,Singapore,新加坡,15,critical,7,7.8,0.1,0,eac-c2c;faster;taiwan-matsu-no-4;taiwan-penghu-kinmen-matsu-no-2-tpkm2;taiwan-penghu-kinmen-matsu-no-3-tpkm3,0.0,0,0,台北港 Taipei,2026-09-23T21:54:36.888155+00:00,,,4.1,,26.185605,122.83788,eez,2026-09-24T05:06:41.799739+00:00
563147900,WAN HAI 292,cargo,,563,Singapore,新加坡,15,critical,7,11.4,0.1,0,apcn-2;eac-c2c;faster;taiwan-penghu-kinmen-matsu-no-2-tpkm2;taiwan-penghu-kinmen-matsu-no-3-tpkm3;trans-pacific-express-tpe-cable-system,0.0,0,0,基隆港 Keelung,2026-09-18T09:56:57.204478+00:00,,,52.5,,22.360855,119.845673,contiguous_zone,2026-09-20T17:48:31.226510+00:00
563255900,SUNNY TRITON,tanker,,563,Singapore,新加坡,15,critical,4,13.7,0.0,0,apcn-2;asia-united-gateway-east-aug-east;eac-c2c;faster;new-cross-pacific-ncp-cable-system;taiwan-matsu-no-4;taiwan-penghu-kinmen-matsu-no-3-tpkm3;trans-pacific-express-tpe-cable-system,0.0,0,0,台北港 Taipei,2026-08-20T23:17:11.148940+00:00,,,152.3,,25.21317,122.563303,eez,2026-08-27T10:02:50.170976+00:00
613424630,MMSI-613424630,tanker,,613,Cameroon,喀麥隆,15,critical,4,0,,0,asia-united-gateway-east-aug-east;eac-c2c;flag-north-asia-loopreach-north-asia-loop;orca;seamewe-3,0.0,1,1,,,,,24.4,未觀測到靠港,20.907955,121.205988,eez,2026-09-06T09:32:13.465682+00:00
613617404,LORIAN,tanker,,613,Cameroon,喀麥隆,15,critical,4,0,,0,seamewe-3,0.0,1,1,,,,,0.8,未觀測到靠港,21.428465,120.73918,contiguous_zone,2026-09-04T04:48:11.480190+00:00
620800361,PACIFIC_PRINCESS,tanker,,620,Comoros,葛摩,15,critical,5,28.0,2.1,0,apcn-2;asia-united-gateway-east-aug-east;eac-c2c;flag-europe-asia-fea;flag-north-asia-loopreach-north-asia-loop;seamewe-3,6.4,1,0,,,,,196.2,未觀測到靠港,20.998798,119.373867,eez,2026-09-05T09:11:06.137565+00:00
620999316,BOREAS,tanker,,620,Comoros,葛摩,15,critical,4,0,,0,asia-direct-cable-adc;eac-c2c;flag-north-asia-loopreach-north-asia-loop,0.0,1,1,,,,,407.7,未觀測到靠港,20.518037,120.017452,eez,2026-09-24T10:16:19.934067+00:00
620999966,HAI XIN,cargo,,620,Comoros,葛摩,15,critical,7,0,,0,,17.3,1,0,旗津漁港 Qijin,2026-09-05T00:28:43.331771+00:00,,,552.9,,22.877818,120.074955,internal_waters,2026-09-28T04:53:26.717713+00:00
629009348,LARE,cargo,,629,Gambia,甘比亞,15,critical,7,0,,0,,23.7,1,0,,,,,653.7,未觀測到靠港,22.736382,120.167857,internal_waters,2026-09-27T10:40:47.722453+00:00
629028482,BEESTA,tanker,,629,Gambia,甘比亞,15,critical,4,17.3,1.1,0,apcn-2;asia-united-gateway-east-aug-east;eac-c2c;flag-europe-asia-fea;flag-north-asia-loopreach-north-asia-loop;seamewe-3;southeast-asia-japan-cable-2-sjc2,0.0,1,0,,,,,85.3,未觀測到靠港,21.352258,120.131362,eez,2026-08-19T15:21:52.877359+00:00
636013692,YM UTILITY,cargo,,636,Liberia,賴比瑞亞,15,critical,7,13.2,2.1,0,apcn-2;eac-c2c;faster;southeast-asia-japan-cable-2-sjc2;taiwan-penghu-kinmen-matsu-no-2-tpkm2;trans-pacific-express-tpe-cable-system,0.0,0,0,基隆港 Keelung,2026-09-03T04:47:18.082694+00:00,,,53.7,,26.983067,121.346062,eez,2026-09-05T15:42:59.107474+00:00
636020595,GSL MAREN,cargo,,636,Liberia,賴比瑞亞,15,critical,7,13.1,1.9,0,eac-c2c;faster;taiwan-matsu-no-4;taiwan-penghu-kinmen-matsu-no-2-tpkm2;trans-pacific-express-tpe-cable-system,0.0,0,0,廈門 Xiamen,2026-09-06T00:23:27.934172+00:00,,,349.7,,23.021382,117.531275,eez,2026-09-20T17:48:31.226510+00:00
636026257,MADAGASCARPROSPERITY,tanker,,636,Liberia,賴比瑞亞,15,critical,7,5.1,0.7,0,taiwan-penghu-kinmen-matsu-no-2-tpkm2;taiwan-penghu-kinmen-matsu-no-3-tpkm3,0.0,0,0,,,,,572.5,未觀測到靠港,22.265482,120.082455,contiguous_zone,2026-09-25T10:20:59.492804+00:00
668116281,DING FONT,tanker,,668,Sao Tome Principe,聖多美,15,critical,4,0,,0,,9.6,1,0,,,,,862.6,未觀測到靠港,22.737597,120.173052,internal_waters,2026-09-21T00:40:54.264899+00:00
668116329,VENUS,tanker,,668,Sao Tome Principe,聖多美,15,critical,7,0,,0,taiwan-penghu-kinmen-matsu-no-3-tpkm3,14.4,1,0,台中港 Taichung,2026-09-20T05:05:13.918990+00:00,,,23.9,,22.658947,120.102933,internal_waters,2026-09-21T17:40:43.383432+00:00
205534000,GOLDEN WAVE,cargo,,205,Belgium,比利時,14,critical,4,0,,0,eac-c2c;flag-europe-asia-fea;flag-north-asia-loopreach-north-asia-loop;taiwan-penghu-kinmen-matsu-no-2-tpkm2,8.4,1,0,麗水漁港 Lishui,2026-08-23T04:58:29.790954+00:00,,,22.4,,21.107493,121.346527,eez,2026-08-24T04:13:24.721954+00:00
226103719,MINLIANYU61037-19,unknown,,226,France,法國,14,critical,4,11.3,0.1,4,taiwan-penghu-kinmen-matsu-no-2-tpkm2,0.0,1,0,,,,,245.7,未觀測到靠港,26.40746,120.61362,eez,2026-09-27T21:44:40.512664+00:00
351664000,ITX EHIME,cargo,,351,Panama,巴拿馬,14,critical,4,17.2,0.7,0,apcn-2;asia-united-gateway-east-aug-east;e2a;eac-c2c;taiwan-penghu-kinmen-matsu-no-2-tpkm2;tpu,0.0,0,0,小港臨海新村漁港 Xiaogang,2026-08-25T09:25:20.380906+00:00,,,28.9,,22.85479,122.385215,eez,2026-08-26T16:10:14.987861+00:00
373448000,SEEDIQ BENEFIT,cargo,,373,Panama,巴拿馬,14,critical,4,8.7,2.3,0,apcn-2;asia-pacific-gateway-apg;eac-c2c;flag-north-asia-loopreach-north-asia-loop;h2-cable;hong-kong-americas-hka;new-cross-pacific-ncp-cable-system;orca;pacific-light-cable-network-plcn,0.0,1,0,蘇澳港 Suao,2026-09-20T09:54:18.045676+00:00,,,4.5,,25.65208,122.380042,contiguous_zone,2026-09-20T17:48:31.226510+00:00
412066824,MINLONGYU66824,fishing,,412,China,中國,14,critical,1,7.8,3.4,0,taiwan-penghu-kinmen-matsu-no-3-tpkm3,0.0,0,0,,,,,337.4,未觀測到靠港,24.30035,118.64664,eez,2026-09-07T10:32:14.025579+00:00
412355156,55156,fishing,,412,China,中國,14,critical,3,3.9,2.8,1,apcn-2;seamewe-3,0.0,0,0,,,,,216.6,未觀測到靠港,23.18977,116.98064,eez,2026-09-28T01:21:43.156133+00:00
412441084,MINLIANYU60325,fishing,,412,China,中國,14,critical,5,6.6,2.1,1,taiwan-penghu-kinmen-matsu-no-3-tpkm3,0.0,0,0,,,,,244.0,未觀測到靠港,26.27072,120.07937,eez,2026-09-28T04:53:26.717713+00:00
412441148,MIN LIAN YU 60416,fishing,,412,China,中國,14,critical,2,0,,0,taiwan-matsu-no-4;taiwan-penghu-kinmen-matsu-no-3-tpkm3,0.0,0,0,,,,,239.0,未觀測到靠港,26.16317,120.40685,eez,2026-09-27T14:25:43.882565+00:00
412441149,00C,fishing,,412,China,中國,14,critical,4,4.1,2.7,0,taiwan-matsu-no-4;taiwan-penghu-kinmen-matsu-no-3-tpkm3;taiwan-strait-express-1-tse-1,0.0,0,0,,,,,655.8,未觀測到靠港,26.155107,120.111195,eez,2026-08-24T21:25:38.952973+00:00
412441227,MINLIANYU61486,fishing,,412,China,中國,14,critical,2,5.6,0.2,0,taiwan-matsu-no-4;taiwan-penghu-kinmen-matsu-no-3-tpkm3;taiwan-strait-express-1-tse-1,0.0,0,0,,,,,625.3,未觀測到靠港,25.94846,120.49839,eez,2026-09-24T04:15:53.594592+00:00
412441228,MIN LIAN YU60455,fishing,,412,China,中國,14,critical,6,10.3,0.6,6,taiwan-matsu-no-4;taiwan-penghu-kinmen-matsu-no-3-tpkm3,0.0,0,0,,,,,253.5,未觀測到靠港,26.307013,120.535917,eez,2026-09-24T16:19:49.305902+00:00
412441288,MINLIANYU61189,fishing,,412,China,中國,14,critical,6,5.6,2.9,1,taiwan-matsu-no-4;taiwan-penghu-kinmen-matsu-no-2-tpkm2;taiwan-penghu-kinmen-matsu-no-3-tpkm3;taiwan-strait-express-1-tse-1,0.0,0,0,,,,,237.5,未觀測到靠港,25.9507,120.98163,eez,2026-09-27T16:13:45.102927+00:00
412441428,MINLIANYU61981,fishing,,412,China,中國,14,critical,6,15.0,1.0,4,taiwan-matsu-no-4;taiwan-penghu-kinmen-matsu-no-2-tpkm2;taiwan-penghu-kinmen-matsu-no-3-tpkm3;taiwan-strait-express-1-tse-1,0.0,0,0,,,,,240.2,未觀測到靠港,26.29525,120.08705,eez,2026-09-27T16:13:45.102927+00:00
412441558,MIN LIAN YU 61038,fishing,,412,China,中國,14,critical,4,7.1,3.4,1,taiwan-matsu-no-4;taiwan-penghu-kinmen-matsu-no-3-tpkm3;taiwan-strait-express-1-tse-1,0.0,0,0,,,,,625.3,未觀測到靠港,26.12158,120.16564,eez,2026-09-24T04:15:53.594592+00:00
412441574,MINLIANYU61598,fishing,,412,China,中國,14,critical,5,3.5,1.5,0,taiwan-matsu-no-4;taiwan-penghu-kinmen-matsu-no-3-tpkm3;taiwan-strait-express-1-tse-1,0.0,0,0,,,,,137.0,未觀測到靠港,25.90899,120.22328,eez,2026-09-27T10:40:47.722453+00:00
412441677,64057,fishing,,412,China,中國,14,critical,2,3.3,2.1,1,taiwan-matsu-no-4;taiwan-penghu-kinmen-matsu-no-3-tpkm3;taiwan-strait-express-1-tse-1,0.0,0,0,,,,,155.1,未觀測到靠港,26.89483,120.27074,eez,2026-09-26T15:33:47.330971+00:00
412442234,MINLIANYUYUN60581,fishing,,412,China,中國,14,critical,4,13.1,0.5,5,taiwan-matsu-no-4;taiwan-penghu-kinmen-matsu-no-2-tpkm2;taiwan-penghu-kinmen-matsu-no-3-tpkm3,0.0,0,0,,,,,249.3,未觀測到靠港,26.29821,120.12423,eez,2026-09-28T01:21:43.156133+00:00
412442238,MINLIANYUYUN60937,fishing,,412,China,中國,14,critical,7,7.2,0.7,3,taiwan-matsu-no-4;taiwan-penghu-kinmen-matsu-no-3-tpkm3,0.0,0,0,,,,,250.2,未觀測到靠港,26.16639,120.08688,eez,2026-09-28T04:53:26.717713+00:00
412442243,MINLIANYU60436,fishing,,412,China,中國,14,critical,7,18.9,0.9,4,taiwan-matsu-no-4;taiwan-penghu-kinmen-matsu-no-3-tpkm3,0.0,0,0,,,,,253.5,未觀測到靠港,26.23458,120.10204,eez,2026-09-28T04:53:26.717713+00:00
412442244,MINLIANYU62035,fishing,,412,China,中國,14,critical,5,5.4,2.4,1,taiwan-matsu-no-4;taiwan-penghu-kinmen-matsu-no-3-tpkm3;taiwan-strait-express-1-tse-1,0.0,0,0,,,,,197.1,未觀測到靠港,26.1341,120.03519,eez,2026-09-26T10:00:01.245943+00:00
412442272,MINLIANYU61736,fishing,,412,China,中國,14,critical,2,4.3,2.3,0,eac-c2c;taiwan-matsu-no-4;taiwan-penghu-kinmen-matsu-no-2-tpkm2;taiwan-penghu-kinmen-matsu-no-3-tpkm3;taiwan-strait-express-1-tse-1,0.0,0,0,,,,,692.7,未觀測到靠港,26.45338,120.50889,eez,2026-09-22T16:06:50.564489+00:00
412442398,MINLIANYUYUN65387,fishing,,412,China,中國,14,critical,4,10.0,1.3,0,taiwan-matsu-no-4;taiwan-penghu-kinmen-matsu-no-2-tpkm2;taiwan-penghu-kinmen-matsu-no-3-tpkm3,0.0,0,0,,,,,594.4,未觀測到靠港,26.42123,120.30386,eez,2026-09-23T01:05:22.428388+00:00
412443289,MINLIANYU60286,fishing,,412,China,中國,14,critical,4,6.6,3.0,0,eac-c2c;taiwan-matsu-no-4;taiwan-penghu-kinmen-matsu-no-2-tpkm2;taiwan-penghu-kinmen-matsu-no-3-tpkm3;taiwan-strait-express-1-tse-1,0.0,0,0,,,,,710.6,未觀測到靠港,25.6887,120.55903,eez,2026-09-24T04:15:53.594592+00:00
412443321,MINLIANYU60224,fishing,,412,China,中國,14,critical,1,4.0,2.5,0,taiwan-penghu-kinmen-matsu-no-2-tpkm2;taiwan-penghu-kinmen-matsu-no-3-tpkm3;taiwan-strait-express-1-tse-1,0.0,0,0,,,,,654.6,未觀測到靠港,26.32016,120.05847,eez,2026-09-24T04:15:53.594592+00:00
412443433,MINLIANYU60413,fishing,,412,China,中國,14,critical,4,3.6,3.4,0,eac-c2c;taiwan-matsu-no-4;taiwan-penghu-kinmen-matsu-no-2-tpkm2;taiwan-penghu-kinmen-matsu-no-3-tpkm3;taiwan-strait-express-1-tse-1,0.0,0,0,,,,,708.5,未觀測到靠港,26.55611,121.19919,eez,2026-09-23T21:54:36.888155+00:00
412443571,MINLIANYU60751,fishing,,412,China,中國,14,critical,1,0,,0,taiwan-matsu-no-4,0.0,0,0,,,,,240.8,未觀測到靠港,26.15791,120.40353,eez,2026-09-27T16:13:45.102927+00:00
412443813,MINPINGYU 76688,fishing,,412,China,中國,14,critical,1,3.0,3.4,1,taiwan-strait-express-1-tse-1,0.0,0,0,平潭 Pingtan,2026-09-22T16:06:50.564489+00:00,,,39.2,,25.46513,120.44567,eez,2026-09-24T16:19:49.305902+00:00
412443874,MINMINYU61222,fishing,,412,China,中國,14,critical,4,8.5,0.0,0,taiwan-penghu-kinmen-matsu-no-3-tpkm3;taiwan-strait-express-1-tse-1,0.0,0,0,福清灣/海壇 Fuqing,2026-08-25T12:38:09.106164+00:00,,,600.5,,26.02487,120.07823,eez,2026-09-23T21:54:36.888155+00:00
412443877,MINLIANYU61713,fishing,,412,China,中國,14,critical,1,9.5,2.7,0,taiwan-matsu-no-4;taiwan-penghu-kinmen-matsu-no-3-tpkm3;taiwan-strait-express-1-tse-1,0.0,0,0,,,,,680.5,未觀測到靠港,25.98072,120.69583,eez,2026-09-21T17:40:43.383432+00:00
412443893,MINLIANYU61753,fishing,,412,China,中國,14,critical,4,9.7,1.6,0,taiwan-matsu-no-4;taiwan-penghu-kinmen-matsu-no-2-tpkm2;taiwan-penghu-kinmen-matsu-no-3-tpkm3;taiwan-strait-express-1-tse-1,0.0,0,0,,,,,625.3,未觀測到靠港,26.44837,120.9664,eez,2026-09-24T04:15:53.594592+00:00
412444291,61068,fishing,,412,China,中國,14,critical,4,3.8,3.3,0,taiwan-penghu-kinmen-matsu-no-2-tpkm2;taiwan-penghu-kinmen-matsu-no-3-tpkm3,0.0,0,0,,,,,629.0,未觀測到靠港,24.16106,119.02329,eez,2026-09-23T15:57:04.675481+00:00
412444364,MIN LONG YU 66791,fishing,,412,China,中國,14,critical,4,3.5,3.8,0,taiwan-penghu-kinmen-matsu-no-2-tpkm2;taiwan-penghu-kinmen-matsu-no-3-tpkm3,0.0,0,0,,,,,582.8,未觀測到靠港,24.14932,119.01144,eez,2026-09-21T17:40:43.383432+00:00
412444396,MINLIANYU60269,fishing,,412,China,中國,14,critical,4,13.2,3.8,0,eac-c2c;taiwan-matsu-no-4;taiwan-penghu-kinmen-matsu-no-2-tpkm2;taiwan-penghu-kinmen-matsu-no-3-tpkm3;taiwan-strait-express-1-tse-1,0.0,0,0,,,,,708.7,未觀測到靠港,25.50984,120.51346,eez,2026-09-24T04:15:53.594592+00:00
412444581,MIN LONG YU08882,fishing,,412,China,中國,14,critical,3,6.6,0.9,1,taiwan-penghu-kinmen-matsu-no-2-tpkm2;taiwan-penghu-kinmen-matsu-no-3-tpkm3,0.0,0,0,,,,,181.1,未觀測到靠港,24.44333,118.59628,eez,2026-09-25T04:28:34.378018+00:00
412444629,MINLONGYU63883,fishing,,412,China,中國,14,critical,7,3.5,1.2,0,taiwan-penghu-kinmen-matsu-no-2-tpkm2;taiwan-penghu-kinmen-matsu-no-3-tpkm3,0.0,0,0,,,,,250.2,未觀測到靠港,24.52107,118.56324,eez,2026-09-28T04:53:26.717713+00:00
412444644,MINLONGYU09896,fishing,,412,China,中國,14,critical,7,3.4,2.1,0,taiwan-penghu-kinmen-matsu-no-2-tpkm2,0.0,0,0,大嶝/圍頭灣 Weitou,2026-09-24T05:06:41.799739+00:00,,,24.4,,24.5299,118.69725,eez,2026-09-25T14:19:32.550957+00:00
412444699,MINLONGYU09988,fishing,,412,China,中國,14,critical,7,6.8,1.1,1,taiwan-penghu-kinmen-matsu-no-2-tpkm2,0.0,0,0,,,,,252.8,未觀測到靠港,24.52099,118.56353,eez,2026-09-28T04:53:26.717713+00:00
412444733,62688,fishing,,412,China,中國,14,critical,3,15.0,3.0,2,taiwan-penghu-kinmen-matsu-no-2-tpkm2;taiwan-penghu-kinmen-matsu-no-3-tpkm3,0.0,0,0,,,,,253.5,未觀測到靠港,24.30319,118.55205,eez,2026-09-28T04:53:26.717713+00:00
412444759,666888,fishing,,412,China,中國,14,critical,4,0,,0,taiwan-penghu-kinmen-matsu-no-3-tpkm3,0.0,0,0,,,,,522.5,未觀測到靠港,24.276485,118.292457,eez,2026-09-04T17:54:11.204189+00:00
412444941,MIN LONG YU 60375,fishing,,412,China,中國,14,critical,4,3.9,3.4,0,taiwan-penghu-kinmen-matsu-no-2-tpkm2;taiwan-penghu-kinmen-matsu-no-3-tpkm3,0.0,0,0,,,,,618.0,未觀測到靠港,24.06921,118.79589,eez,2026-09-23T04:56:38.976277+00:00
412444975,MIN LONG YU 60824,fishing,,412,China,中國,14,critical,1,3.5,0.7,0,taiwan-penghu-kinmen-matsu-no-2-tpkm2;taiwan-penghu-kinmen-matsu-no-3-tpkm3,0.0,0,0,,,,,569.5,未觀測到靠港,24.16603,118.86955,eez,2026-09-21T04:27:30.978051+00:00
412445095,MINLIANYU60922,fishing,,412,China,中國,14,critical,3,4.2,3.4,0,eac-c2c;taiwan-matsu-no-4;taiwan-penghu-kinmen-matsu-no-2-tpkm2;taiwan-penghu-kinmen-matsu-no-3-tpkm3;taiwan-strait-express-1-tse-1,0.0,0,0,,,,,698.4,未觀測到靠港,25.70221,120.66809,eez,2026-09-23T04:20:01.078375+00:00
412445132,MINLIANYU60476,fishing,,412,China,中國,14,critical,2,8.1,2.8,0,eac-c2c;taiwan-penghu-kinmen-matsu-no-2-tpkm2;taiwan-penghu-kinmen-matsu-no-3-tpkm3;taiwan-strait-express-1-tse-1,0.0,0,0,,,,,625.3,未觀測到靠港,25.53233,120.52711,eez,2026-09-24T04:15:53.594592+00:00
412445242,MINZHANGYU60526,fishing,,412,China,中國,14,critical,1,1.8,,0,taiwan-penghu-kinmen-matsu-no-2-tpkm2;taiwan-penghu-kinmen-matsu-no-3-tpkm3,0.0,0,0,,,,,644.2,未觀測到靠港,24.129475,118.535252,eez,2026-09-06T22:39:12.217794+00:00
412447678,01298,fishing,,412,China,中國,14,critical,2,8.0,3.3,2,eac-c2c;taiwan-matsu-no-4;taiwan-penghu-kinmen-matsu-no-2-tpkm2;taiwan-penghu-kinmen-matsu-no-3-tpkm3;taiwan-strait-express-1-tse-1,0.0,0,0,,,,,250.2,未觀測到靠港,26.41472,121.11932,eez,2026-09-28T04:53:26.717713+00:00
412449543,MINLIANYU61037,fishing,,412,China,中國,14,critical,4,11.7,1.0,4,taiwan-penghu-kinmen-matsu-no-2-tpkm2,0.0,0,0,,,,,249.3,未觀測到靠港,26.40517,120.16048,eez,2026-09-28T01:21:43.156133+00:00
412449838,MINLIANYU61636,fishing,,412,China,中國,14,critical,5,4.9,1.4,0,taiwan-matsu-no-4;taiwan-penghu-kinmen-matsu-no-2-tpkm2;taiwan-penghu-kinmen-matsu-no-3-tpkm3,0.0,0,0,,,,,229.9,未觀測到靠港,25.95226,120.71521,eez,2026-09-27T18:47:26.528965+00:00
412505502,MIN LIAN YU 13006,fishing,,412,China,中國,14,critical,6,15.0,1.2,2,taiwan-matsu-no-4;taiwan-penghu-kinmen-matsu-no-3-tpkm3,0.0,0,0,,,,,133.6,未觀測到靠港,26.10583,119.86905,eez,2026-09-23T04:56:38.976277+00:00
412666888,MIN,fishing,,412,China,中國,14,critical,1,6.1,1.6,1,taiwan-penghu-kinmen-matsu-no-3-tpkm3;taiwan-strait-express-1-tse-1,0.0,0,0,青帆漁港 Qingfan,2026-09-19T22:35:05.123562+00:00,,,183.7,,25.97492,119.96837,eez,2026-09-27T16:13:45.102927+00:00
412760820,CHANG SHENG LONG,cargo,,412,China,中國,14,critical,2,0,,0,apcn-2;taiwan-penghu-kinmen-matsu-no-3-tpkm3,6.3,0,0,莆田湄洲灣 Putian,2026-08-19T04:58:58.976544+00:00,,,705.5,,25.618342,119.701307,eez,2026-09-17T15:23:12.849902+00:00
412999999,XING GANG 8880,unknown,,412,China,中國,14,critical,1,0,,0,taiwan-penghu-kinmen-matsu-no-2-tpkm2,0.0,0,0,泉州 Quanzhou,2026-09-02T03:59:47.596863+00:00,,,548.2,,25.746133,119.620517,eez,2026-09-19T15:11:46.365307+00:00
413218790,CHANGRUN229,cargo,,413,China,中國,14,critical,7,0,,0,taiwan-strait-express-1-tse-1,9.1,0,0,閩江口錨地 Minjiangkou,2026-09-27T05:29:23.388990+00:00,,,14.7,,26.265145,119.794747,eez,2026-09-28T01:21:43.156133+00:00
413220620,MAO YUN 568,cargo,,413,China,中國,14,critical,4,10.1,0.8,0,apcn-2;taiwan-matsu-no-4;taiwan-penghu-kinmen-matsu-no-2-tpkm2;taiwan-penghu-kinmen-matsu-no-3-tpkm3;taiwan-strait-express-1-tse-1,0.0,0,0,深滬灣/圍頭東 Shenhu,2026-09-23T13:58:51.187032+00:00,,,12.3,,24.675497,118.453467,eez,2026-09-24T04:15:53.594592+00:00
413233760,HONG RUN 866,cargo,,413,China,中國,14,critical,1,0,,0,,10.9,0,0,,,,,898.7,未觀測到靠港,26.129757,119.718067,eez,2026-09-21T04:27:30.978051+00:00
413262670,HAI LI 669,cargo,,413,China,中國,14,critical,1,0,,0,,5.2,0,0,,,,,923.0,未觀測到靠港,26.436577,119.926027,eez,2026-09-23T10:10:32.731426+00:00
413265270,JI XIANG JIN XIU,cargo,,413,China,中國,14,critical,4,14.2,0.7,0,taiwan-penghu-kinmen-matsu-no-2-tpkm2;taiwan-penghu-kinmen-matsu-no-3-tpkm3,0.0,0,0,深滬灣/圍頭東 Shenhu,2026-08-31T14:11:41.168860+00:00,,,132.3,,25.774223,119.80852,eez,2026-09-06T04:52:03.960094+00:00
413275650,YUAN  RUI   168,cargo,,413,China,中國,14,critical,7,24.2,0.4,0,southeast-asia-japan-cable-sjc;taiwan-penghu-kinmen-matsu-no-2-tpkm2;taiwan-penghu-kinmen-matsu-no-3-tpkm3,9.6,0,0,湄洲灣泉港 Meizhouwan,2026-09-23T04:56:38.976277+00:00,汕頭港外 Shantou-appr,2026-09-27T18:47:26.528965+00:00,102.1,,23.193177,116.8006,eez,2026-09-28T04:53:26.717713+00:00
413290040,WU TONG,tanker,,413,China,中國,14,critical,4,19.3,0.1,4,eac-c2c,0.0,0,0,莆田湄洲灣 Putian,2026-09-25T10:20:59.492804+00:00,,,31.4,,26.145638,121.133177,eez,2026-09-26T21:45:02.932353+00:00
413313110,HAISHENGJIA877,cargo,,413,China,中國,14,critical,7,0,,0,,7.5,0,0,,,,,671.9,未觀測到靠港,26.25681,119.80069,eez,2026-09-28T04:53:26.717713+00:00
413327550,QING FENG 6,cargo,,413,China,中國,14,critical,4,0,,0,taiwan-penghu-kinmen-matsu-no-2-tpkm2;taiwan-penghu-kinmen-matsu-no-3-tpkm3;taiwan-strait-express-1-tse-1,0.0,0,0,深滬灣/圍頭東 Shenhu,2026-09-27T18:47:26.528965+00:00,,,7.1,,25.119717,119.2707,eez,2026-09-28T04:53:26.717713+00:00
413336820,LONG    XIN     99,cargo,,413,China,中國,14,critical,4,5.4,1.3,0,taiwan-penghu-kinmen-matsu-no-2-tpkm2;taiwan-penghu-kinmen-matsu-no-3-tpkm3,0.0,0,0,深滬灣/圍頭東 Shenhu,2026-08-30T15:52:29.078583+00:00,,,184.3,,23.480245,117.492333,eez,2026-09-07T10:32:14.025579+00:00
413368130,BAO SEN 16,cargo,,413,China,中國,14,critical,1,0,,0,cross-straits-cable-network;taiwan-penghu-kinmen-matsu-no-2-tpkm2,0.0,0,0,深滬灣/圍頭東 Shenhu,2026-09-27T14:25:43.882565+00:00,大嶝/圍頭灣 Weitou,2026-09-27T18:47:26.528965+00:00,0.0,,24.539173,118.22092,eez,2026-09-28T04:53:26.717713+00:00
413495860,MMSI-413495860,cargo,,413,China,中國,14,critical,4,0,,0,cross-straits-cable-network;taiwan-penghu-kinmen-matsu-no-2-tpkm2;taiwan-penghu-kinmen-matsu-no-3-tpkm3,3.0,0,0,深滬灣/圍頭東 Shenhu,2026-09-26T18:11:05.265483+00:00,大嶝/圍頭灣 Weitou,2026-09-27T10:40:47.722453+00:00,7.7,,24.490337,118.216827,eez,2026-09-28T04:53:26.717713+00:00
413625250,MAO YUN 28,cargo,,413,China,中國,14,critical,5,19.0,0.7,0,taiwan-penghu-kinmen-matsu-no-3-tpkm3;taiwan-strait-express-1-tse-1,0.0,0,0,,,,,637.2,未觀測到靠港,27.380917,120.854267,eez,2026-09-26T18:11:05.265483+00:00
413700560,DING XIANG 7,cargo,,413,China,中國,14,critical,2,6.4,0.2,0,taiwan-matsu-no-4;taiwan-penghu-kinmen-matsu-no-2-tpkm2;taiwan-penghu-kinmen-matsu-no-3-tpkm3;taiwan-strait-express-1-tse-1,0.0,0,0,廈門 Xiamen,2026-08-24T09:36:53.209692+00:00,廈門 Xiamen,2026-09-23T15:57:04.675481+00:00,722.7,,24.44209,118.041507,eez,2026-09-24T04:15:53.594592+00:00
414336000,HONG BO 3,cargo,,414,China,中國,14,critical,3,0,,0,taiwan-matsu-no-4;taiwan-penghu-kinmen-matsu-no-2-tpkm2;taiwan-penghu-kinmen-matsu-no-3-tpkm3,5.3,0,0,,,,,932.7,未觀測到靠港,24.302092,118.751147,eez,2026-09-23T15:57:04.675481+00:00
416000427,DER SHUEN 26,fishing,,416,Taiwan,台灣,14,critical,4,5.7,2.8,0,apcn-2;eac-c2c;faster;southeast-asia-japan-cable-2-sjc2,0.0,0,0,野柳漁港 Yehliu,2026-09-18T04:56:09.149862+00:00,野柳漁港 Yehliu,2026-09-21T23:45:03.856684+00:00,82.8,,25.204133,121.686967,internal_waters,2026-09-24T16:19:49.305902+00:00
416001571,JIA FWU CHERNG NO.1,fishing,,416,Taiwan,台灣,14,critical,7,8.0,3.9,5,apcn-2;eac-c2c;faster;southeast-asia-japan-cable-2-sjc2;trans-pacific-express-tpe-cable-system,0.0,0,0,,,,,637.0,未觀測到靠港,25.498547,121.516448,territorial_sea,2026-09-28T04:53:26.717713+00:00
416002081,JIN HER JYI 12,fishing,,416,Taiwan,台灣,14,critical,2,8.5,2.3,2,apcn-2;eac-c2c;faster;taiwan-penghu-kinmen-matsu-no-3-tpkm3,0.0,0,0,八斗子漁港 Badouzi,2026-09-24T13:55:47.379231+00:00,,,0.0,,25.31776,121.837908,internal_waters,2026-09-25T04:28:34.378018+00:00
416003784,CHYUAN MEEI NO.168,fishing,,416,Taiwan,台灣,14,critical,1,3.8,0.9,0,apcn-2;eac-c2c;southeast-asia-japan-cable-2-sjc2,0.0,0,0,深澳漁港 Shenao,2026-09-19T19:05:56.114966+00:00,,,43.1,,26.011992,122.379398,eez,2026-09-21T17:40:43.383432+00:00
416003881,YU SHAN NO:166,fishing,,416,Taiwan,台灣,14,critical,1,5.8,0.9,0,apcn-2;eac-c2c;faster,0.0,0,0,野柳漁港 Yehliu,2026-09-20T17:48:31.226510+00:00,野柳漁港 Yehliu,2026-09-21T17:40:43.383432+00:00,4.6,,25.220337,121.687093,internal_waters,2026-09-21T17:40:43.383432+00:00
416004028,DA LIU MEI NO.68,fishing,,416,Taiwan,台灣,14,critical,3,3.3,2.8,0,eac-c2c;faster;taiwan-penghu-kinmen-matsu-no-3-tpkm3,0.0,0,0,淡水第一漁港 Tamsui1,2026-09-20T00:31:18.688825+00:00,淡水第一漁港 Tamsui1,2026-09-21T00:40:54.264899+00:00,16.7,,25.18371,121.410512,internal_waters,2026-09-23T04:20:01.078375+00:00
416004813,JISHUN8HAO,passenger,,416,Taiwan,台灣,14,critical,3,0,,0,taiwan-penghu-kinmen-matsu-no-3-tpkm3,0.0,0,0,馬祖福澳港 Matsu,2026-09-26T10:00:01.245943+00:00,,,0.0,,26.205197,119.968573,eez,2026-09-27T05:29:23.388990+00:00
416004828,SHENG HE FA,fishing,,416,Taiwan,台灣,14,critical,2,15.3,1.5,0,taiwan-penghu-kinmen-matsu-no-3-tpkm3,0.0,0,0,赤馬漁港 Chima,2026-08-18T17:18:44.348985+00:00,,,801.3,,23.629097,119.52318,internal_waters,2026-09-23T21:54:36.888155+00:00
416005049,TAIWAN5049,fishing,,416,Taiwan,台灣,14,critical,2,11.6,3.9,2,apcn-2;eac-c2c;faster;southeast-asia-japan-cable-2-sjc2,0.0,0,0,八斗子漁港 Badouzi,2026-09-02T04:48:40.622480+00:00,,,595.1,,25.820792,122.003407,territorial_sea,2026-09-27T04:51:19.105185+00:00
416005057,TAIYU5057,fishing,,416,Taiwan,台灣,14,critical,1,6.5,1.4,0,asia-united-gateway-east-aug-east;candle;flag-north-asia-loopreach-north-asia-loop,0.0,0,0,蘇澳港 Suao,2026-09-20T21:08:32.217333+00:00,,,0.0,,24.579428,121.87086,internal_waters,2026-09-20T21:08:32.217333+00:00
461000330,ZALIV BAIKAL,tanker,,461,Oman,阿曼,14,critical,4,0,,0,seamewe-3,0.0,1,1,,,,,29.3,未觀測到靠港,21.391395,120.210757,eez,2026-09-01T10:15:55.563560+00:00
477218200,SC HAIKOU,tanker,,477,Hong Kong,香港,14,critical,4,0,,0,apcn-2;taiwan-penghu-kinmen-matsu-no-2-tpkm2,0.0,0,0,台中港 Taichung,2026-09-22T04:22:57.752949+00:00,,,16.5,,22.96105,117.164467,eez,2026-09-22T21:44:27.100940+00:00
477769500,FENG SHUN,cargo,,477,Hong Kong,香港,14,critical,4,16.0,1.0,0,eac-c2c;faster;taiwan-penghu-kinmen-matsu-no-2-tpkm2;taiwan-penghu-kinmen-matsu-no-3-tpkm3;taiwan-strait-express-1-tse-1,0.0,0,0,台北港 Taipei,2026-08-21T19:19:16.495479+00:00,,,397.3,,25.965308,119.800368,eez,2026-09-07T10:32:14.025579+00:00
477848300,JING SHUN,cargo,,477,Hong Kong,香港,14,critical,2,6.1,2.0,1,taiwan-penghu-kinmen-matsu-no-3-tpkm3;taiwan-strait-express-1-tse-1,7.5,0,0,台北港 Taipei,2026-09-27T16:13:45.102927+00:00,,,10.1,,26.093517,119.706333,eez,2026-09-28T04:53:26.717713+00:00
538010555,ROSEWOOD,cargo,,538,Marshall Is,馬紹爾群島,14,critical,4,10.0,0.8,0,flag-europe-asia-fea;flag-north-asia-loopreach-north-asia-loop;seamewe-3;southeast-asia-japan-cable-2-sjc2;taiwan-penghu-kinmen-matsu-no-2-tpkm2,11.5,0,0,台中港 Taichung,2026-09-05T15:42:59.107474+00:00,,,17.8,,20.729783,120.94875,eez,2026-09-06T12:28:17.682022+00:00
563278100,COSCO PRINCE RUPERT,cargo,,563,Singapore,新加坡,14,critical,7,4.3,2.1,0,taiwan-penghu-kinmen-matsu-no-2-tpkm2;taiwan-penghu-kinmen-matsu-no-3-tpkm3,0.0,0,0,,,,,61.2,未觀測到靠港,27.26747,121.516242,eez,2026-09-06T04:52:03.960094+00:00
563287700,HAIPHONG EXPRESS,cargo,,563,Singapore,新加坡,14,critical,4,5.6,1.2,0,seamewe-3;southeast-asia-japan-cable-sjc;taiwan-penghu-kinmen-matsu-no-2-tpkm2,0.0,0,0,廈門 Xiamen,2026-08-24T04:13:24.721954+00:00,,,14.2,,25.83563,121.237277,eez,2026-08-24T19:22:01.181129+00:00
565220000,WAN HAI 315,cargo,,565,Singapore,新加坡,14,critical,4,0,,0,taiwan-penghu-kinmen-matsu-no-2-tpkm2,1.7,0,0,小港臨海新村漁港 Xiaogang,2026-09-01T10:15:55.563560+00:00,,,26.0,,22.667317,119.38032,contiguous_zone,2026-09-02T15:49:23.030399+00:00
613271504,QUARTZ,tanker,,613,Cameroon,喀麥隆,14,critical,4,0,,0,taiwan-matsu-no-4,0.0,1,1,,,,,20.6,未觀測到靠港,25.975478,120.862933,eez,2026-09-20T21:08:32.217333+00:00
613464706,KEXIN,tanker,,613,Cameroon,喀麥隆,14,critical,4,0,,0,apcn-2;eac-c2c;tata-tgn-intra-asia-tgn-ia,0.0,1,1,,,,,35.5,未觀測到靠港,23.353775,122.818063,eez,2026-09-20T21:08:32.217333+00:00
636019761,EASTERN POSEIDON,tanker,,636,Liberia,賴比瑞亞,14,critical,4,16.3,0.7,0,e2a;eac-c2c;faster;taiwan-strait-express-1-tse-1;trans-pacific-express-tpe-cable-system,5.0,0,0,,,,,671.9,未觀測到靠港,26.242602,122.749028,eez,2026-09-28T04:53:26.717713+00:00
667002010,CHENG HE,tanker,,667,Sierra Leone,獅子山,14,critical,4,0,,0,eac-c2c;taiwan-penghu-kinmen-matsu-no-2-tpkm2;taiwan-penghu-kinmen-matsu-no-3-tpkm3;trans-pacific-express-tpe-cable-system,0.0,1,1,,,,,115.4,未觀測到靠港,26.770112,122.122483,eez,2026-09-27T05:29:23.388990+00:00
667002037,CECILA,tanker,,667,Sierra Leone,獅子山,14,critical,4,0,,0,apcn-2;asia-direct-cable-adc;candle;eac-c2c;seamewe-3,0.0,1,1,,,,,31.4,未觀測到靠港,19.924807,119.498025,eez,2026-09-23T01:05:22.428388+00:00
677011100,HAI FA,cargo,,677,Tanzania,坦尚尼亞,14,critical,4,0,,0,taiwan-penghu-kinmen-matsu-no-2-tpkm2,12.6,1,0,,,安平商港區 Anping-basin,2026-09-05T12:13:46.310257+00:00,482.7,,22.978462,120.173653,internal_waters,2026-09-24T04:15:53.594592+00:00
231904000,SKIPANES,cargo,,231,Faroe Is,法羅群島,13,critical,7,7.3,0.6,0,taiwan-penghu-kinmen-matsu-no-2-tpkm2;taiwan-penghu-kinmen-matsu-no-3-tpkm3,2.2,1,0,同安灣/廈門灣北 Tongan,2026-09-07T10:32:14.025579+00:00,,,0.0,,22.320608,116.060295,eez,2026-09-17T18:42:40.833805+00:00
273261260,CHRIS. DE MARGERIE,tanker,,273,Russia,俄羅斯,13,critical,4,0,,0,apcn-2;asia-united-gateway-east-aug-east;eac-c2c;flag-europe-asia-fea;pacific-light-cable-network-plcn,0.0,1,1,,,,,0.9,未觀測到靠港,21.172325,121.387562,eez,2026-09-07T04:57:56.102287+00:00
273278950,MMSI-273278950,tanker,,273,Russia,俄羅斯,13,critical,4,0,,0,apcn-2,0.0,1,1,,,,,6.5,未觀測到靠港,20.657123,121.058262,eez,2026-08-30T12:03:28.899785+00:00
273279530,LA PEROUSE,tanker,,273,Russia,俄羅斯,13,critical,4,0,,0,apcn-2;eac-c2c;flag-europe-asia-fea,0.0,1,1,,,,,6.1,未觀測到靠港,21.395067,121.872948,eez,2026-09-21T23:45:03.856684+00:00
314132000,GAS CONCEPT,tanker,,314,Barbados,巴貝多,13,critical,4,0,,0,apcn-2;asia-united-gateway-east-aug-east;flag-north-asia-loopreach-north-asia-loop;seamewe-3;taiwan-strait-express-1-tse-1,0.0,1,1,,,,,162.7,未觀測到靠港,23.011515,122.670347,eez,2026-09-07T00:30:10.743445+00:00
352001978,SKOON A,cargo,,352,Panama,巴拿馬,13,critical,7,18.8,0.5,0,apcn-2;asia-united-gateway-east-aug-east;eac-c2c;flag-north-asia-loopreach-north-asia-loop;taiwan-penghu-kinmen-matsu-no-3-tpkm3;trans-pacific-express-tpe-cable-system,4.2,0,0,,,,,147.4,未觀測到靠港,24.54574,122.448187,eez,2026-09-07T04:57:56.102287+00:00
355837000,ESTEEM ASTRO,tanker,,355,Panama,巴拿馬,13,critical,3,0,,0,seamewe-3,12.1,0,0,,,,,303.6,未觀測到靠港,21.771837,119.74062,eez,2026-08-28T05:01:48.482487+00:00
356613000,PULAU TIOMAN,cargo,,356,Panama,巴拿馬,13,critical,4,4.8,0.0,1,apcn-2;eac-c2c;faster;southeast-asia-japan-cable-2-sjc2;trans-pacific-express-tpe-cable-system,0.0,0,0,,,,,618.7,未觀測到靠港,23.300943,117.86823,eez,2026-09-25T23:43:08.293870+00:00
371930000,ASAKAZE,cargo,,371,Panama,巴拿馬,13,critical,7,7.6,0.1,0,apcn-2;eac-c2c,0.0,1,0,基隆港 Keelung,2026-08-31T05:49:54.519009+00:00,,,38.6,,23.1106,117.336318,eez,2026-09-02T04:48:40.622480+00:00
371937000,CRANE MAIA,tanker,,371,Panama,巴拿馬,13,critical,3,4.1,0.1,1,eac-c2c;taiwan-penghu-kinmen-matsu-no-3-tpkm3,0.0,1,0,基隆港 Keelung,2026-09-25T19:03:12.158891+00:00,,,25.3,,22.34171,117.830555,eez,2026-09-27T01:03:54.816309+00:00
372534000,ZAMBALES,cargo,,372,Panama,巴拿馬,13,critical,7,17.3,0.0,0,eac-c2c;taiwan-penghu-kinmen-matsu-no-2-tpkm2,0.0,1,0,,,,,431.8,未觀測到靠港,22.602467,118.822283,eez,2026-09-21T00:40:54.264899+00:00
412324651,MMSI-412324651,fishing,,412,China,中國,13,critical,2,4.0,1.6,0,taiwan-penghu-kinmen-matsu-no-3-tpkm3;taiwan-strait-express-1-tse-1,0.0,0,0,,,,,234.9,未觀測到靠港,26.0042,120.0849,eez,2026-09-28T04:53:26.717713+00:00
412441045,MINLIANYU60433,fishing,,412,China,中國,13,critical,4,6.3,3.0,0,taiwan-matsu-no-4;taiwan-penghu-kinmen-matsu-no-2-tpkm2;taiwan-penghu-kinmen-matsu-no-3-tpkm3;taiwan-strait-express-1-tse-1,0.0,0,0,,,,,625.3,未觀測到靠港,26.3872,120.93563,eez,2026-09-24T04:15:53.594592+00:00
412441075,MINLIANYU61785,fishing,,412,China,中國,13,critical,2,9.0,2.4,0,taiwan-matsu-no-4;taiwan-penghu-kinmen-matsu-no-2-tpkm2;taiwan-penghu-kinmen-matsu-no-3-tpkm3;taiwan-strait-express-1-tse-1,0.0,0,0,,,,,625.3,未觀測到靠港,26.49397,120.96061,eez,2026-09-24T04:15:53.594592+00:00
412441153,MINLIANYUYUN60979,fishing,,412,China,中國,13,critical,1,18.9,0.8,3,taiwan-penghu-kinmen-matsu-no-3-tpkm3,0.0,0,0,,,,,247.0,未觀測到靠港,26.21138,120.10565,eez,2026-09-28T04:53:26.717713+00:00
412441174,MIN LIAN YU 60488,fishing,,412,China,中國,13,critical,5,11.7,0.7,3,taiwan-penghu-kinmen-matsu-no-3-tpkm3,0.0,0,0,,,,,165.0,未觀測到靠港,26.265,120.1651,eez,2026-09-24T21:55:23.402715+00:00
412441196,MINLIANYU60401,fishing,,412,China,中國,13,critical,4,5.9,2.4,0,eac-c2c;taiwan-matsu-no-4;taiwan-penghu-kinmen-matsu-no-2-tpkm2;taiwan-penghu-kinmen-matsu-no-3-tpkm3;taiwan-strait-express-1-tse-1,0.0,0,0,,,,,622.0,未觀測到靠港,26.63119,121.21447,eez,2026-09-24T00:59:15.889391+00:00
412441207,MINLIANYU61651,fishing,,412,China,中國,13,critical,3,0,,0,taiwan-strait-express-1-tse-1,0.0,0,0,,,,,253.5,未觀測到靠港,26.00736,119.80678,eez,2026-09-28T04:53:26.717713+00:00
412441219,MINLIANYU68994,fishing,,412,China,中國,13,critical,5,3.5,2.2,0,taiwan-penghu-kinmen-matsu-no-3-tpkm3;taiwan-strait-express-1-tse-1,0.0,0,0,,,,,194.3,未觀測到靠港,26.31736,119.88213,eez,2026-09-26T15:33:47.330971+00:00
412441225,58852,fishing,,412,China,中國,13,critical,5,15.5,0.7,3,taiwan-matsu-no-4;taiwan-penghu-kinmen-matsu-no-3-tpkm3,0.0,0,0,,,,,215.5,未觀測到靠港,26.32985,120.07426,eez,2026-09-26T15:33:47.330971+00:00
412441253,MINLIANYU68993,fishing,,412,China,中國,13,critical,5,3.5,1.8,0,taiwan-penghu-kinmen-matsu-no-3-tpkm3;taiwan-strait-express-1-tse-1,0.0,0,0,,,,,206.7,未觀測到靠港,26.31727,119.88212,eez,2026-09-26T15:33:47.330971+00:00
412441297,MINLIANYU60081,fishing,,412,China,中國,13,critical,7,12.8,3.5,0,taiwan-matsu-no-4;taiwan-penghu-kinmen-matsu-no-3-tpkm3;taiwan-strait-express-1-tse-1,0.0,0,0,,,,,435.9,未觀測到靠港,25.738242,120.263155,eez,2026-09-05T00:28:43.331771+00:00
412441298,MINLIANYU68965,fishing,,412,China,中國,13,critical,2,7.8,1.6,0,taiwan-penghu-kinmen-matsu-no-3-tpkm3;taiwan-strait-express-1-tse-1,0.0,0,0,,,,,269.1,未觀測到靠港,24.67453,119.54609,eez,2026-09-05T00:28:43.331771+00:00
412441313,MIN LIAN YU 60458,fishing,,412,China,中國,13,critical,4,6.5,1.0,2,taiwan-penghu-kinmen-matsu-no-3-tpkm3,0.0,0,0,,,,,625.3,未觀測到靠港,26.27405,120.08572,eez,2026-09-24T04:15:53.594592+00:00
412441362,MIN LIAN YU63888,fishing,,412,China,中國,13,critical,4,9.8,0.9,0,taiwan-matsu-no-4;taiwan-penghu-kinmen-matsu-no-3-tpkm3;taiwan-strait-express-1-tse-1,0.0,0,0,,,,,602.0,未觀測到靠港,26.03569,120.09095,eez,2026-09-23T04:56:38.976277+00:00
412441382,MIN LIAN YU 69997,fishing,,412,China,中國,13,critical,1,9.8,0.7,0,taiwan-penghu-kinmen-matsu-no-2-tpkm2;taiwan-penghu-kinmen-matsu-no-3-tpkm3;trans-pacific-express-tpe-cable-system,0.0,0,0,,,,,653.7,未觀測到靠港,26.27846,121.6045,eez,2026-09-20T09:54:18.045676+00:00
412441444,MINLIANYU60066,fishing,,412,China,中國,13,critical,4,4.1,2.8,0,taiwan-matsu-no-4;taiwan-penghu-kinmen-matsu-no-3-tpkm3;taiwan-strait-express-1-tse-1,0.0,0,0,,,,,594.8,未觀測到靠港,25.75928,120.73534,eez,2026-09-22T21:44:27.100940+00:00
412441472,MIN LIAN YU 61958,fishing,,412,China,中國,13,critical,2,15.7,2.8,0,eac-c2c;taiwan-matsu-no-4;taiwan-penghu-kinmen-matsu-no-3-tpkm3;taiwan-strait-express-1-tse-1,0.0,0,0,,,,,681.8,未觀測到靠港,26.4196,121.78271,eez,2026-09-22T05:12:21.147253+00:00
412441475,MINLIANYU60173,fishing,,412,China,中國,13,critical,2,5.4,2.6,0,taiwan-matsu-no-4;taiwan-penghu-kinmen-matsu-no-2-tpkm2;taiwan-penghu-kinmen-matsu-no-3-tpkm3;taiwan-strait-express-1-tse-1,0.0,0,0,,,,,683.1,未觀測到靠港,26.36459,119.93048,eez,2026-09-21T23:45:03.856684+00:00
412441528,MINLIANYU61746,fishing,,412,China,中國,13,critical,7,13.5,2.1,4,taiwan-matsu-no-4;taiwan-penghu-kinmen-matsu-no-3-tpkm3;taiwan-strait-express-1-tse-1,0.0,0,0,,,,,252.8,未觀測到靠港,26.31269,120.32728,eez,2026-09-28T04:53:26.717713+00:00
412441531,MINLIANYU61883,fishing,,412,China,中國,13,critical,2,5.0,0.3,1,taiwan-matsu-no-4;taiwan-penghu-kinmen-matsu-no-2-tpkm2;taiwan-penghu-kinmen-matsu-no-3-tpkm3;taiwan-strait-express-1-tse-1,0.0,0,0,,,,,208.1,未觀測到靠港,26.26812,120.78482,eez,2026-09-28T04:53:26.717713+00:00
412441542,MIN LIAN YU 61755,fishing,,412,China,中國,13,critical,5,3.4,2.9,1,eac-c2c;taiwan-matsu-no-4;taiwan-penghu-kinmen-matsu-no-2-tpkm2;taiwan-penghu-kinmen-matsu-no-3-tpkm3;taiwan-strait-express-1-tse-1;trans-pacific-express-tpe-cable-system,0.0,0,0,,,,,227.3,未觀測到靠港,25.85587,120.66343,eez,2026-09-27T16:13:45.102927+00:00
412441579,MINPINGYU63175,cargo,,412,China,中國,13,critical,1,0,,0,taiwan-penghu-kinmen-matsu-no-3-tpkm3,0.0,0,0,,,,,123.0,未觀測到靠港,25.16679,120.25255,eez,2026-09-25T16:20:22.361665+00:00
412441584,MINLIANYU60265,fishing,,412,China,中國,13,critical,7,4.6,0.7,3,taiwan-penghu-kinmen-matsu-no-3-tpkm3,0.0,0,0,,,,,244.0,未觀測到靠港,26.24688,120.10178,eez,2026-09-28T04:53:26.717713+00:00
412441639,MINLIANYU60323,fishing,,412,China,中國,13,critical,4,4.3,3.2,0,taiwan-matsu-no-4;taiwan-penghu-kinmen-matsu-no-3-tpkm3;taiwan-strait-express-1-tse-1,0.0,0,0,,,,,707.3,未觀測到靠港,25.87881,120.84912,eez,2026-09-24T00:59:15.889391+00:00
412441646,MINLIANYU60428,fishing,,412,China,中國,13,critical,1,18.1,1.2,2,taiwan-matsu-no-4;taiwan-penghu-kinmen-matsu-no-3-tpkm3,0.0,0,0,,,,,625.3,未觀測到靠港,26.24427,120.14871,eez,2026-09-24T04:15:53.594592+00:00
412441684,MIN LIAN YU 60981,fishing,,412,China,中國,13,critical,1,3.3,3.8,0,taiwan-matsu-no-4;taiwan-penghu-kinmen-matsu-no-3-tpkm3;taiwan-strait-express-1-tse-1,0.0,0,0,,,,,672.2,未觀測到靠港,26.12945,120.23674,eez,2026-08-24T05:07:50.163540+00:00
412441715,MINLIANYU60979,fishing,,412,China,中國,13,critical,4,12.0,3.2,0,eac-c2c;taiwan-matsu-no-4;taiwan-penghu-kinmen-matsu-no-2-tpkm2;taiwan-penghu-kinmen-matsu-no-3-tpkm3;taiwan-strait-express-1-tse-1;trans-pacific-express-tpe-cable-system,0.0,0,0,,,,,696.8,未觀測到靠港,25.71878,120.53716,eez,2026-09-24T04:15:53.594592+00:00
412442038,MINLIANYU60366,fishing,,412,China,中國,13,critical,2,8.2,2.6,0,taiwan-matsu-no-4;taiwan-penghu-kinmen-matsu-no-2-tpkm2;taiwan-penghu-kinmen-matsu-no-3-tpkm3;taiwan-strait-express-1-tse-1,0.0,0,0,,,,,698.4,未觀測到靠港,26.32327,120.069732,eez,2026-09-04T04:00:17.162565+00:00
412442113,MINLIANYUYUN69499,fishing,,412,China,中國,13,critical,2,3.5,1.2,1,taiwan-penghu-kinmen-matsu-no-2-tpkm2;taiwan-penghu-kinmen-matsu-no-3-tpkm3,0.0,0,0,,,,,235.7,未觀測到靠港,26.38649,119.91055,eez,2026-09-27T14:25:43.882565+00:00
412442132,MINLIANYUYUN61923,fishing,,412,China,中國,13,critical,1,0,,0,taiwan-matsu-no-4;taiwan-penghu-kinmen-matsu-no-2-tpkm2;taiwan-penghu-kinmen-matsu-no-3-tpkm3,0.0,0,0,,,,,181.1,未觀測到靠港,26.36122,120.07573,eez,2026-09-25T04:28:34.378018+00:00
412442209,MINLIANYU60091,fishing,,412,China,中國,13,critical,3,5.7,2.9,0,taiwan-matsu-no-4;taiwan-penghu-kinmen-matsu-no-3-tpkm3;taiwan-strait-express-1-tse-1,0.0,0,0,,,,,704.1,未觀測到靠港,25.8021,120.82913,eez,2026-09-23T13:58:51.187032+00:00
412442245,MINLIANYU61716,fishing,,412,China,中國,13,critical,4,5.6,1.4,0,taiwan-matsu-no-4;taiwan-penghu-kinmen-matsu-no-2-tpkm2;taiwan-penghu-kinmen-matsu-no-3-tpkm3;taiwan-strait-express-1-tse-1,0.0,0,0,,,,,535.0,未觀測到靠港,26.40713,121.60861,eez,2026-09-20T09:54:18.045676+00:00
412442324,MINLIANYU62023,fishing,,412,China,中國,13,critical,4,7.2,2.6,2,taiwan-matsu-no-4;taiwan-penghu-kinmen-matsu-no-3-tpkm3;taiwan-strait-express-1-tse-1,0.0,0,0,,,,,171.9,未觀測到靠港,26.07285,119.90225,eez,2026-09-26T13:30:14.985430+00:00
412442515,MINXIAYU08221,fishing,,412,China,中國,13,critical,4,4.2,3.9,0,taiwan-strait-express-1-tse-1,0.0,0,0,,,,,530.1,未觀測到靠港,26.01282,119.74222,eez,2026-09-20T05:05:13.918990+00:00
412442580,ZR]R,cargo,,412,China,中國,13,critical,3,0,,0,taiwan-penghu-kinmen-matsu-no-2-tpkm2;taiwan-penghu-kinmen-matsu-no-3-tpkm3,0.0,0,0,廈門 Xiamen,2026-09-25T01:02:22.277454+00:00,廈門 Xiamen,2026-09-27T18:47:26.528965+00:00,59.8,,24.511733,118.078362,eez,2026-09-28T04:53:26.717713+00:00
412442766,MINLIANYU60058,fishing,,412,China,中國,13,critical,2,3.7,3.1,0,taiwan-matsu-no-4;taiwan-penghu-kinmen-matsu-no-3-tpkm3;taiwan-strait-express-1-tse-1;trans-pacific-express-tpe-cable-system,0.0,0,0,,,,,644.2,未觀測到靠港,25.896108,120.183612,eez,2026-08-24T13:42:25.715728+00:00
412443943,MINFUZHOUYU65895,fishing,,412,China,中國,13,critical,1,19.7,1.5,0,taiwan-penghu-kinmen-matsu-no-3-tpkm3;taiwan-strait-express-1-tse-1,0.0,0,0,閩江口錨地 Minjiangkou,2026-08-25T09:06:24.201787+00:00,,,569.8,,26.07696,120.1364,eez,2026-09-21T20:43:12.525617+00:00
412444159,MIN LONG YU 61882,fishing,,412,China,中國,13,critical,1,4.5,1.8,0,taiwan-penghu-kinmen-matsu-no-2-tpkm2;taiwan-penghu-kinmen-matsu-no-3-tpkm3,0.0,0,0,,,,,659.1,未觀測到靠港,25.31513,120.04163,eez,2026-09-20T15:16:51.207587+00:00
412444179,MIN LONG YU 61157,fishing,,412,China,中國,13,critical,3,3.1,3.9,0,taiwan-penghu-kinmen-matsu-no-2-tpkm2;taiwan-penghu-kinmen-matsu-no-3-tpkm3,0.0,0,0,,,,,643.2,未觀測到靠港,24.28548,118.90696,eez,2026-09-20T21:08:32.217333+00:00
412444187,MIN LONG YU 61656,fishing,,412,China,中國,13,critical,2,0,,0,taiwan-penghu-kinmen-matsu-no-3-tpkm3,0.0,0,0,,,,,253.5,未觀測到靠港,24.16856,118.79233,eez,2026-09-28T04:53:26.717713+00:00
412444288,63895,fishing,,412,China,中國,13,critical,1,9.0,1.5,1,taiwan-penghu-kinmen-matsu-no-2-tpkm2,0.0,0,0,,,,,253.5,未觀測到靠港,24.32442,118.11734,eez,2026-09-28T04:53:26.717713+00:00
412444351,09769,fishing,,412,China,中國,13,critical,2,0,,0,taiwan-penghu-kinmen-matsu-no-3-tpkm3,0.0,0,0,,,,,190.3,未觀測到靠港,24.18694,118.07375,eez,2026-09-25T14:19:32.550957+00:00
412444365,MINLONGYU61252,fishing,,412,China,中國,13,critical,1,4.5,3.3,0,taiwan-penghu-kinmen-matsu-no-2-tpkm2;taiwan-penghu-kinmen-matsu-no-3-tpkm3,0.0,0,0,,,,,664.9,未觀測到靠港,24.36535,119.09165,eez,2026-09-20T21:08:32.217333+00:00
412444611,MINLONGYU08786,fishing,,412,China,中國,13,critical,3,6.1,1.1,1,taiwan-penghu-kinmen-matsu-no-2-tpkm2,0.0,0,0,,,,,594.3,未觀測到靠港,24.43779,118.61245,eez,2026-09-22T05:12:21.147253+00:00
412444612,MINLIANYU60251,fishing,,412,China,中國,13,critical,2,4.4,0.7,3,taiwan-matsu-no-4;taiwan-penghu-kinmen-matsu-no-2-tpkm2;taiwan-penghu-kinmen-matsu-no-3-tpkm3,0.0,0,0,,,,,246.4,未觀測到靠港,26.35326,119.93695,eez,2026-09-27T21:44:40.512664+00:00
412444738,MINLIANYU60255,fishing,,412,China,中國,13,critical,3,8.2,1.0,2,taiwan-matsu-no-4;taiwan-penghu-kinmen-matsu-no-2-tpkm2;taiwan-penghu-kinmen-matsu-no-3-tpkm3;taiwan-strait-express-1-tse-1,0.0,0,0,,,,,250.0,未觀測到靠港,26.35385,119.93753,eez,2026-09-28T01:21:43.156133+00:00
412444922,MINLONGYU61819,fishing,,412,China,中國,13,critical,3,14.1,3.5,0,taiwan-penghu-kinmen-matsu-no-3-tpkm3,0.0,0,0,,,,,698.4,未觀測到靠港,24.10079,118.67974,eez,2026-09-23T04:20:01.078375+00:00
412444965,MINLONGYU64388,fishing,,412,China,中國,13,critical,3,0,,0,taiwan-penghu-kinmen-matsu-no-2-tpkm2,0.0,0,0,,,,,247.0,未觀測到靠港,24.95523,119.63138,eez,2026-09-28T04:53:26.717713+00:00
412444966,MINLONGYU61699,fishing,,412,China,中國,13,critical,1,6.6,2.4,0,taiwan-penghu-kinmen-matsu-no-2-tpkm2;taiwan-penghu-kinmen-matsu-no-3-tpkm3,0.0,0,0,,,,,664.9,未觀測到靠港,24.16584,119.15271,eez,2026-09-20T21:08:32.217333+00:00
