mmsi,name,vessel_type,gov_category,flag_mid,flag_en,flag_zh,max_risk_score,risk_level,days_seen,cable_loiter_hours,cable_loiter_avg_speed_kn,cable_loiter_events,cables_nearby,offshore_loiter_days,non_top10_flag,sanctioned,departure_port,departure_time_utc,arrival_port,arrival_time_utc,time_at_sea_hours,time_at_sea_note,last_lat,last_lon,last_zone,last_seen_utc
412522610,YING HAI 59,cargo,,412,China,中國,31,critical,7,66.8,0.3,0,taiwan-penghu-kinmen-matsu-no-2-tpkm2;taiwan-penghu-kinmen-matsu-no-3-tpkm3,4.5,0,0,湄洲灣泉港 Meizhouwan,2026-09-03T21:31:20.880272+00:00,,,82.0,,23.556955,119.499897,internal_waters,2026-09-07T10:32:14.025579+00:00
413000000,SAI YANG DIAN ZI,cargo,,413,China,中國,30,critical,7,5.6,2.5,0,asia-pacific-gateway-apg;flag-north-asia-loopreach-north-asia-loop;h2-cable;taiwan-penghu-kinmen-matsu-no-2-tpkm2;taiwan-penghu-kinmen-matsu-no-3-tpkm3;taiwan-strait-express-1-tse-1,0.0,0,0,中柱漁港 Zhongzhu,2026-09-06T04:52:03.960094+00:00,,,25.0,,26.251542,119.802197,eez,2026-09-07T10:32:14.025579+00:00
671368100,LEONA NO.2,tanker,,671,Togo,多哥,27,critical,7,8.5,1.6,0,taiwan-penghu-kinmen-matsu-no-2-tpkm2;taiwan-penghu-kinmen-matsu-no-3-tpkm3,25.9,1,0,,,,,621.6,未觀測到靠港,22.754268,120.151642,internal_waters,2026-09-07T10:32:14.025579+00:00
412466829,66829,unknown,,412,China,中國,26,critical,7,9.8,3.2,0,taiwan-penghu-kinmen-matsu-no-3-tpkm3,0.0,0,0,,,,,343.1,未觀測到靠港,24.29391,118.61098,eez,2026-09-07T10:32:14.025579+00:00
457119000,SAFCO,cargo,,457,Mongolia,蒙古,26,critical,7,0,,0,taiwan-penghu-kinmen-matsu-no-2-tpkm2;taiwan-penghu-kinmen-matsu-no-3-tpkm3,15.0,1,0,外垵漁港 Waian,2026-09-01T10:15:55.563560+00:00,,,140.7,,22.896695,120.09604,internal_waters,2026-09-07T10:32:14.025579+00:00
357817958,MMSI-357817958,cargo,,357,Panama,巴拿馬,25,critical,7,0,,0,taiwan-penghu-kinmen-matsu-no-2-tpkm2;taiwan-penghu-kinmen-matsu-no-3-tpkm3,0.0,0,0,,,,,494.6,未觀測到靠港,23.909982,118.49207,eez,2026-09-05T22:29:16.547946+00:00
412447667,MINLIANYU66588,cargo,,412,China,中國,25,critical,7,9.3,2.9,0,taiwan-matsu-no-4;taiwan-penghu-kinmen-matsu-no-2-tpkm2;taiwan-penghu-kinmen-matsu-no-3-tpkm3;taiwan-strait-express-1-tse-1,0.0,0,0,,,,,385.6,未觀測到靠港,25.84477,120.9008,eez,2026-09-07T10:32:14.025579+00:00
412906383,XINGHAI95,cargo,,412,China,中國,24,critical,7,6.1,1.5,0,taiwan-matsu-no-4;taiwan-penghu-kinmen-matsu-no-3-tpkm3;taiwan-strait-express-1-tse-1,0.0,0,0,青帆漁港 Qingfan,2026-08-27T08:42:36.751075+00:00,,,219.8,,25.957117,119.98347,eez,2026-09-07T10:32:14.025579+00:00
413005665,SHUNXING056,cargo,,413,China,中國,24,critical,7,3.5,2.4,0,taiwan-strait-express-1-tse-1,0.0,0,0,,,,,529.6,未觀測到靠港,26.15753,119.805215,eez,2026-09-07T04:57:56.102287+00:00
667001298,CHERRY 168,tanker,,667,Sierra Leone,獅子山,24,critical,7,13.6,2.0,0,eac-c2c;faster;taiwan-matsu-no-4;taiwan-penghu-kinmen-matsu-no-2-tpkm2;taiwan-penghu-kinmen-matsu-no-3-tpkm3;taiwan-strait-express-1-tse-1;trans-pacific-express-tpe-cable-system,0.0,1,0,麗水漁港 Lishui,2026-09-01T01:31:13.238497+00:00,,,149.9,,25.981123,121.617212,eez,2026-09-07T10:32:14.025579+00:00
311000717,ARRIBA,cargo,,311,Bahamas,巴哈馬,23,critical,7,4.7,1.4,0,taiwan-penghu-kinmen-matsu-no-2-tpkm2;taiwan-penghu-kinmen-matsu-no-3-tpkm3,7.3,1,0,台中港 Taichung,2026-09-03T13:07:19.959143+00:00,,,12.4,,22.387355,119.575083,eez,2026-09-04T04:00:17.162565+00:00
352003569,FORTUNE GLOBE,tanker,,352,Panama,巴拿馬,23,critical,7,154.2,0.7,0,eac-c2c;faster;taiwan-matsu-no-4;taiwan-penghu-kinmen-matsu-no-2-tpkm2;taiwan-penghu-kinmen-matsu-no-3-tpkm3;taiwan-strait-express-1-tse-1;trans-pacific-express-tpe-cable-system,0.0,0,0,,,,,621.6,未觀測到靠港,24.358227,119.737693,contiguous_zone,2026-09-07T10:32:14.025579+00:00
370401000,EXPRESS SAIL,tanker,,370,Panama,巴拿馬,23,critical,7,7.3,3.4,0,taiwan-penghu-kinmen-matsu-no-2-tpkm2;taiwan-penghu-kinmen-matsu-no-3-tpkm3,21.4,1,0,,,,,512.8,未觀測到靠港,22.705017,120.170412,internal_waters,2026-09-07T10:32:14.025579+00:00
403512001,NCC NOOR,tanker,,403,Saudi Arabia,沙烏地阿拉伯,23,critical,7,3.7,0.9,0,eac-c2c;flag-north-asia-loopreach-north-asia-loop;seamewe-3;taiwan-penghu-kinmen-matsu-no-2-tpkm2;taiwan-penghu-kinmen-matsu-no-3-tpkm3,0.0,1,0,莆田湄洲灣 Putian,2026-08-20T11:18:17.276599+00:00,,,424.4,,25.9886,121.447783,eez,2026-09-07T04:57:56.102287+00:00
412442346,MINLIANYU60322,cargo,,412,China,中國,23,critical,7,6.4,3.4,0,taiwan-matsu-no-4;taiwan-penghu-kinmen-matsu-no-3-tpkm3;taiwan-strait-express-1-tse-1,0.0,0,0,,,,,385.6,未觀測到靠港,25.80862,120.35475,eez,2026-09-07T10:32:14.025579+00:00
412442398,MINLIANYUYUN65387,fishing,,412,China,中國,23,critical,7,10.0,1.3,0,taiwan-matsu-no-4;taiwan-penghu-kinmen-matsu-no-2-tpkm2;taiwan-penghu-kinmen-matsu-no-3-tpkm3,0.0,0,0,,,,,385.6,未觀測到靠港,26.36524,119.92595,eez,2026-09-07T10:32:14.025579+00:00
413498610,NINGYUANYONGAN,cargo,,413,China,中國,23,critical,7,12.1,1.6,0,apcn-2;eac-c2c;faster;taiwan-penghu-kinmen-matsu-no-2-tpkm2;taiwan-penghu-kinmen-matsu-no-3-tpkm3;taiwan-strait-express-1-tse-1;trans-pacific-express-tpe-cable-system,0.0,0,0,小港臨海新村漁港 Xiaogang,2026-09-06T04:04:01.481536+00:00,,,24.1,,26.427975,120.714653,eez,2026-09-07T04:57:56.102287+00:00
416168800,RONG BANG NO 5,special,,416,Taiwan,台灣,23,critical,7,59.5,0.1,0,taiwan-penghu-kinmen-matsu-no-3-tpkm3;taiwan-strait-express-1-tse-1,0.0,0,0,白沙漁港 Baisha,2026-09-06T04:52:03.960094+00:00,,,25.0,,26.20651,119.96705,eez,2026-09-07T10:32:14.025579+00:00
677016400,ADA,cargo,,677,Tanzania,坦尚尼亞,23,critical,7,6.5,2.2,0,eac-c2c;taiwan-matsu-no-4;taiwan-penghu-kinmen-matsu-no-2-tpkm2;taiwan-penghu-kinmen-matsu-no-3-tpkm3;trans-pacific-express-tpe-cable-system,0.0,1,0,,,,,616.0,未觀測到靠港,24.524227,120.518733,internal_waters,2026-09-07T04:57:56.102287+00:00
352006010,CHANG YANG DONG FANG,cargo,,352,Panama,巴拿馬,22,critical,7,6.3,2.5,0,eac-c2c;taiwan-matsu-no-4;taiwan-penghu-kinmen-matsu-no-3-tpkm3;trans-pacific-express-tpe-cable-system,0.0,0,0,台北港 Taipei,2026-09-05T04:42:29.611877+00:00,,,33.6,,26.067072,121.539778,eez,2026-09-06T18:44:37.513907+00:00
412440140,SEYCHELLESPROSPERITY,tanker,,412,China,中國,22,critical,7,4.0,3.1,0,apcn-2;taiwan-penghu-kinmen-matsu-no-2-tpkm2;taiwan-penghu-kinmen-matsu-no-3-tpkm3,0.0,0,0,廈門 Xiamen,2026-09-05T00:28:43.331771+00:00,,,54.6,,24.272427,118.913715,eez,2026-09-07T10:32:14.025579+00:00
412702620,YU CHANG 8,cargo,,412,China,中國,22,critical,7,120.4,0.3,0,taiwan-penghu-kinmen-matsu-no-2-tpkm2;taiwan-penghu-kinmen-matsu-no-3-tpkm3,0.0,0,0,新湖漁港 Xinhu,2026-09-07T00:30:10.743445+00:00,,,6.5,,24.316547,118.174983,eez,2026-09-07T10:32:14.025579+00:00
412866688,SHUN DA6668,cargo,,412,China,中國,22,critical,7,10.2,3.0,0,taiwan-penghu-kinmen-matsu-no-2-tpkm2;taiwan-penghu-kinmen-matsu-no-3-tpkm3,0.0,0,0,,,,,533.6,未觀測到靠港,26.404167,120.313365,eez,2026-09-07T10:32:14.025579+00:00
413276610,NANHANG757,cargo,,413,China,中國,22,critical,7,15.5,0.9,0,taiwan-penghu-kinmen-matsu-no-2-tpkm2;taiwan-penghu-kinmen-matsu-no-3-tpkm3;taiwan-strait-express-1-tse-1,0.0,0,0,湄洲灣泉港 Meizhouwan,2026-08-25T19:28:24.092970+00:00,,,99.6,,23.530005,117.41812,eez,2026-08-30T00:54:50.080310+00:00
413332760,HUI DE,cargo,,413,China,中國,22,critical,7,8.4,1.5,0,apcn-2;eac-c2c;faster;taiwan-matsu-no-4;taiwan-penghu-kinmen-matsu-no-2-tpkm2;taiwan-penghu-kinmen-matsu-no-3-tpkm3;taiwan-strait-express-1-tse-1;trans-pacific-express-tpe-cable-system,0.0,0,0,高雄港 Kaohsiung,2026-09-07T04:57:56.102287+00:00,,,0.0,,22.799217,120.084893,internal_waters,2026-09-07T10:32:14.025579+00:00
413875037,CHINACOASTGUARD2305,coastguard,coastguard,413,China,中國,22,critical,7,0,,0,taiwan-penghu-kinmen-matsu-no-2-tpkm2;taiwan-penghu-kinmen-matsu-no-3-tpkm3;taiwan-strait-express-1-tse-1,0.0,0,0,,,,,66.1,未觀測到靠港,25.7577,120.36907,eez,2026-08-28T11:34:06.990542+00:00
477800200,JJ NAGOYA,cargo,,477,Hong Kong,香港,22,critical,7,11.7,0.7,0,apcn-2;eac-c2c;faster;taiwan-penghu-kinmen-matsu-no-2-tpkm2;taiwan-penghu-kinmen-matsu-no-3-tpkm3;taiwan-strait-express-1-tse-1;trans-pacific-express-tpe-cable-system,0.0,0,0,小港臨海新村漁港 Xiaogang,2026-09-03T18:14:46.249326+00:00,,,27.0,,27.57651,121.040318,eez,2026-09-05T00:28:43.331771+00:00
477957600,DONG FANG XIAMEN,cargo,,477,Hong Kong,香港,22,critical,7,6.1,0.1,0,eac-c2c;taiwan-penghu-kinmen-matsu-no-2-tpkm2;taiwan-penghu-kinmen-matsu-no-3-tpkm3;taiwan-strait-express-1-tse-1,0.0,0,0,小港臨海新村漁港 Xiaogang,2026-09-04T17:54:11.204189+00:00,,,61.4,,22.833367,120.048467,internal_waters,2026-09-07T10:32:14.025579+00:00
563223600,MAERSK EL BANCO,cargo,,563,Singapore,新加坡,22,critical,7,32.3,1.0,0,eac-c2c;taiwan-penghu-kinmen-matsu-no-2-tpkm2;trans-pacific-express-tpe-cable-system,5.5,0,0,廈門 Xiamen,2026-08-23T05:51:54.225811+00:00,,,6.3,,23.195663,117.740982,eez,2026-08-23T13:25:34.381599+00:00
608683405,83405,cargo,,608,Ascension Is,阿森松島,22,critical,7,6.8,4.0,0,taiwan-penghu-kinmen-matsu-no-3-tpkm3;taiwan-strait-express-1-tse-1,0.0,1,0,,,,,499.4,未觀測到靠港,25.888512,119.993865,eez,2026-09-06T00:23:27.934172+00:00
620999951,NEPTUNE,cargo,,620,Comoros,葛摩,22,critical,7,210.7,0.6,0,eac-c2c;taiwan-matsu-no-4;taiwan-penghu-kinmen-matsu-no-2-tpkm2;taiwan-penghu-kinmen-matsu-no-3-tpkm3;taiwan-strait-express-1-tse-1;trans-pacific-express-tpe-cable-system,0.0,1,0,,,,,621.6,未觀測到靠港,22.866205,119.199955,contiguous_zone,2026-09-07T10:32:14.025579+00:00
341890000,HONG XING,cargo,,341,St Kitts Nevis,聖克里斯多福,21,critical,7,0,,0,taiwan-penghu-kinmen-matsu-no-3-tpkm3,14.2,1,0,安平商港區 Anping-basin,2026-08-29T02:56:44.800599+00:00,,,219.8,,22.720595,120.146748,internal_waters,2026-09-07T10:32:14.025579+00:00
350179000,MMSI-350179000,tanker,,350,Nicaragua,尼加拉瓜,21,critical,7,6.5,1.9,0,apcn-2;seamewe-3;southeast-asia-japan-cable-sjc;taiwan-matsu-no-4;taiwan-penghu-kinmen-matsu-no-3-tpkm3;taiwan-strait-express-1-tse-1,0.0,1,1,,,,,621.6,未觀測到靠港,26.293195,119.86499,eez,2026-09-07T10:32:14.025579+00:00
357057000,GOLDEN TIDE,tanker,,357,Panama,巴拿馬,21,critical,7,7.6,2.9,0,taiwan-matsu-no-4;taiwan-penghu-kinmen-matsu-no-2-tpkm2;taiwan-penghu-kinmen-matsu-no-3-tpkm3;taiwan-strait-express-1-tse-1;trans-pacific-express-tpe-cable-system,0.0,0,0,,,,,253.9,未觀測到靠港,24.518263,120.204468,territorial_sea,2026-08-23T04:07:26.915880+00:00
412442115,MINLIANYU60982,fishing,,412,China,中國,21,critical,7,19.4,3.6,0,taiwan-matsu-no-4;taiwan-strait-express-1-tse-1,0.0,0,0,,,,,325.3,未觀測到靠港,25.9505,120.31922,eez,2026-09-05T00:28:43.331771+00:00
412592490,HAI YANG 09,cargo,,412,China,中國,21,critical,7,7.7,3.2,0,cross-straits-cable-network;taiwan-penghu-kinmen-matsu-no-2-tpkm2;taiwan-penghu-kinmen-matsu-no-3-tpkm3,0.0,0,0,大嶝/圍頭灣 Weitou,2026-09-07T00:30:10.743445+00:00,,,6.5,,24.429103,118.18208,eez,2026-09-07T10:32:14.025579+00:00
413241050,XIN SHUN HANG 569,cargo,,413,China,中國,21,critical,7,1.9,,0,taiwan-strait-express-1-tse-1,6.5,0,0,福州馬尾 Fuzhou-Mawei,2026-09-07T04:57:56.102287+00:00,,,0.0,,26.0318,119.692907,eez,2026-09-07T10:32:14.025579+00:00
413250840,DONGSHAN 55,cargo,,413,China,中國,21,critical,7,14.2,0.6,0,apcn-2;eac-c2c;faster;taiwan-matsu-no-4;taiwan-penghu-kinmen-matsu-no-2-tpkm2;taiwan-penghu-kinmen-matsu-no-3-tpkm3;taiwan-strait-express-1-tse-1;trans-pacific-express-tpe-cable-system,0.0,0,0,基隆港 Keelung,2026-09-02T03:59:47.596863+00:00,,,115.7,,26.381247,120.12236,eez,2026-09-07T00:30:10.743445+00:00
413555110,WAN XIANG 388,cargo,,413,China,中國,21,critical,7,0,,0,cross-straits-cable-network;taiwan-penghu-kinmen-matsu-no-2-tpkm2;taiwan-penghu-kinmen-matsu-no-3-tpkm3,0.0,0,0,大嶝/圍頭灣 Weitou,2026-08-29T18:01:43.259492+00:00,大嶝/圍頭灣 Weitou,2026-08-30T04:54:33.141207+00:00,3.5,,24.532718,118.239228,eez,2026-09-07T10:32:14.025579+00:00
413702940,HUA XIN 116,cargo,,413,China,中國,21,critical,7,8.8,0.2,0,cross-straits-cable-network;taiwan-penghu-kinmen-matsu-no-2-tpkm2;taiwan-penghu-kinmen-matsu-no-3-tpkm3;taiwan-strait-express-1-tse-1,0.0,0,0,福州馬尾 Fuzhou-Mawei,2026-08-29T18:01:43.259492+00:00,同安灣/廈門灣北 Tongan,2026-08-30T21:44:18.641860+00:00,20.9,,24.52132,118.08128,eez,2026-08-31T05:49:54.519009+00:00
413706320,DONG SHAN 25,cargo,,413,China,中國,21,critical,7,111.3,0.1,0,taiwan-penghu-kinmen-matsu-no-2-tpkm2;taiwan-penghu-kinmen-matsu-no-3-tpkm3;taiwan-strait-express-1-tse-1,0.0,0,0,馬祖福澳港 Matsu,2026-09-05T00:28:43.331771+00:00,,,54.6,,26.162233,119.906277,eez,2026-09-07T10:32:14.025579+00:00
477057900,HUA HANG 6,cargo,,477,Hong Kong,香港,21,critical,7,4.5,2.2,0,apcn-2;eac-c2c;faster;taiwan-matsu-no-4;taiwan-penghu-kinmen-matsu-no-2-tpkm2;taiwan-penghu-kinmen-matsu-no-3-tpkm3;taiwan-strait-express-1-tse-1,0.0,0,0,同安灣/廈門灣北 Tongan,2026-09-06T22:39:12.217794+00:00,,,0.0,,24.350767,118.24361,eez,2026-09-07T00:30:10.743445+00:00
477118100,SWAN LAKE,cargo,,477,Hong Kong,香港,21,critical,1,15.7,0.4,0,eac-c2c;faster;taiwan-matsu-no-4,0.0,0,0,廈門 Xiamen,2026-09-06T09:32:13.465682+00:00,,,15.6,,25.316393,121.682982,internal_waters,2026-09-07T04:03:02.203275+00:00
477630400,A KEIGA,cargo,,477,Hong Kong,香港,21,critical,7,8.5,0.1,0,eac-c2c;taiwan-penghu-kinmen-matsu-no-2-tpkm2;taiwan-penghu-kinmen-matsu-no-3-tpkm3;taiwan-strait-express-1-tse-1,0.0,0,0,台北港 Taipei,2026-09-07T04:57:56.102287+00:00,,,0.0,,25.538927,120.800842,eez,2026-09-07T10:32:14.025579+00:00
538012622,OCEAN VICTORY,cargo,,538,Marshall Is,馬紹爾群島,21,critical,7,11.4,1.3,0,eac-c2c;taiwan-penghu-kinmen-matsu-no-2-tpkm2,0.0,0,0,台北港 Taipei,2026-09-02T00:40:45.000416+00:00,,,126.5,,24.230733,120.482522,internal_waters,2026-09-07T10:32:14.025579+00:00
620999315,MEDNA,tanker,,620,Comoros,葛摩,21,critical,7,19.9,1.5,0,apcn-2;asia-pacific-gateway-apg;asia-united-gateway-east-aug-east;candle;eac-c2c;flag-europe-asia-fea;flag-north-asia-loopreach-north-asia-loop;hong-kong-americas-hka;orca;seamewe-3;tpu,0.0,1,1,,,,,220.6,未觀測到靠港,20.914685,120.958228,eez,2026-08-22T07:06:41.885734+00:00
620999902,.MAGICIAN  66,cargo,,620,Comoros,葛摩,21,critical,7,59.8,2.4,0,eac-c2c;taiwan-matsu-no-4;taiwan-penghu-kinmen-matsu-no-2-tpkm2;taiwan-penghu-kinmen-matsu-no-3-tpkm3;taiwan-strait-express-1-tse-1;trans-pacific-express-tpe-cable-system,0.0,1,0,,,,,564.9,未觀測到靠港,22.857447,119.479298,territorial_sea,2026-09-07T00:30:10.743445+00:00
219734000,ALVA MAERSK,cargo,,219,Denmark,丹麥,20,critical,7,3.9,0.9,0,eac-c2c;taiwan-penghu-kinmen-matsu-no-2-tpkm2;taiwan-penghu-kinmen-matsu-no-3-tpkm3;taiwan-strait-express-1-tse-1,4.8,1,0,,,,,244.3,未觀測到靠港,23.08979,117.653287,eez,2026-08-22T17:12:26.267485+00:00
352001221,PRINCE CHARMING,tanker,,352,Panama,巴拿馬,20,critical,7,1.6,,0,taiwan-penghu-kinmen-matsu-no-2-tpkm2;taiwan-penghu-kinmen-matsu-no-3-tpkm3,15.5,0,0,,,,,615.1,未觀測到靠港,24.336043,120.383533,internal_waters,2026-09-07T04:03:02.203275+00:00
412000000,ZHEDONGYU03399,fishing,,412,China,中國,20,critical,7,2.4,,0,eac-c2c;faster;taiwan-matsu-no-4;taiwan-penghu-kinmen-matsu-no-2-tpkm2;taiwan-penghu-kinmen-matsu-no-3-tpkm3;taiwan-strait-express-1-tse-1;trans-pacific-express-tpe-cable-system,0.0,0,0,漳州東山 Dongshan,2026-09-06T04:04:01.481536+00:00,,,29.7,,22.373093,119.039973,eez,2026-09-07T10:32:14.025579+00:00
412359140,YANG HAI 668,cargo,,412,China,中國,20,critical,7,1.3,,0,taiwan-matsu-no-4;taiwan-penghu-kinmen-matsu-no-3-tpkm3,0.0,0,0,,,,,519.6,未觀測到靠港,26.223302,120.098677,eez,2026-09-07T00:30:10.743445+00:00
412442988,MINLIANYU60966,fishing,,412,China,中國,20,critical,7,7.5,3.3,0,taiwan-matsu-no-4;taiwan-penghu-kinmen-matsu-no-2-tpkm2;taiwan-penghu-kinmen-matsu-no-3-tpkm3;taiwan-strait-express-1-tse-1,0.0,0,0,,,,,385.6,未觀測到靠港,26.04939,120.87645,eez,2026-09-07T10:32:14.025579+00:00
412703860,HUA XIN 858,cargo,,412,China,中國,20,critical,7,0.7,,0,taiwan-penghu-kinmen-matsu-no-2-tpkm2;taiwan-penghu-kinmen-matsu-no-3-tpkm3;taiwan-strait-express-1-tse-1,0.0,0,0,閩江口錨地 Minjiangkou,2026-09-05T03:57:25.117144+00:00,廈門 Xiamen,2026-09-06T09:32:13.465682+00:00,19.7,,24.442278,118.041413,eez,2026-09-07T10:32:14.025579+00:00
413527370,XIN PENG HAI,cargo,,413,China,中國,20,critical,7,17.3,0.4,0,taiwan-penghu-kinmen-matsu-no-2-tpkm2;taiwan-penghu-kinmen-matsu-no-3-tpkm3;taiwan-strait-express-1-tse-1,0.0,0,0,,,,,220.6,未觀測到靠港,27.597233,121.071467,eez,2026-09-01T18:03:58.033746+00:00
477271500,DONG FANG FUZHOU,cargo,,477,Hong Kong,香港,20,critical,7,0,,0,taiwan-penghu-kinmen-matsu-no-2-tpkm2;taiwan-penghu-kinmen-matsu-no-3-tpkm3,0.0,0,0,廈門 Xiamen,2026-09-06T22:39:12.217794+00:00,,,10.0,,24.294902,120.230228,internal_waters,2026-09-07T10:32:14.025579+00:00
667001430,DIANA,tanker,,667,Sierra Leone,獅子山,20,critical,7,2.7,,0,taiwan-penghu-kinmen-matsu-no-2-tpkm2,12.8,1,0,,,,,621.6,未觀測到靠港,22.736558,120.151605,internal_waters,2026-09-07T10:32:14.025579+00:00
353568000,CHUANG YI,tanker,,353,Panama,巴拿馬,19,critical,7,5.1,2.6,0,taiwan-penghu-kinmen-matsu-no-2-tpkm2;taiwan-penghu-kinmen-matsu-no-3-tpkm3,25.9,0,0,,,,,621.6,未觀測到靠港,22.701935,120.16241,internal_waters,2026-09-07T10:32:14.025579+00:00
412441477,DMINLIANYUAA60781,fishing,,412,China,中國,19,critical,7,6.4,2.1,0,taiwan-matsu-no-4;taiwan-penghu-kinmen-matsu-no-2-tpkm2;taiwan-penghu-kinmen-matsu-no-3-tpkm3;taiwan-strait-express-1-tse-1,0.0,0,0,,,,,535.1,未觀測到靠港,26.049115,120.610852,eez,2026-09-07T10:32:14.025579+00:00
412441873,MINGLIANYU65392,fishing,,412,China,中國,19,critical,7,6.7,3.8,0,taiwan-matsu-no-4;taiwan-penghu-kinmen-matsu-no-3-tpkm3;taiwan-strait-express-1-tse-1,0.0,0,0,,,,,379.1,未觀測到靠港,25.86466,120.25812,eez,2026-09-07T04:03:02.203275+00:00
412473350,HUI JIN QIAO 11,cargo,,412,China,中國,19,critical,7,0,,0,apcn-2;southeast-asia-japan-cable-sjc;taiwan-penghu-kinmen-matsu-no-2-tpkm2;taiwan-penghu-kinmen-matsu-no-3-tpkm3;taiwan-strait-express-1-tse-1,0.0,0,0,閩江口錨地 Minjiangkou,2026-09-01T01:31:13.238497+00:00,,,149.9,,23.7271,117.705707,eez,2026-09-07T10:32:14.025579+00:00
413206690,HAIXIAFANGZHOU,cargo,,413,China,中國,19,critical,7,0,,0,taiwan-penghu-kinmen-matsu-no-2-tpkm2;taiwan-penghu-kinmen-matsu-no-3-tpkm3,0.0,0,0,廈門 Xiamen,2026-09-03T21:31:20.880272+00:00,廈門 Xiamen,2026-09-06T20:57:13.599682+00:00,62.7,,24.423495,118.0544,eez,2026-09-07T10:32:14.025579+00:00
413209460,XIMAJIANGHAI1HAO,cargo,,413,China,中國,19,critical,7,0,,0,taiwan-strait-express-1-tse-1,0.0,0,0,福清灣/海壇 Fuqing,2026-09-02T04:48:40.622480+00:00,,,47.9,,27.010825,120.349918,eez,2026-09-04T13:01:24.739239+00:00
413239110,HONGYUANCHANGSHENG,cargo,,413,China,中國,19,critical,7,15.5,0.4,0,taiwan-penghu-kinmen-matsu-no-2-tpkm2;taiwan-penghu-kinmen-matsu-no-3-tpkm3;taiwan-strait-express-1-tse-1,0.0,0,0,福州馬尾 Fuzhou-Mawei,2026-09-06T00:23:27.934172+00:00,,,30.5,,26.202995,119.834435,eez,2026-09-07T10:32:14.025579+00:00
413266620,XINGFA628,cargo,,413,China,中國,19,critical,7,0,,0,taiwan-penghu-kinmen-matsu-no-2-tpkm2,0.0,0,0,汕頭港外 Shantou-appr,2026-09-03T15:37:40.614154+00:00,,,61.4,,24.338957,118.267267,eez,2026-09-07T10:32:14.025579+00:00
413366110,XIN HUA 628,cargo,,413,China,中國,19,critical,7,0,,0,taiwan-penghu-kinmen-matsu-no-2-tpkm2,0.0,0,0,廈門 Xiamen,2026-08-29T06:41:21.616626+00:00,汕頭港外 Shantou-appr,2026-08-30T12:03:28.899785+00:00,8.2,,23.226355,116.776973,eez,2026-09-07T10:32:14.025579+00:00
413405390,ZHONG HAI YOU 698,tanker,,413,China,中國,19,critical,7,8.8,0.8,0,taiwan-penghu-kinmen-matsu-no-2-tpkm2;taiwan-penghu-kinmen-matsu-no-3-tpkm3;taiwan-strait-express-1-tse-1,5.1,0,0,閩江口錨地 Minjiangkou,2026-08-24T07:34:00.582328+00:00,,,280.8,,26.136178,119.807533,eez,2026-09-06T04:04:01.481536+00:00
413597850,SHENG HANG HUA 18,tanker,,413,China,中國,19,critical,7,0,,0,apcn-2;taiwan-penghu-kinmen-matsu-no-2-tpkm2;taiwan-penghu-kinmen-matsu-no-3-tpkm3,0.0,0,0,湄洲灣泉港 Meizhouwan,2026-09-03T03:58:51.917263+00:00,,,10.8,,23.420963,117.185947,eez,2026-09-03T15:37:40.614154+00:00
413816049,WANHUAIYUANGYOU998,cargo,,413,China,中國,19,critical,7,7.9,0.2,0,taiwan-penghu-kinmen-matsu-no-3-tpkm3,0.0,0,0,,,,,318.6,未觀測到靠港,26.211227,119.810415,eez,2026-08-30T14:06:31.206236+00:00
457900638,SHENGJIA,cargo,,457,Mongolia,蒙古,19,critical,7,0,,0,taiwan-penghu-kinmen-matsu-no-3-tpkm3,17.1,1,0,,,,,616.7,未觀測到靠港,22.718257,120.170963,internal_waters,2026-09-07T10:32:14.025579+00:00
538011302,MMSI-538011302,cargo,,538,Marshall Is,馬紹爾群島,19,critical,7,5.8,0.8,0,apcn-2;asia-pacific-gateway-apg;flag-north-asia-loopreach-north-asia-loop;taiwan-penghu-kinmen-matsu-no-2-tpkm2;taiwan-penghu-kinmen-matsu-no-3-tpkm3,8.6,0,0,,,,,246.0,未觀測到靠港,20.626378,121.178868,eez,2026-08-31T18:36:53.316921+00:00
667001488,GRAND FUTURE,tanker,,667,Sierra Leone,獅子山,19,critical,7,0,,0,taiwan-penghu-kinmen-matsu-no-2-tpkm2,14.6,1,0,台中港 Taichung,2026-08-12T23:31:05.672455+00:00,,,608.1,,24.253663,120.462053,internal_waters,2026-09-07T10:32:14.025579+00:00
273124720,SFEN,tanker,,273,Russia,俄羅斯,18,critical,7,0,,0,asia-united-gateway-east-aug-east,4.4,1,1,,,,,173.6,未觀測到靠港,24.039713,118.648985,eez,2026-09-07T10:32:14.025579+00:00
312672000,SUMMER BAY,cargo,,312,Belize,貝里斯,18,critical,7,0,,0,,20.2,1,0,,,,,621.6,未觀測到靠港,22.697633,120.169873,internal_waters,2026-09-07T10:32:14.025579+00:00
352005538,NERIDA,cargo,,352,Panama,巴拿馬,18,critical,7,32.9,1.2,0,apcn-2;eac-c2c;faster;southeast-asia-japan-cable-2-sjc2;taiwan-penghu-kinmen-matsu-no-2-tpkm2;taiwan-penghu-kinmen-matsu-no-3-tpkm3,0.0,0,0,,,,,543.7,未觀測到靠港,24.340628,119.788742,contiguous_zone,2026-09-05T00:28:43.331771+00:00
412066758,66758,unknown,,412,China,中國,18,critical,1,2.6,,0,taiwan-penghu-kinmen-matsu-no-2-tpkm2;taiwan-penghu-kinmen-matsu-no-3-tpkm3,0.0,0,0,,,,,357.1,未觀測到靠港,24.13953,118.66474,eez,2026-09-07T10:32:14.025579+00:00
412441433,MINLIANYU62666,fishing,,412,China,中國,18,critical,7,2.4,,0,taiwan-penghu-kinmen-matsu-no-3-tpkm3,0.0,0,0,,,,,371.3,未觀測到靠港,26.31758,119.88221,eez,2026-09-07T10:32:14.025579+00:00
412442001,MINLIANYUYUN60403,fishing,,412,China,中國,18,critical,1,5.7,3.3,0,taiwan-matsu-no-4;taiwan-penghu-kinmen-matsu-no-2-tpkm2;taiwan-strait-express-1-tse-1,0.0,0,0,,,,,380.9,未觀測到靠港,26.15532,120.97203,eez,2026-09-07T04:03:02.203275+00:00
412444989,MINLIANYUYUN60066,fishing,,412,China,中國,18,critical,7,4.9,3.5,0,taiwan-matsu-no-4;taiwan-penghu-kinmen-matsu-no-3-tpkm3;taiwan-strait-express-1-tse-1,0.0,0,0,,,,,385.6,未觀測到靠港,26.36214,120.00094,eez,2026-09-07T10:32:14.025579+00:00
412704020,HAI GONG 166,tanker,,412,China,中國,18,critical,7,0,,0,cross-straits-cable-network;taiwan-penghu-kinmen-matsu-no-3-tpkm3,8.0,0,0,湄洲灣泉港 Meizhouwan,2026-09-05T18:40:14.211911+00:00,,,3.6,,25.227035,119.408227,eez,2026-09-06T00:23:27.934172+00:00
412888888,00088,fishing,,412,China,中國,18,critical,7,0,,0,taiwan-penghu-kinmen-matsu-no-3-tpkm3,0.0,0,0,,,,,598.8,未觀測到靠港,26.293995,120.153,eez,2026-09-07T04:03:02.203275+00:00
413356020,HAIPENG0088,cargo,,413,China,中國,18,critical,7,0,,0,taiwan-penghu-kinmen-matsu-no-2-tpkm2,13.4,0,0,深滬灣/圍頭東 Shenhu,2026-08-28T11:34:06.990542+00:00,,,18.4,,24.883768,119.076118,eez,2026-09-06T18:44:37.513907+00:00
413692490,HUA HANG 3,cargo,,413,China,中國,18,critical,7,3.9,0.4,0,apcn-2;eac-c2c;taiwan-matsu-no-4;taiwan-penghu-kinmen-matsu-no-2-tpkm2;taiwan-penghu-kinmen-matsu-no-3-tpkm3;taiwan-strait-express-1-tse-1,0.0,0,0,廈門 Xiamen,2026-09-05T04:42:29.611877+00:00,,,49.4,,24.315617,118.223877,eez,2026-09-07T10:32:14.025579+00:00
413693120,SHENGDA6,cargo,,413,China,中國,18,critical,7,12.0,0.7,0,taiwan-penghu-kinmen-matsu-no-3-tpkm3;taiwan-strait-express-1-tse-1,0.0,0,0,福州馬尾 Fuzhou-Mawei,2026-08-30T04:54:33.141207+00:00,福州馬尾 Fuzhou-Mawei,2026-09-07T00:30:10.743445+00:00,178.6,,25.989608,119.476043,eez,2026-09-07T10:32:14.025579+00:00
416001077,MAN TSAI SHIVH,fishing,,416,Taiwan,台灣,18,critical,7,95.2,2.7,0,apcn-2;eac-c2c;faster,0.0,0,0,八斗子漁港 Badouzi,2026-09-06T22:39:12.217794+00:00,,,10.0,,25.82689,122.05291,territorial_sea,2026-09-07T10:32:14.025579+00:00
416005023,CHAU-HSNO.22,special,,416,Taiwan,台灣,18,critical,7,7.9,2.9,0,apcn-2;eac-c2c,0.0,0,0,台北港 Taipei,2026-09-05T00:28:43.331771+00:00,台北港 Taipei,2026-09-07T04:03:02.203275+00:00,0.8,,25.143597,121.376082,internal_waters,2026-09-07T04:57:56.102287+00:00
416168900,HAI YANG NO 8,special,,416,Taiwan,台灣,18,critical,1,61.3,0.4,0,taiwan-penghu-kinmen-matsu-no-2-tpkm2;taiwan-penghu-kinmen-matsu-no-3-tpkm3;taiwan-strait-express-1-tse-1,0.0,0,0,上竹里漁港 Shangzhuli,2026-09-05T04:42:29.611877+00:00,,,37.5,,24.436487,120.21696,territorial_sea,2026-09-06T22:39:12.217794+00:00
477407600,FENG ZE YUAN,cargo,,477,Hong Kong,香港,18,critical,7,5.5,0.0,0,eac-c2c;taiwan-penghu-kinmen-matsu-no-2-tpkm2;taiwan-penghu-kinmen-matsu-no-3-tpkm3,0.0,0,0,廈門 Xiamen,2026-09-07T00:30:10.743445+00:00,,,6.5,,24.45431,117.972773,eez,2026-09-07T10:32:14.025579+00:00
477769400,M/V YUSHEN,cargo,,477,Hong Kong,香港,18,critical,7,0,,0,apcn-2;eac-c2c;taiwan-matsu-no-4;taiwan-penghu-kinmen-matsu-no-3-tpkm3,0.0,0,0,台北港 Taipei,2026-09-05T09:11:06.137565+00:00,,,46.3,,26.046938,120.758,eez,2026-09-07T10:32:14.025579+00:00
511456000,BROADVIEW,tanker,,511,Palau,帛琉,18,critical,1,0,,0,taiwan-penghu-kinmen-matsu-no-3-tpkm3,21.0,1,0,,,,,618.1,未觀測到靠港,22.727135,120.172653,internal_waters,2026-09-07T04:03:02.203275+00:00
620800182,GEMS,cargo,,620,Comoros,葛摩,18,critical,7,0,,0,taiwan-penghu-kinmen-matsu-no-2-tpkm2,25.9,1,0,,,,,621.6,未觀測到靠港,22.685217,120.195117,internal_waters,2026-09-07T10:32:14.025579+00:00
636021200,EVER COMMAND,cargo,,636,Liberia,賴比瑞亞,18,critical,7,0,,0,eac-c2c;taiwan-penghu-kinmen-matsu-no-2-tpkm2;taiwan-penghu-kinmen-matsu-no-3-tpkm3;taiwan-strait-express-1-tse-1;trans-pacific-express-tpe-cable-system,0.0,0,0,小港臨海新村漁港 Xiaogang,2026-08-24T09:36:53.209692+00:00,,,111.6,,26.458427,119.915905,eez,2026-08-29T02:56:44.800599+00:00
667001354,XIANG FA,cargo,,667,Sierra Leone,獅子山,18,critical,7,0,,0,taiwan-penghu-kinmen-matsu-no-2-tpkm2,11.6,1,0,,,,,385.6,未觀測到靠港,22.69698,120.17735,internal_waters,2026-09-07T10:32:14.025579+00:00
352003481,COUNTESS 9,tanker,,352,Panama,巴拿馬,17,critical,7,0,,0,apcn-2;eac-c2c;flag-europe-asia-fea;flag-north-asia-loopreach-north-asia-loop;seamewe-3;southeast-asia-japan-cable-2-sjc2;taiwan-penghu-kinmen-matsu-no-2-tpkm2;taiwan-penghu-kinmen-matsu-no-3-tpkm3,0.0,0,0,麗水漁港 Lishui,2026-08-27T21:40:15.702771+00:00,,,245.5,,24.258578,120.471347,internal_waters,2026-09-07T10:32:14.025579+00:00
354118000,LOS ANDES BRIDGE,cargo,,354,Panama,巴拿馬,17,critical,7,0.8,,0,h2-cable;taiwan-penghu-kinmen-matsu-no-2-tpkm2;taiwan-penghu-kinmen-matsu-no-3-tpkm3;taiwan-strait-express-1-tse-1;trans-pacific-express-tpe-cable-system,0.0,0,0,廈門 Xiamen,2026-08-23T09:18:24.059147+00:00,廈門 Xiamen,2026-09-06T12:28:17.682022+00:00,334.3,,24.393028,118.111032,eez,2026-09-07T10:32:14.025579+00:00
412060779,MINLONGYU60779,fishing,,412,China,中國,17,critical,7,3.8,2.3,0,taiwan-penghu-kinmen-matsu-no-2-tpkm2;taiwan-penghu-kinmen-matsu-no-3-tpkm3,0.0,0,0,,,,,365.8,未觀測到靠港,23.94218,118.49575,eez,2026-09-07T04:57:56.102287+00:00
412357090,XIN HONG 998,cargo,,412,China,中國,17,critical,7,0,,0,taiwan-strait-express-1-tse-1,3.1,0,0,閩江口錨地 Minjiangkou,2026-08-20T05:00:09.722056+00:00,,,385.9,,27.745445,121.001488,eez,2026-09-05T09:11:06.137565+00:00
412441066,MINLIANYU65391,fishing,,412,China,中國,17,critical,7,6.7,3.5,0,taiwan-matsu-no-4;taiwan-penghu-kinmen-matsu-no-3-tpkm3;taiwan-strait-express-1-tse-1,0.0,0,0,,,,,379.1,未觀測到靠港,25.87034,120.25431,eez,2026-09-07T04:03:02.203275+00:00
412441139,MINLIANYU,fishing,,412,China,中國,17,critical,7,17.8,1.4,0,taiwan-matsu-no-4;taiwan-penghu-kinmen-matsu-no-3-tpkm3,0.0,0,0,,,,,385.6,未觀測到靠港,26.29952,120.35975,eez,2026-09-07T10:32:14.025579+00:00
412441932,MINLIANYUYUN62031,fishing,,412,China,中國,17,critical,7,6.3,1.4,0,taiwan-matsu-no-4;taiwan-penghu-kinmen-matsu-no-2-tpkm2;taiwan-penghu-kinmen-matsu-no-3-tpkm3;taiwan-strait-express-1-tse-1,0.0,0,0,,,,,533.6,未觀測到靠港,26.212133,120.15905,eez,2026-09-07T04:57:56.102287+00:00
412442272,MINLIANYU61736,fishing,,412,China,中國,17,critical,7,4.3,2.3,0,taiwan-matsu-no-4;taiwan-penghu-kinmen-matsu-no-2-tpkm2;taiwan-penghu-kinmen-matsu-no-3-tpkm3;taiwan-strait-express-1-tse-1,0.0,0,0,,,,,385.6,未觀測到靠港,26.31818,119.88228,eez,2026-09-07T10:32:14.025579+00:00
412444172,MIN LONG YU 60229,fishing,,412,China,中國,17,critical,7,11.9,3.6,0,taiwan-penghu-kinmen-matsu-no-3-tpkm3,0.0,0,0,,,,,337.5,未觀測到靠港,24.28924,118.6538,eez,2026-09-07T04:57:56.102287+00:00
412444205,MIN LONG YU 66758,fishing,,412,China,中國,17,critical,7,3.5,3.1,0,taiwan-penghu-kinmen-matsu-no-2-tpkm2;taiwan-penghu-kinmen-matsu-no-3-tpkm3,0.0,0,0,,,,,371.3,未觀測到靠港,24.14578,118.6694,eez,2026-09-07T10:32:14.025579+00:00
412444368,63829,fishing,,412,China,中國,17,critical,7,0,,0,taiwan-penghu-kinmen-matsu-no-3-tpkm3,0.0,0,0,廈門 Xiamen,2026-08-24T02:03:27.398663+00:00,,,300.2,,24.27876,118.23567,eez,2026-09-05T15:42:59.107474+00:00
412444548,963639,fishing,,412,China,中國,17,critical,7,0,,0,taiwan-penghu-kinmen-matsu-no-3-tpkm3,0.0,0,0,廈門 Xiamen,2026-08-21T07:14:54.129608+00:00,,,367.7,,24.224023,118.339505,eez,2026-09-05T15:42:59.107474+00:00
412444568,09828,fishing,,412,China,中國,17,critical,7,0,,0,taiwan-penghu-kinmen-matsu-no-3-tpkm3,0.0,0,0,廈門 Xiamen,2026-08-24T09:36:53.209692+00:00,,,210.0,,24.30396,118.12637,eez,2026-09-06T04:52:03.960094+00:00
412444997,MINLIANYU60036,fishing,,412,China,中國,17,critical,7,14.0,3.0,0,taiwan-matsu-no-4;taiwan-penghu-kinmen-matsu-no-2-tpkm2;taiwan-penghu-kinmen-matsu-no-3-tpkm3;taiwan-strait-express-1-tse-1,0.0,0,0,,,,,379.1,未觀測到靠港,26.00702,120.97262,eez,2026-09-07T04:03:02.203275+00:00
412445637,MINLIANYU60011,fishing,,412,China,中國,17,critical,7,8.5,3.1,0,taiwan-matsu-no-4;taiwan-penghu-kinmen-matsu-no-2-tpkm2;taiwan-penghu-kinmen-matsu-no-3-tpkm3;taiwan-strait-express-1-tse-1,0.0,0,0,,,,,385.6,未觀測到靠港,26.1029,120.9444,eez,2026-09-07T10:32:14.025579+00:00
412447545,MINLIANYU60997,fishing,,412,China,中國,17,critical,7,9.4,3.1,1,taiwan-matsu-no-4;taiwan-penghu-kinmen-matsu-no-2-tpkm2;taiwan-penghu-kinmen-matsu-no-3-tpkm3;taiwan-strait-express-1-tse-1,0.0,0,0,,,,,385.6,未觀測到靠港,25.98857,120.75719,eez,2026-09-07T10:32:14.025579+00:00
412447638,MINLIANYU60999,fishing,,412,China,中國,17,critical,7,15.7,3.4,0,taiwan-matsu-no-4;taiwan-penghu-kinmen-matsu-no-3-tpkm3;taiwan-strait-express-1-tse-1,0.0,0,0,,,,,380.1,未觀測到靠港,25.81164,120.75168,eez,2026-09-07T04:57:56.102287+00:00
412447746,MINLIANYU60408,fishing,,412,China,中國,17,critical,7,6.3,3.1,0,taiwan-matsu-no-4;taiwan-penghu-kinmen-matsu-no-2-tpkm2;taiwan-penghu-kinmen-matsu-no-3-tpkm3;taiwan-strait-express-1-tse-1,0.0,0,0,,,,,373.8,未觀測到靠港,25.72296,120.46945,eez,2026-09-06T22:39:12.217794+00:00
412481492,MINLIANYU60888,fishing,,412,China,中國,17,critical,7,15.1,3.1,0,taiwan-matsu-no-4;taiwan-penghu-kinmen-matsu-no-2-tpkm2;taiwan-penghu-kinmen-matsu-no-3-tpkm3;taiwan-strait-express-1-tse-1,0.0,0,0,,,,,385.6,未觀測到靠港,25.76778,120.66574,eez,2026-09-07T10:32:14.025579+00:00
412510058,MINLONGWENYU65186,fishing,,412,China,中國,17,critical,7,3.4,0.1,0,cross-straits-cable-network,0.0,0,0,廈門 Xiamen,2026-08-24T09:10:07.742639+00:00,,,186.7,,24.45769,118.18976,eez,2026-09-07T10:32:14.025579+00:00
412570730,HAI YING 16,cargo,,412,China,中國,17,critical,7,0,,0,taiwan-strait-express-1-tse-1,0.0,0,0,福清灣/海壇 Fuqing,2026-08-28T11:34:06.990542+00:00,福清灣/海壇 Fuqing,2026-09-06T04:52:03.960094+00:00,199.6,,25.940783,119.3841,eez,2026-09-07T10:32:14.025579+00:00
413221780,HUA XIN CHANG HE,cargo,,413,China,中國,17,critical,7,0,,0,taiwan-penghu-kinmen-matsu-no-2-tpkm2;taiwan-penghu-kinmen-matsu-no-3-tpkm3;taiwan-strait-express-1-tse-1,0.0,0,0,廈門 Xiamen,2026-09-05T15:42:59.107474+00:00,,,39.9,,24.367217,118.440547,eez,2026-09-07T10:32:14.025579+00:00
413223720,HENG FENG YOU 15,tanker,,413,China,中國,17,critical,7,0,,0,taiwan-penghu-kinmen-matsu-no-3-tpkm3;taiwan-strait-express-1-tse-1,5.6,0,0,福清灣/海壇 Fuqing,2026-08-28T05:01:48.482487+00:00,,,239.6,,26.18604,119.819693,eez,2026-09-07T10:32:14.025579+00:00
413231260,HAI XIANG 558,cargo,,413,China,中國,17,critical,7,0,,0,taiwan-strait-express-1-tse-1,3.3,0,0,,,,,357.9,未觀測到靠港,26.302772,119.93556,eez,2026-09-05T09:11:06.137565+00:00
413240370,HUIYING169,cargo,,413,China,中國,17,critical,7,6.1,1.1,0,southeast-asia-japan-cable-sjc;taiwan-penghu-kinmen-matsu-no-2-tpkm2;taiwan-penghu-kinmen-matsu-no-3-tpkm3;taiwan-strait-express-1-tse-1,0.0,0,0,汕頭 Shantou,2026-09-04T09:46:09.453323+00:00,,,59.5,,26.479342,119.87184,eez,2026-09-07T00:30:10.743445+00:00
413242210,SHUN AN 668,cargo,,413,China,中國,17,critical,7,0,,0,taiwan-strait-express-1-tse-1,14.5,0,0,,,,,621.6,未觀測到靠港,26.142408,119.730733,eez,2026-09-07T10:32:14.025579+00:00
413277380,HEHUI,cargo,,413,China,中國,17,critical,7,0,,0,eac-c2c;taiwan-penghu-kinmen-matsu-no-2-tpkm2;taiwan-penghu-kinmen-matsu-no-3-tpkm3;taiwan-strait-express-1-tse-1,6.4,0,0,台北港 Taipei,2026-08-16T07:06:24.471320+00:00,,,530.7,,25.278382,121.687142,internal_waters,2026-09-07T10:32:14.025579+00:00
413285560,LIAN HE 65,cargo,,413,China,中國,17,critical,1,0,,0,taiwan-penghu-kinmen-matsu-no-2-tpkm2;taiwan-penghu-kinmen-matsu-no-3-tpkm3;taiwan-strait-express-1-tse-1,0.0,0,0,深滬灣/圍頭東 Shenhu,2026-09-05T18:40:14.211911+00:00,,,31.2,,27.523458,120.809787,eez,2026-09-07T04:03:02.203275+00:00
413315130,LONG MEN ZHI XING,cargo,,413,China,中國,17,critical,1,0,,0,cross-straits-cable-network;taiwan-penghu-kinmen-matsu-no-2-tpkm2;taiwan-penghu-kinmen-matsu-no-3-tpkm3,0.0,0,0,廈門 Xiamen,2026-09-06T12:28:17.682022+00:00,深滬灣/圍頭東 Shenhu,2026-09-06T15:54:14.180092+00:00,0.0,,24.539445,118.37848,eez,2026-09-07T04:03:02.203275+00:00
413371410,BAO XIN HAI,cargo,,413,China,中國,17,critical,7,15.5,0.2,0,taiwan-penghu-kinmen-matsu-no-2-tpkm2;taiwan-penghu-kinmen-matsu-no-3-tpkm3,0.0,0,0,深滬灣/圍頭東 Shenhu,2026-08-29T13:14:06.253758+00:00,,,193.8,,27.01433,120.553558,eez,2026-09-06T15:54:14.180092+00:00
413451656,MMSI-413451656,cargo,,413,China,中國,17,critical,7,5.7,3.0,0,taiwan-penghu-kinmen-matsu-no-2-tpkm2;taiwan-penghu-kinmen-matsu-no-3-tpkm3,0.0,0,0,,,,,496.5,未觀測到靠港,24.118898,118.487345,eez,2026-09-06T00:23:27.934172+00:00
413500220,YUANSHUNDA8,cargo,,413,China,中國,17,critical,7,2.3,,0,taiwan-penghu-kinmen-matsu-no-2-tpkm2;taiwan-penghu-kinmen-matsu-no-3-tpkm3;taiwan-strait-express-1-tse-1,0.0,0,0,廈門 Xiamen,2026-08-31T16:32:04.528899+00:00,,,154.4,,26.442355,119.86036,eez,2026-09-07T04:57:56.102287+00:00
413529220,HE HAI DING BANG,cargo,,413,China,中國,17,critical,7,2.5,,0,asia-direct-cable-adc;seamewe-3;southeast-asia-japan-cable-sjc;taiwan-penghu-kinmen-matsu-no-2-tpkm2;taiwan-penghu-kinmen-matsu-no-3-tpkm3,0.0,0,0,汕頭港外 Shantou-appr,2026-09-06T00:23:27.934172+00:00,,,30.5,,24.755128,118.804267,eez,2026-09-07T10:32:14.025579+00:00
413620090,HUISHI6,cargo,,413,China,中國,17,critical,7,0,,0,taiwan-strait-express-1-tse-1,0.0,0,0,福州馬尾 Fuzhou-Mawei,2026-08-29T07:12:39.299265+00:00,,,128.3,,27.694103,120.697387,eez,2026-09-03T21:31:20.880272+00:00
413703240,RONGHAI99,cargo,,413,China,中國,17,critical,7,0,,0,taiwan-penghu-kinmen-matsu-no-2-tpkm2;taiwan-penghu-kinmen-matsu-no-3-tpkm3,0.0,0,0,廈門 Xiamen,2026-08-29T07:12:39.299265+00:00,,,5.3,,23.284758,116.96044,eez,2026-08-29T21:24:09.012880+00:00
416006752,TA YU,cargo,,416,Taiwan,台灣,17,critical,1,2.6,,0,taiwan-penghu-kinmen-matsu-no-2-tpkm2;taiwan-penghu-kinmen-matsu-no-3-tpkm3,0.0,0,0,前鎮漁港 Qianzhen,2026-09-06T04:04:01.481536+00:00,,,23.2,,22.599867,120.28815,internal_waters,2026-09-07T04:03:02.203275+00:00
440187000,JN IRIS,tanker,,440,Korea,韓國,17,critical,7,12.6,0.0,0,eac-c2c;taiwan-strait-express-1-tse-1;trans-pacific-express-tpe-cable-system,0.0,1,0,台中港 Taichung,2026-08-21T05:00:30.100916+00:00,,,30.5,,26.362333,122.208433,eez,2026-08-22T12:26:21.545854+00:00
477524300,MILD TUNE,cargo,,477,Hong Kong,香港,17,critical,7,6.6,1.2,0,taiwan-matsu-no-4;taiwan-penghu-kinmen-matsu-no-2-tpkm2;taiwan-penghu-kinmen-matsu-no-3-tpkm3,0.0,0,0,廈門 Xiamen,2026-08-25T09:25:20.380906+00:00,,,178.2,,27.542587,121.334895,eez,2026-09-01T21:30:26.489832+00:00
563312900,EVER WORLD,cargo,,563,Singapore,新加坡,17,critical,7,0,,0,eac-c2c;faster;taiwan-matsu-no-4;taiwan-penghu-kinmen-matsu-no-2-tpkm2;taiwan-penghu-kinmen-matsu-no-3-tpkm3;trans-pacific-express-tpe-cable-system,0.0,0,0,鳳鼻頭漁港 Fengbitou,2026-08-26T05:56:16.418704+00:00,,,271.5,,26.303632,122.88949,eez,2026-09-06T14:46:16.922285+00:00
620800141,SHUN FONG,cargo,,620,Comoros,葛摩,17,critical,7,0,,0,taiwan-penghu-kinmen-matsu-no-2-tpkm2;taiwan-penghu-kinmen-matsu-no-3-tpkm3,6.7,1,0,,,,,572.3,未觀測到靠港,22.681672,120.178898,internal_waters,2026-09-05T09:11:06.137565+00:00
620999903,MAGICIAN 66,cargo,,620,Comoros,葛摩,17,critical,7,36.0,0.4,0,eac-c2c;taiwan-penghu-kinmen-matsu-no-3-tpkm3;taiwan-strait-express-1-tse-1;trans-pacific-express-tpe-cable-system,0.0,1,0,,,,,428.8,未觀測到靠港,22.859485,119.47992,territorial_sea,2026-09-05T03:57:25.117144+00:00
631010157,HUIZHOU,tanker,,631,Equ. Guinea,赤道幾內亞,17,critical,7,22.1,1.3,0,eac-c2c;taiwan-penghu-kinmen-matsu-no-2-tpkm2;taiwan-penghu-kinmen-matsu-no-3-tpkm3;taiwan-strait-express-1-tse-1;trans-pacific-express-tpe-cable-system,0.0,1,0,,,,,392.7,未觀測到靠港,25.478192,120.633558,eez,2026-09-05T03:57:25.117144+00:00
667002605,MMSI-667002605,tanker,,667,Sierra Leone,獅子山,17,critical,7,61.3,0.6,0,eac-c2c;taiwan-penghu-kinmen-matsu-no-3-tpkm3;taiwan-strait-express-1-tse-1;trans-pacific-express-tpe-cable-system,0.0,1,0,,,,,560.2,未觀測到靠港,24.805655,120.169973,contiguous_zone,2026-09-04T21:09:37.313817+00:00
668116281,DING FONT,tanker,,668,Sao Tome Principe,聖多美,17,critical,7,0,,0,,9.6,1,0,,,,,621.6,未觀測到靠港,22.73632,120.172742,internal_waters,2026-09-07T10:32:14.025579+00:00
205433000,MMSI-205433000,cargo,,205,Belgium,比利時,16,critical,7,17.4,1.1,0,eac-c2c;taiwan-penghu-kinmen-matsu-no-2-tpkm2;taiwan-penghu-kinmen-matsu-no-3-tpkm3;taiwan-strait-express-1-tse-1;trans-pacific-express-tpe-cable-system,0.0,1,0,麗水漁港 Lishui,2026-08-16T15:12:17.466969+00:00,,,176.9,,27.034815,121.981958,eez,2026-08-24T02:03:27.398663+00:00
352005250,EARTH TWIN,cargo,,352,Panama,巴拿馬,16,critical,5,0,,0,apcn-2;asia-united-gateway-east-aug-east;eac-c2c;faster;taiwan-penghu-kinmen-matsu-no-3-tpkm3;taiwan-strait-express-1-tse-1,0.0,0,0,前鎮漁港 Qianzhen,2026-08-27T04:09:01.110749+00:00,,,46.5,,23.236757,122.737195,eez,2026-08-29T07:12:39.299265+00:00
370359000,C.S EXPLORATION,cargo,,370,Panama,巴拿馬,16,critical,7,3.8,1.4,0,taiwan-penghu-kinmen-matsu-no-2-tpkm2;taiwan-penghu-kinmen-matsu-no-3-tpkm3,0.0,1,0,,,,,190.5,未觀測到靠港,22.52485,120.252627,internal_waters,2026-09-07T10:32:14.025579+00:00
412061157,61157,unknown,,412,China,中國,16,critical,7,5.7,3.9,0,taiwan-penghu-kinmen-matsu-no-2-tpkm2;taiwan-penghu-kinmen-matsu-no-3-tpkm3,0.0,0,0,,,,,361.6,未觀測到靠港,24.00007,118.64202,eez,2026-09-07T10:32:14.025579+00:00
412063180,MIN DONG YU 63180,fishing,,412,China,中國,16,critical,1,0,,0,,0.0,0,0,漳州東山 Dongshan,2026-09-06T12:28:17.682022+00:00,,,13.3,,23.5461,117.51102,eez,2026-09-07T04:03:02.203275+00:00
412204970,DONG SHAN 29,cargo,,412,China,中國,16,critical,7,37.6,0.4,0,taiwan-penghu-kinmen-matsu-no-2-tpkm2;taiwan-penghu-kinmen-matsu-no-3-tpkm3,0.0,0,0,廈門 Xiamen,2026-09-04T13:01:24.739239+00:00,,,66.9,,23.558483,119.669067,internal_waters,2026-09-07T10:32:14.025579+00:00
412380660,TUAN JIE FANG ZHOU,cargo,,412,China,中國,16,critical,7,0,,0,taiwan-penghu-kinmen-matsu-no-2-tpkm2;taiwan-penghu-kinmen-matsu-no-3-tpkm3;taiwan-strait-express-1-tse-1,0.0,0,0,廈門 Xiamen,2026-09-06T12:28:17.682022+00:00,福州馬尾 Fuzhou-Mawei,2026-09-07T10:32:14.025579+00:00,14.2,,26.002533,119.477427,eez,2026-09-07T10:32:14.025579+00:00
412441236,MINLIANYU68975,fishing,,412,China,中國,16,critical,7,4.7,1.7,0,taiwan-matsu-no-4;taiwan-penghu-kinmen-matsu-no-3-tpkm3;taiwan-strait-express-1-tse-1,0.0,0,0,,,,,583.5,未觀測到靠港,23.499292,117.472762,eez,2026-09-07T04:57:56.102287+00:00
412441325,MINLIANYU60085,fishing,,412,China,中國,16,critical,7,8.1,3.5,0,taiwan-matsu-no-4;taiwan-penghu-kinmen-matsu-no-3-tpkm3;taiwan-strait-express-1-tse-1,0.0,0,0,,,,,356.0,未觀測到靠港,25.82039,120.2845,eez,2026-09-06T04:52:03.960094+00:00
412441444,MINLIANYU60066,fishing,,412,China,中國,16,critical,7,4.1,2.8,0,taiwan-matsu-no-4;taiwan-penghu-kinmen-matsu-no-3-tpkm3;taiwan-strait-express-1-tse-1,0.0,0,0,,,,,369.8,未觀測到靠港,25.85876,120.20371,eez,2026-09-06T18:44:37.513907+00:00
412441602,MINLIANYU60935,fishing,,412,China,中國,16,critical,7,10.9,2.4,0,taiwan-matsu-no-4;taiwan-penghu-kinmen-matsu-no-2-tpkm2;taiwan-penghu-kinmen-matsu-no-3-tpkm3;taiwan-strait-express-1-tse-1,0.0,0,0,,,,,385.6,未觀測到靠港,26.03115,120.9516,eez,2026-09-07T10:32:14.025579+00:00
412441631,MINLIANYU60005,fishing,,412,China,中國,16,critical,7,28.4,3.5,0,taiwan-matsu-no-4;taiwan-penghu-kinmen-matsu-no-3-tpkm3;taiwan-strait-express-1-tse-1,0.0,0,0,,,,,379.1,未觀測到靠港,25.86977,120.27644,eez,2026-09-07T04:03:02.203275+00:00
412442406,MINLIANYUYUN66156,unknown,,412,China,中國,16,critical,7,3.3,1.1,0,taiwan-matsu-no-4;taiwan-penghu-kinmen-matsu-no-2-tpkm2;taiwan-penghu-kinmen-matsu-no-3-tpkm3;taiwan-strait-express-1-tse-1,0.0,0,0,,,,,380.1,未觀測到靠港,25.87067,120.25269,eez,2026-09-07T04:57:56.102287+00:00
412442708,MINLIANYU61878,fishing,,412,China,中國,16,critical,7,9.3,3.5,0,taiwan-matsu-no-4;taiwan-penghu-kinmen-matsu-no-3-tpkm3;taiwan-strait-express-1-tse-1,0.0,0,0,,,,,385.2,未觀測到靠港,25.83957,120.24962,eez,2026-09-07T10:32:14.025579+00:00
412443024,MINCHANGYU23165,fishing,,412,China,中國,16,critical,7,3.8,1.7,0,taiwan-matsu-no-4;taiwan-penghu-kinmen-matsu-no-3-tpkm3;taiwan-strait-express-1-tse-1,0.0,0,0,閩江口錨地 Minjiangkou,2026-09-06T20:57:13.599682+00:00,,,0.0,,25.88268,119.75893,eez,2026-09-07T10:32:14.025579+00:00
412444396,MINLIANYU60269,fishing,,412,China,中國,16,critical,7,13.2,3.5,0,taiwan-matsu-no-4;taiwan-penghu-kinmen-matsu-no-2-tpkm2;taiwan-penghu-kinmen-matsu-no-3-tpkm3;taiwan-strait-express-1-tse-1,0.0,0,0,,,,,385.6,未觀測到靠港,25.89532,120.89263,eez,2026-09-07T10:32:14.025579+00:00
412444631,MINZHANGYU60619,fishing,,412,China,中國,16,critical,7,17.7,3.5,0,taiwan-penghu-kinmen-matsu-no-3-tpkm3,0.0,0,0,,,,,343.1,未觀測到靠港,24.26122,118.44432,eez,2026-09-07T10:32:14.025579+00:00
412444733,62688,fishing,,412,China,中國,16,critical,7,3.8,2.8,0,taiwan-penghu-kinmen-matsu-no-2-tpkm2;taiwan-penghu-kinmen-matsu-no-3-tpkm3,0.0,0,0,廈門 Xiamen,2026-09-02T03:59:47.596863+00:00,,,125.7,,24.38453,118.5991,eez,2026-09-07T10:32:14.025579+00:00
412444872,MINLIANYU61968,fishing,,412,China,中國,16,critical,7,4.8,0.8,0,taiwan-matsu-no-4;taiwan-penghu-kinmen-matsu-no-2-tpkm2;taiwan-penghu-kinmen-matsu-no-3-tpkm3;taiwan-strait-express-1-tse-1,0.0,0,0,,,,,385.6,未觀測到靠港,26.36313,120.65756,eez,2026-09-07T10:32:14.025579+00:00
412445167,MINLONGYUYUN60856,fishing,,412,China,中國,16,critical,1,0,,0,taiwan-penghu-kinmen-matsu-no-3-tpkm3,0.0,0,0,,,,,375.5,未觀測到靠港,24.32286,118.11409,eez,2026-09-06T22:39:12.217794+00:00
412446197,MINZHANGYU60098,fishing,,412,China,中國,16,critical,7,0,,0,apcn-2,0.0,0,0,,,,,375.6,未觀測到靠港,23.19361,117.42413,eez,2026-09-07T04:03:02.203275+00:00
412447433,MINLONGYU65786,fishing,,412,China,中國,16,critical,7,0,,0,taiwan-penghu-kinmen-matsu-no-3-tpkm3,0.0,0,0,廈門 Xiamen,2026-09-04T09:46:09.453323+00:00,,,69.5,,24.705452,119.163847,eez,2026-08-24T04:13:24.721954+00:00
412448947,MINXIAYU01106,fishing,,412,China,中國,16,critical,7,0,,0,eac-c2c,0.0,0,0,,,,,300.9,未觀測到靠港,26.7152,121.99827,eez,2026-09-05T22:29:16.547946+00:00
412450124,MIN LIAN YU YUN61478,fishing,,412,China,中國,16,critical,7,3.5,1.9,1,taiwan-matsu-no-4;taiwan-penghu-kinmen-matsu-no-2-tpkm2;taiwan-penghu-kinmen-matsu-no-3-tpkm3;taiwan-strait-express-1-tse-1,0.0,0,0,,,,,385.6,未觀測到靠港,26.32741,120.02425,eez,2026-09-07T10:32:14.025579+00:00
412451090,GOLDEN PINE,tanker,,412,China,中國,16,critical,7,0,,0,taiwan-strait-express-1-tse-1,0.0,0,0,閩江口錨地 Minjiangkou,2026-08-17T05:04:35.473703+00:00,福州馬尾 Fuzhou-Mawei,2026-08-20T05:53:01.460793+00:00,71.1,,25.996208,119.474102,eez,2026-08-20T08:02:10.021418+00:00
412509465,MINDONGYU63669,fishing,,412,China,中國,16,critical,7,0,,0,,0.0,0,0,漳州東山 Dongshan,2026-09-06T04:04:01.481536+00:00,,,9.7,,23.6124,117.52834,eez,2026-09-07T00:30:10.743445+00:00
412510051,MINLONGWENYU65078,high_speed,,412,China,中國,16,critical,7,6.7,0.5,0,cross-straits-cable-network,0.0,0,0,,,,,327.1,未觀測到靠港,24.44919,118.20359,eez,2026-09-06T22:39:12.217794+00:00
413230740,SHUNHONGHAI 818,cargo,,413,China,中國,16,critical,7,0,,0,cross-straits-cable-network;taiwan-penghu-kinmen-matsu-no-2-tpkm2,0.0,0,0,深滬灣/圍頭東 Shenhu,2026-09-07T04:57:56.102287+00:00,,,0.0,,24.477385,118.540427,eez,2026-09-07T10:32:14.025579+00:00
413235660,ZHONG HAI YOU 568,tanker,,413,China,中國,16,critical,7,26.0,0.4,0,taiwan-penghu-kinmen-matsu-no-2-tpkm2;taiwan-penghu-kinmen-matsu-no-3-tpkm3,0.0,0,0,福州馬尾 Fuzhou-Mawei,2026-09-04T09:46:09.453323+00:00,,,69.5,,26.559245,119.820978,eez,2026-09-07T10:32:14.025579+00:00
413254970,LIAN SHENG 869,cargo,,413,China,中國,16,critical,7,0,,0,taiwan-strait-express-1-tse-1,25.8,0,0,,,,,621.6,未觀測到靠港,26.2016,119.815933,eez,2026-09-07T10:32:14.025579+00:00
413333930,FEI YUN HE,cargo,,413,China,中國,16,critical,7,4.0,1.0,0,apcn-2;eac-c2c;faster;h2-cable;southeast-asia-japan-cable-2-sjc2;trans-pacific-express-tpe-cable-system,0.0,0,0,基隆港 Keelung,2026-09-07T04:03:02.203275+00:00,,,5.6,,24.528317,120.5218,internal_waters,2026-09-07T10:32:14.025579+00:00
413351880,JIA NAN 33,cargo,,413,China,中國,16,critical,7,0,,0,taiwan-penghu-kinmen-matsu-no-2-tpkm2,0.0,0,0,湄洲灣泉港 Meizhouwan,2026-09-07T04:03:02.203275+00:00,,,0.0,,24.883562,119.07936,eez,2026-09-07T04:57:56.102287+00:00
413455610,MMSI-413455610,cargo,,413,China,中國,16,critical,7,3.2,4.6,0,cross-straits-cable-network;taiwan-penghu-kinmen-matsu-no-2-tpkm2;taiwan-penghu-kinmen-matsu-no-3-tpkm3;taiwan-strait-express-1-tse-1,0.0,0,0,大嶝/圍頭灣 Weitou,2026-09-02T13:05:35.852197+00:00,,,45.2,,26.811833,120.385987,eez,2026-09-04T13:01:24.739239+00:00
413510870,WAI YUN WAN QU 001,cargo,,413,China,中國,16,critical,7,0,,0,taiwan-penghu-kinmen-matsu-no-2-tpkm2;taiwan-penghu-kinmen-matsu-no-3-tpkm3;taiwan-strait-express-1-tse-1,0.0,0,0,廈門 Xiamen,2026-09-06T15:54:14.180092+00:00,,,15.8,,25.947063,119.820627,eez,2026-09-07T10:32:14.025579+00:00
413510950,MAO YUE,tanker,,413,China,中國,16,critical,7,0,,0,taiwan-penghu-kinmen-matsu-no-2-tpkm2,0.0,0,0,湄洲灣泉港 Meizhouwan,2026-09-03T00:53:07.140559+00:00,,,11.6,,23.533257,117.41656,eez,2026-09-03T15:37:40.614154+00:00
413696850,HENGJUN228,cargo,,413,China,中國,16,critical,7,0,,0,taiwan-penghu-kinmen-matsu-no-2-tpkm2;taiwan-penghu-kinmen-matsu-no-3-tpkm3,0.0,0,0,泉州 Quanzhou,2026-09-06T20:57:13.599682+00:00,廈門 Xiamen,2026-09-07T04:57:56.102287+00:00,5.4,,24.410812,118.060928,eez,2026-09-07T10:32:14.025579+00:00
413699010,HUA XIN 117,cargo,,413,China,中國,16,critical,7,2.3,,0,taiwan-penghu-kinmen-matsu-no-2-tpkm2;taiwan-penghu-kinmen-matsu-no-3-tpkm3;taiwan-strait-express-1-tse-1,0.0,0,0,廈門 Xiamen,2026-09-05T09:11:06.137565+00:00,福州馬尾 Fuzhou-Mawei,2026-09-07T04:03:02.203275+00:00,36.3,,26.045422,119.506467,eez,2026-09-07T04:57:56.102287+00:00
413702550,FU XIN518,cargo,,413,China,中國,16,critical,7,0,,0,taiwan-strait-express-1-tse-1,11.8,0,0,,,,,621.6,未觀測到靠港,26.215862,119.839747,eez,2026-09-07T10:32:14.025579+00:00
413703250,QIAN  HAI  83,cargo,,413,China,中國,16,critical,7,0,,0,taiwan-penghu-kinmen-matsu-no-2-tpkm2;taiwan-penghu-kinmen-matsu-no-3-tpkm3,6.6,0,0,廈門 Xiamen,2026-09-06T22:39:12.217794+00:00,,,4.5,,24.746567,118.80148,eez,2026-09-07T04:57:56.102287+00:00
413706840,FANG ZHOU 33,cargo,,413,China,中國,16,critical,7,0,,0,taiwan-penghu-kinmen-matsu-no-2-tpkm2;taiwan-penghu-kinmen-matsu-no-3-tpkm3,0.0,0,0,廈門 Xiamen,2026-09-06T04:04:01.481536+00:00,,,19.6,,24.51585,118.55724,eez,2026-09-07T00:30:10.743445+00:00
416004802,YNG MAAN NO.2,fishing,,416,Taiwan,台灣,16,critical,7,27.3,3.4,0,apcn-2;eac-c2c;faster;southeast-asia-japan-cable-2-sjc2,0.0,0,0,正濱漁港 Zhengbin,2026-09-07T04:03:02.203275+00:00,,,5.6,,25.832995,121.952648,contiguous_zone,2026-09-07T10:32:14.025579+00:00
416005049,TAIWAN5049,fishing,,416,Taiwan,台灣,16,critical,1,11.6,3.0,0,eac-c2c;faster;southeast-asia-japan-cable-2-sjc2,0.0,0,0,八斗子漁港 Badouzi,2026-09-02T04:48:40.622480+00:00,,,114.3,,25.761275,122.026212,territorial_sea,2026-09-07T04:03:02.203275+00:00
477189300,COSCO TAICANG,cargo,,477,Hong Kong,香港,16,critical,7,0,,0,taiwan-penghu-kinmen-matsu-no-3-tpkm3,0.0,0,0,廈門 Xiamen,2026-08-24T02:03:27.398663+00:00,,,170.4,,26.026543,120.682087,eez,2026-08-31T05:49:54.519009+00:00
533170107,SHINLINE 15,cargo,,533,Malaysia,馬來西亞,16,critical,7,10.1,1.5,0,apcn-2;eac-c2c;flag-europe-asia-fea;flag-north-asia-loopreach-north-asia-loop;southeast-asia-japan-cable-2-sjc2;taiwan-penghu-kinmen-matsu-no-2-tpkm2;taiwan-penghu-kinmen-matsu-no-3-tpkm3,0.0,1,0,基隆港 Keelung,2026-08-20T09:02:40.913184+00:00,,,41.8,,21.067722,119.856517,eez,2026-08-22T03:12:11.129638+00:00
538006451,UNITY N,cargo,,538,Marshall Is,馬紹爾群島,16,critical,7,0,,0,apcn-2;flag-europe-asia-fea;flag-north-asia-loopreach-north-asia-loop;taiwan-penghu-kinmen-matsu-no-3-tpkm3,4.1,0,0,,,,,139.5,未觀測到靠港,23.140748,117.606488,eez,2026-08-26T18:49:43.036418+00:00
577755000,ACE WIN,cargo,,577,Vanuatu,萬那杜,16,critical,7,8.0,0.6,0,eac-c2c;taiwan-matsu-no-4;taiwan-penghu-kinmen-matsu-no-2-tpkm2;taiwan-penghu-kinmen-matsu-no-3-tpkm3;taiwan-strait-express-1-tse-1;trans-pacific-express-tpe-cable-system,0.0,1,0,,,,,382.6,未觀測到靠港,26.36945,120.980633,eez,2026-08-28T11:34:06.990542+00:00
620999966,HAI XIN,cargo,,620,Comoros,葛摩,16,critical,7,0,,0,,18.6,1,0,旗津漁港 Qijin,2026-09-05T00:28:43.331771+00:00,,,54.6,,22.875513,120.062833,internal_waters,2026-09-07T10:32:14.025579+00:00
636026799,MMSI-636026799,tanker,,636,Liberia,賴比瑞亞,16,critical,7,17.3,2.0,0,apcn-2;asia-united-gateway-east-aug-east;eac-c2c;flag-europe-asia-fea;flag-north-asia-loopreach-north-asia-loop;seamewe-3,0.0,0,0,,,,,120.7,未觀測到靠港,23.210035,122.805503,eez,2026-08-27T10:02:50.170976+00:00
667001413,FUSHUN8,tanker,,667,Sierra Leone,獅子山,16,critical,7,47.7,1.0,0,eac-c2c;taiwan-matsu-no-4;taiwan-penghu-kinmen-matsu-no-2-tpkm2;taiwan-penghu-kinmen-matsu-no-3-tpkm3;taiwan-strait-express-1-tse-1;trans-pacific-express-tpe-cable-system,0.0,1,0,,,,,618.6,未觀測到靠港,22.730842,120.181457,internal_waters,2026-09-07T10:32:14.025579+00:00
671573100,MT.GOLDEN SUNRISE,tanker,,671,Togo,多哥,16,critical,7,21.9,0.7,0,eac-c2c;taiwan-matsu-no-4;taiwan-penghu-kinmen-matsu-no-2-tpkm2;taiwan-penghu-kinmen-matsu-no-3-tpkm3;taiwan-strait-express-1-tse-1;trans-pacific-express-tpe-cable-system,0.0,1,0,,,,,567.0,未觀測到靠港,24.345367,119.74745,contiguous_zone,2026-09-05T03:57:25.117144+00:00
677067100,ALBATROS 1,tanker,,677,Tanzania,坦尚尼亞,16,critical,7,0,,0,,7.6,1,1,,,,,422.4,未觀測到靠港,23.527085,117.352978,eez,2026-09-07T04:03:02.203275+00:00
677072200,VIVI,cargo,,677,Tanzania,坦尚尼亞,16,critical,7,19.0,0.6,0,taiwan-penghu-kinmen-matsu-no-3-tpkm3,17.3,1,0,,,,,425.2,未觀測到靠港,22.568977,120.087367,territorial_sea,2026-09-07T10:32:14.025579+00:00
241673000,SEA EMERALD,tanker,,241,Greece,希臘,15,critical,7,10.9,1.7,0,eac-c2c;taiwan-matsu-no-4;taiwan-penghu-kinmen-matsu-no-2-tpkm2;taiwan-penghu-kinmen-matsu-no-3-tpkm3;taiwan-strait-express-1-tse-1,0.0,1,0,,,,,567.0,未觀測到靠港,21.959813,119.819363,eez,2026-09-05T03:57:25.117144+00:00
311001629,SAGA VOYAGER,cargo,,311,Bahamas,巴哈馬,15,critical,7,0,,0,apcn-2,2.6,1,0,,,,,96.3,未觀測到靠港,26.553658,121.733968,eez,2026-08-28T11:34:06.990542+00:00
312960000,TA CHIN,cargo,,312,Belize,貝里斯,15,critical,7,5.2,4.4,0,eac-c2c;taiwan-matsu-no-4;taiwan-penghu-kinmen-matsu-no-2-tpkm2;taiwan-penghu-kinmen-matsu-no-3-tpkm3;trans-pacific-express-tpe-cable-system,0.0,1,0,高雄港 Kaohsiung,2026-09-04T13:01:24.739239+00:00,,,66.9,,22.86959,119.153737,eez,2026-09-07T10:32:14.025579+00:00
352004467,JUI HO,cargo,,352,Panama,巴拿馬,15,critical,7,6.0,0.2,0,asia-united-gateway-east-aug-east;eac-c2c;flag-north-asia-loopreach-north-asia-loop;taiwan-penghu-kinmen-matsu-no-2-tpkm2;tpu,0.0,0,0,台中港 Taichung,2026-09-02T13:05:35.852197+00:00,,,114.7,,24.53305,121.942933,territorial_sea,2026-09-07T10:32:14.025579+00:00
357981000,UNI POPULAR,cargo,,357,Panama,巴拿馬,15,critical,7,3.3,2.3,0,apcn-2;taiwan-penghu-kinmen-matsu-no-2-tpkm2;taiwan-penghu-kinmen-matsu-no-3-tpkm3;taiwan-strait-express-1-tse-1;trans-pacific-express-tpe-cable-system,0.0,0,0,小港臨海新村漁港 Xiaogang,2026-09-03T18:14:46.249326+00:00,,,3.0,,21.91435,119.5437,eez,2026-09-04T00:32:15.198838+00:00
374494000,GLOBAL HIGHWAY,cargo,,374,Panama,巴拿馬,15,critical,7,14.6,0.1,0,eac-c2c;faster;taiwan-penghu-kinmen-matsu-no-2-tpkm2;taiwan-penghu-kinmen-matsu-no-3-tpkm3,0.0,1,0,台中港 Taichung,2026-08-13T05:14:47.387385+00:00,,,38.4,,26.161648,122.725228,eez,2026-08-14T21:17:18.721815+00:00
412000029,YUN 69429,fishing,,412,China,中國,15,critical,1,0,,0,taiwan-matsu-no-4,0.0,0,0,,,,,420.6,未觀測到靠港,26.743032,120.634655,eez,2026-09-07T04:03:02.203275+00:00
412440213,MINLIANYU60456,fishing,,412,China,中國,15,critical,7,8.6,3.2,0,taiwan-matsu-no-4;taiwan-penghu-kinmen-matsu-no-2-tpkm2;taiwan-penghu-kinmen-matsu-no-3-tpkm3;taiwan-strait-express-1-tse-1,0.0,0,0,,,,,385.6,未觀測到靠港,26.07232,120.93653,eez,2026-09-07T10:32:14.025579+00:00
412441956,MINLIANYU60271,fishing,,412,China,中國,15,critical,7,13.2,3.2,0,taiwan-matsu-no-4;taiwan-penghu-kinmen-matsu-no-2-tpkm2;taiwan-penghu-kinmen-matsu-no-3-tpkm3;taiwan-strait-express-1-tse-1,0.0,0,0,,,,,385.6,未觀測到靠港,25.9107,120.89776,eez,2026-09-07T10:32:14.025579+00:00
412442489,MINCHANGYU23038,fishing,,412,China,中國,15,critical,7,38.4,1.1,0,taiwan-matsu-no-4;taiwan-penghu-kinmen-matsu-no-3-tpkm3;taiwan-strait-express-1-tse-1,0.0,0,0,閩江口錨地 Minjiangkou,2026-09-03T18:14:46.249326+00:00,,,60.9,,25.84217,119.7736,eez,2026-09-06T22:39:12.217794+00:00
412442513,MINCHANGYU23326,fishing,,412,China,中國,15,critical,1,0,,0,taiwan-strait-express-1-tse-1,0.0,0,0,,,,,375.5,未觀測到靠港,25.88877,119.71932,eez,2026-09-06T22:39:12.217794+00:00
412442739,MINLIANYU61875,fishing,,412,China,中國,15,critical,7,4.6,2.9,0,taiwan-matsu-no-4;taiwan-penghu-kinmen-matsu-no-3-tpkm3;taiwan-strait-express-1-tse-1,0.0,0,0,,,,,385.6,未觀測到靠港,25.84336,120.25244,eez,2026-09-07T10:32:14.025579+00:00
412443135,MINLIANYU60959,fishing,,412,China,中國,15,critical,7,6.7,3.0,0,taiwan-matsu-no-4;taiwan-penghu-kinmen-matsu-no-2-tpkm2;taiwan-penghu-kinmen-matsu-no-3-tpkm3;taiwan-strait-express-1-tse-1,0.0,0,0,,,,,385.6,未觀測到靠港,25.86926,120.87741,eez,2026-09-07T10:32:14.025579+00:00
412443550,AN ZHOU JIN  CHENG,cargo,,412,China,中國,15,critical,1,0,,0,taiwan-penghu-kinmen-matsu-no-2-tpkm2;taiwan-penghu-kinmen-matsu-no-3-tpkm3;taiwan-strait-express-1-tse-1,0.0,0,0,廈門 Xiamen,2026-09-03T04:47:18.082694+00:00,,,90.1,,24.357422,118.411613,eez,2026-09-07T04:03:02.203275+00:00
412444201,00C,fishing,,412,China,中國,15,critical,1,3.7,3.7,0,taiwan-penghu-kinmen-matsu-no-3-tpkm3,0.0,0,0,,,,,333.0,未觀測到靠港,24.28659,118.59472,eez,2026-09-07T00:30:10.743445+00:00
412444298,MIN LONG YU 66797,fishing,,412,China,中國,15,critical,1,0,,0,taiwan-penghu-kinmen-matsu-no-2-tpkm2;taiwan-penghu-kinmen-matsu-no-3-tpkm3,0.0,0,0,,,,,178.4,未觀測到靠港,23.99013,118.63797,eez,2026-09-07T00:30:10.743445+00:00
412444321,MINLONGYU66829,fishing,,412,China,中國,15,critical,7,9.8,3.4,0,taiwan-penghu-kinmen-matsu-no-3-tpkm3,0.0,0,0,,,,,381.1,未觀測到靠港,24.29359,118.61028,eez,2026-09-07T10:32:14.025579+00:00
412444578,S,fishing,,412,China,中國,15,critical,7,6.0,0.8,0,taiwan-penghu-kinmen-matsu-no-2-tpkm2;taiwan-penghu-kinmen-matsu-no-3-tpkm3,0.0,0,0,廈門 Xiamen,2026-08-25T01:57:17.245352+00:00,,,203.6,,24.196962,118.338152,eez,2026-09-05T20:49:42.874052+00:00
412444807,MINLONGYU09865,fishing,,412,China,中國,15,critical,7,0,,0,taiwan-penghu-kinmen-matsu-no-3-tpkm3,0.0,0,0,廈門 Xiamen,2026-09-01T18:03:58.033746+00:00,廈門 Xiamen,2026-09-06T09:32:13.465682+00:00,96.9,,24.158225,118.291772,eez,2026-09-04T15:36:37.054727+00:00
412445658,MINLIANYU60012,fishing,,412,China,中國,15,critical,7,20.5,3.3,0,taiwan-matsu-no-4;taiwan-penghu-kinmen-matsu-no-2-tpkm2;taiwan-penghu-kinmen-matsu-no-3-tpkm3;taiwan-strait-express-1-tse-1,0.0,0,0,,,,,385.6,未觀測到靠港,26.06868,120.91992,eez,2026-09-07T10:32:14.025579+00:00
412451499,MINLONYU65699,fishing,,412,China,中國,15,critical,7,2.0,,0,taiwan-penghu-kinmen-matsu-no-2-tpkm2;taiwan-penghu-kinmen-matsu-no-3-tpkm3,0.0,0,0,,,,,385.6,未觀測到靠港,24.96701,119.55513,eez,2026-09-07T10:32:14.025579+00:00
412451696,MIN HUI YU 00118,fishing,,412,China,中國,15,critical,7,0,,0,taiwan-penghu-kinmen-matsu-no-2-tpkm2;taiwan-penghu-kinmen-matsu-no-3-tpkm3,0.0,0,0,,,,,385.6,未觀測到靠港,24.66292,119.23291,eez,2026-09-07T10:32:14.025579+00:00
412481538,MINLIANYU60898,fishing,,412,China,中國,15,critical,7,17.6,3.1,0,taiwan-matsu-no-4;taiwan-penghu-kinmen-matsu-no-2-tpkm2;taiwan-penghu-kinmen-matsu-no-3-tpkm3;taiwan-strait-express-1-tse-1,0.0,0,0,,,,,385.6,未觀測到靠港,25.68525,120.5953,eez,2026-09-07T10:32:14.025579+00:00
413272940,YI TAI RONG,cargo,,413,China,中國,15,critical,7,5.3,0.5,0,taiwan-penghu-kinmen-matsu-no-3-tpkm3,0.0,0,0,同安灣/廈門灣北 Tongan,2026-09-02T04:48:40.622480+00:00,漳州東山 Dongshan,2026-09-03T13:07:19.959143+00:00,11.7,,23.71886,117.55128,eez,2026-09-05T22:29:16.547946+00:00
413381830,TENG YUN HE,cargo,,413,China,中國,15,critical,7,8.2,2.2,0,apcn-2;eac-c2c;faster;taiwan-matsu-no-4;taiwan-penghu-kinmen-matsu-no-2-tpkm2;taiwan-penghu-kinmen-matsu-no-3-tpkm3;trans-pacific-express-tpe-cable-system,0.0,0,0,小港臨海新村漁港 Xiaogang,2026-09-03T15:37:40.614154+00:00,,,15.5,,25.980085,121.393607,eez,2026-09-04T09:46:09.453323+00:00
413454360,HEBIN,cargo,,413,China,中國,15,critical,7,3.9,2.7,0,apcn-2;eac-c2c;faster;taiwan-penghu-kinmen-matsu-no-3-tpkm3;taiwan-strait-express-1-tse-1;trans-pacific-express-tpe-cable-system,0.0,0,0,小港臨海新村漁港 Xiaogang,2026-09-03T18:14:46.249326+00:00,,,20.4,,26.699708,121.044253,eez,2026-09-04T17:54:11.204189+00:00
413610980,XINQIANJIN,tanker,,413,China,中國,15,critical,7,8.8,0.7,0,taiwan-matsu-no-4;taiwan-penghu-kinmen-matsu-no-3-tpkm3;taiwan-strait-express-1-tse-1,0.0,0,0,湄洲灣泉港 Meizhouwan,2026-08-24T07:34:00.582328+00:00,,,108.5,,27.32253,121.183307,eez,2026-08-28T21:39:12.654619+00:00
413693580,ZHONGFUSHUN,cargo,,413,China,中國,15,critical,7,0,,0,taiwan-penghu-kinmen-matsu-no-2-tpkm2;taiwan-penghu-kinmen-matsu-no-3-tpkm3;taiwan-strait-express-1-tse-1,0.0,0,0,廈門 Xiamen,2026-09-04T17:54:11.204189+00:00,,,21.5,,23.15265,117.037467,eez,2026-09-05T18:40:14.211911+00:00
413699940,XING TONG 19,tanker,,413,China,中國,15,critical,7,0,,0,taiwan-penghu-kinmen-matsu-no-2-tpkm2;taiwan-penghu-kinmen-matsu-no-3-tpkm3;taiwan-strait-express-1-tse-1,0.0,0,0,湄洲灣泉港 Meizhouwan,2026-09-04T13:01:24.739239+00:00,漳州東山 Dongshan,2026-09-05T03:57:25.117144+00:00,8.9,,23.711922,117.555518,eez,2026-09-07T00:30:10.743445+00:00
413875033,CHINACOASTGUARD 2301,coastguard,coastguard,413,China,中國,15,critical,7,3.3,4.8,0,eac-c2c;taiwan-strait-express-1-tse-1;trans-pacific-express-tpe-cable-system,0.0,0,0,,,,,161.7,未觀測到靠港,25.99492,121.62347,eez,2026-09-06T22:39:12.217794+00:00
416000157,I HSIN,cargo,,416,Taiwan,台灣,15,critical,7,138.0,0.0,0,eac-c2c;taiwan-matsu-no-4;taiwan-penghu-kinmen-matsu-no-3-tpkm3;taiwan-strait-express-1-tse-1,6.8,0,0,台北港 Taipei,2026-09-06T14:46:16.922285+00:00,,,18.6,,25.154555,121.393665,internal_waters,2026-09-07T10:32:14.025579+00:00
416002679,XIN_SHUN_YI_66,fishing,,416,Taiwan,台灣,15,critical,1,7.3,2.2,0,asia-pacific-gateway-apg;flag-north-asia-loopreach-north-asia-loop;h2-cable,0.0,0,0,大溪漁港 Daxi,2026-09-02T09:45:18.106966+00:00,,,67.7,,24.819302,121.942558,internal_waters,2026-09-07T00:30:10.743445+00:00
416003991,WU ZHOU HUI FENG,cargo,,416,Taiwan,台灣,15,critical,7,0,,0,taiwan-penghu-kinmen-matsu-no-2-tpkm2;taiwan-penghu-kinmen-matsu-no-3-tpkm3,0.0,0,0,深滬灣/圍頭東 Shenhu,2026-09-07T04:03:02.203275+00:00,復國墩漁港 Fuguodun,2026-09-07T10:32:14.025579+00:00,0.0,,24.408328,118.423325,eez,2026-09-07T10:32:14.025579+00:00
416006311,LIAN SIA NO.8,passenger,,416,Taiwan,台灣,15,critical,7,0,,0,cross-straits-cable-network;taiwan-penghu-kinmen-matsu-no-3-tpkm3,0.0,0,0,鳥嶼漁港 Niaoyu,2026-08-28T11:34:06.990542+00:00,,,192.1,,23.652395,119.644227,internal_waters,2026-09-07T04:57:56.102287+00:00
416052539,CT2-5253-9      (66),fishing,,416,Taiwan,台灣,15,critical,1,2.8,,0,tpu,0.0,0,0,伽藍漁港 Fugang,2026-08-20T01:56:34.314431+00:00,,,432.8,,22.791898,121.193662,internal_waters,2026-09-07T04:03:02.203275+00:00
422222000,MMSI-422222000,tanker,,422,Iran,伊朗,15,critical,7,0,,0,,0.0,1,1,,,,,474.8,未觀測到靠港,23.271375,117.7078,eez,2026-08-25T04:05:56.477331+00:00
440117000,HMM BLESSING,cargo,,440,Korea,韓國,15,critical,7,11.7,2.1,0,apcn-2;asia-direct-cable-adc;asia-pacific-gateway-apg;asia-united-gateway-east-aug-east;e2a;eac-c2c;faster;new-cross-pacific-ncp-cable-system;southeast-asia-japan-cable-2-sjc2;taiwan-penghu-kinmen-matsu-no-3-tpkm3;trans-pacific-express-tpe-cable-system,0.0,1,0,基隆港 Keelung,2026-09-01T15:55:52.992796+00:00,,,136.5,,24.034933,122.018398,contiguous_zone,2026-09-07T10:32:14.025579+00:00
457328000,HAI SHUN,cargo,,457,Mongolia,蒙古,15,critical,7,0,,0,taiwan-penghu-kinmen-matsu-no-2-tpkm2;taiwan-penghu-kinmen-matsu-no-3-tpkm3,12.1,1,0,台中港 Taichung,2026-08-15T08:51:04.503689+00:00,,,553.3,,24.262878,120.52268,internal_waters,2026-09-07T10:32:14.025579+00:00
477134400,SEA SILK JINJIANG,cargo,,477,Hong Kong,香港,15,critical,7,0,,0,asia-direct-cable-adc;taiwan-penghu-kinmen-matsu-no-3-tpkm3,0.0,0,0,廈門 Xiamen,2026-08-29T16:03:35.212630+00:00,,,6.9,,22.804,119.251617,contiguous_zone,2026-08-30T00:54:50.080310+00:00
477769500,FENG SHUN,cargo,,477,Hong Kong,香港,15,critical,7,16.0,1.0,0,eac-c2c;faster;taiwan-penghu-kinmen-matsu-no-2-tpkm2;taiwan-penghu-kinmen-matsu-no-3-tpkm3;taiwan-strait-express-1-tse-1,0.0,0,0,台北港 Taipei,2026-08-21T19:19:16.495479+00:00,,,397.3,,25.965308,119.800368,eez,2026-09-07T10:32:14.025579+00:00
538005805,MARLIN AMMOLITE,tanker,,538,Marshall Is,馬紹爾群島,15,critical,7,10.0,1.5,0,apcn-2;asia-pacific-gateway-apg;eac-c2c;faster;flag-north-asia-loopreach-north-asia-loop;h2-cable;pacific-light-cable-network-plcn;seamewe-3;taiwan-penghu-kinmen-matsu-no-2-tpkm2;trans-pacific-express-tpe-cable-system,0.0,0,0,深澳漁港 Shenao,2026-08-30T00:54:50.080310+00:00,,,181.8,,20.923623,121.428983,eez,2026-09-06T18:44:37.513907+00:00
538006031,SAMATAN,cargo,,538,Marshall Is,馬紹爾群島,15,critical,7,3.5,1.7,0,apcn-2;asia-direct-cable-adc;asia-united-gateway-east-aug-east;candle;eac-c2c;flag-europe-asia-fea;flag-north-asia-loopreach-north-asia-loop;h2-cable,6.6,0,0,,,,,195.9,未觀測到靠港,22.938693,122.890802,eez,2026-09-02T09:45:18.106966+00:00
538006247,LOTUS RISING,cargo,,538,Marshall Is,馬紹爾群島,15,critical,7,7.8,2.6,0,apcn-2;asia-pacific-gateway-apg;asia-united-gateway-east-aug-east;candle;e2a;flag-north-asia-loopreach-north-asia-loop;h2-cable;hong-kong-americas-hka;orca;pacific-light-cable-network-plcn;seamewe-3,6.9,0,0,,,,,185.8,未觀測到靠港,25.990873,122.942605,eez,2026-08-30T00:54:50.080310+00:00
538008593,SC MONTREUX,cargo,,538,Marshall Is,馬紹爾群島,15,critical,7,13.0,2.7,0,apcn-2;eac-c2c,0.0,0,0,基隆港 Keelung,2026-09-03T21:31:20.880272+00:00,,,9.2,,26.674858,122.226032,eez,2026-09-04T09:46:09.453323+00:00
538009233,MMSI-538009233,tanker,,538,Marshall Is,馬紹爾群島,15,critical,7,0,,0,apcn-2;eac-c2c;seamewe-3;taiwan-penghu-kinmen-matsu-no-3-tpkm3,5.5,0,0,,,,,204.3,未觀測到靠港,22.957327,119.79656,internal_waters,2026-08-28T11:34:06.990542+00:00
538009915,TS NAGOYA,cargo,,538,Marshall Is,馬紹爾群島,15,critical,7,5.3,1.1,0,apcn-2;asia-pacific-gateway-apg;eac-c2c;faster;pacific-light-cable-network-plcn;taiwan-matsu-no-4;taiwan-penghu-kinmen-matsu-no-2-tpkm2,0.0,0,0,基隆港 Keelung,2026-08-26T11:20:16.155309+00:00,,,285.9,,25.125382,120.843988,territorial_sea,2026-09-07T10:32:14.025579+00:00
563121900,WAN HAI 277,cargo,,563,Singapore,新加坡,15,critical,7,7.8,0.1,0,eac-c2c;taiwan-matsu-no-4;taiwan-penghu-kinmen-matsu-no-2-tpkm2;taiwan-penghu-kinmen-matsu-no-3-tpkm3,0.0,0,0,小港臨海新村漁港 Xiaogang,2026-09-03T18:14:46.249326+00:00,,,3.0,,22.453517,119.215142,eez,2026-09-04T00:32:15.198838+00:00
563178000,PRACHI,tanker,,563,Singapore,新加坡,15,critical,7,17.5,1.3,0,apcn-2;eac-c2c,0.0,0,0,,,,,113.0,未觀測到靠港,21.340798,119.851768,eez,2026-08-17T05:56:49.084235+00:00
563255900,SUNNY TRITON,tanker,,563,Singapore,新加坡,15,critical,7,13.7,0.0,0,apcn-2;asia-united-gateway-east-aug-east;eac-c2c;faster;new-cross-pacific-ncp-cable-system;taiwan-matsu-no-4;taiwan-penghu-kinmen-matsu-no-3-tpkm3;trans-pacific-express-tpe-cable-system,0.0,0,0,台北港 Taipei,2026-08-20T23:17:11.148940+00:00,,,152.3,,25.21317,122.563303,eez,2026-08-27T10:02:50.170976+00:00
608683434,07176,cargo,,608,Ascension Is,阿森松島,15,critical,7,4.7,1.6,0,taiwan-penghu-kinmen-matsu-no-3-tpkm3;taiwan-strait-express-1-tse-1,0.0,1,0,,,,,528.0,未觀測到靠港,25.879592,119.961363,eez,2026-09-07T04:57:56.102287+00:00
613424630,MMSI-613424630,tanker,,613,Cameroon,喀麥隆,15,critical,7,0,,0,asia-united-gateway-east-aug-east;eac-c2c;flag-north-asia-loopreach-north-asia-loop;orca;seamewe-3,0.0,1,1,,,,,24.4,未觀測到靠港,20.907955,121.205988,eez,2026-09-06T09:32:13.465682+00:00
613617404,LORIAN,tanker,,613,Cameroon,喀麥隆,15,critical,7,0,,0,apcn-2;asia-united-gateway-east-aug-east;seamewe-3,0.0,1,1,,,,,363.2,未觀測到靠港,21.428465,120.73918,contiguous_zone,2026-09-04T04:48:11.480190+00:00
620800361,PACIFIC_PRINCESS,tanker,,620,Comoros,葛摩,15,critical,7,28.0,2.1,0,apcn-2;asia-united-gateway-east-aug-east;eac-c2c;flag-europe-asia-fea;flag-north-asia-loopreach-north-asia-loop;seamewe-3,0.0,1,0,,,,,269.1,未觀測到靠港,20.998798,119.373867,eez,2026-09-05T09:11:06.137565+00:00
629028482,BEESTA,tanker,,629,Gambia,甘比亞,15,critical,7,17.3,1.1,0,apcn-2;asia-pacific-gateway-apg;asia-united-gateway-east-aug-east;eac-c2c;flag-europe-asia-fea;flag-north-asia-loopreach-north-asia-loop;hong-kong-americas-hka;new-cross-pacific-ncp-cable-system;seamewe-3;southeast-asia-japan-cable-2-sjc2,0.0,1,0,,,,,170.4,未觀測到靠港,21.352258,120.131362,eez,2026-08-19T15:21:52.877359+00:00
636013692,YM UTILITY,cargo,,636,Liberia,賴比瑞亞,15,critical,7,13.2,2.0,0,apcn-2;eac-c2c;faster;southeast-asia-japan-cable-2-sjc2;taiwan-penghu-kinmen-matsu-no-2-tpkm2;trans-pacific-express-tpe-cable-system,0.0,0,0,基隆港 Keelung,2026-09-03T04:47:18.082694+00:00,,,53.7,,26.983067,121.346062,eez,2026-09-05T15:42:59.107474+00:00
650000174,ASTRA,tanker,,650,Mozambique,莫三比克,15,critical,7,0,,0,eac-c2c;taiwan-penghu-kinmen-matsu-no-2-tpkm2;taiwan-penghu-kinmen-matsu-no-3-tpkm3,0.0,1,1,,,,,31.0,未觀測到靠港,23.03137,117.739008,eez,2026-08-13T19:52:59.371224+00:00
667001839,SHUNXIN77,tanker,,667,Sierra Leone,獅子山,15,critical,7,0,,0,taiwan-penghu-kinmen-matsu-no-2-tpkm2;taiwan-penghu-kinmen-matsu-no-3-tpkm3,25.8,1,0,,,,,621.6,未觀測到靠港,22.72088,120.18369,internal_waters,2026-09-07T10:32:14.025579+00:00
667002162,HE CHENG 3,cargo,,667,Sierra Leone,獅子山,15,critical,7,0,,0,taiwan-penghu-kinmen-matsu-no-3-tpkm3,14.3,1,0,,,,,500.8,未觀測到靠港,24.709447,120.615452,territorial_sea,2026-09-02T09:45:18.106966+00:00
668116209,CHEN YANG,cargo,,668,Sao Tome Principe,聖多美,15,critical,7,0,,0,taiwan-penghu-kinmen-matsu-no-2-tpkm2;taiwan-penghu-kinmen-matsu-no-3-tpkm3,20.5,1,0,,,,,609.7,未觀測到靠港,24.166753,120.163147,internal_waters,2026-09-06T22:39:12.217794+00:00
677054600,CHENG TAI,cargo,,677,Tanzania,坦尚尼亞,15,critical,7,0,,0,taiwan-penghu-kinmen-matsu-no-2-tpkm2;taiwan-penghu-kinmen-matsu-no-3-tpkm3,17.5,1,0,,,,,601.9,未觀測到靠港,22.636922,119.304985,eez,2026-09-06T14:46:16.922285+00:00
205534000,GOLDEN WAVE,cargo,,205,Belgium,比利時,14,critical,7,0,,0,eac-c2c;flag-europe-asia-fea;flag-north-asia-loopreach-north-asia-loop;taiwan-penghu-kinmen-matsu-no-2-tpkm2,10.8,1,0,麗水漁港 Lishui,2026-08-23T04:58:29.790954+00:00,,,22.4,,21.107493,121.346527,eez,2026-08-24T04:13:24.721954+00:00
255728000,JINLING CONFIDENCE,cargo,,255,Portugal,葡萄牙,14,critical,7,0,,0,eac-c2c;seamewe-3,5.7,1,0,,,,,149.2,未觀測到靠港,22.602127,120.286715,internal_waters,2026-09-07T10:32:14.025579+00:00
269047000,ST-CERGUE,cargo,,269,Switzerland,瑞士,14,critical,7,0,,0,taiwan-penghu-kinmen-matsu-no-2-tpkm2,2.2,1,0,,,,,85.6,未觀測到靠港,23.035392,117.36536,eez,2026-08-19T15:21:52.877359+00:00
273210110,PAMYAT KIROVA,cargo,,273,Russia,俄羅斯,14,critical,7,19.7,0.2,0,taiwan-matsu-no-4;taiwan-penghu-kinmen-matsu-no-2-tpkm2,6.8,1,0,,,,,177.5,未觀測到靠港,26.13517,120.69643,eez,2026-09-07T10:32:14.025579+00:00
341607002,SATURN,cargo,,341,St Kitts Nevis,聖克里斯多福,14,critical,1,5.4,0.5,0,taiwan-penghu-kinmen-matsu-no-2-tpkm2,0.0,1,0,高雄港 Kaohsiung,2026-08-31T01:00:40.959031+00:00,,,167.1,,24.358017,120.2695,internal_waters,2026-09-07T04:03:02.203275+00:00
351664000,ITX EHIME,cargo,,351,Panama,巴拿馬,14,critical,7,17.2,0.7,0,apcn-2;asia-united-gateway-east-aug-east;e2a;eac-c2c;taiwan-penghu-kinmen-matsu-no-2-tpkm2;tpu,0.0,0,0,小港臨海新村漁港 Xiaogang,2026-08-25T09:25:20.380906+00:00,,,28.9,,22.85479,122.385215,eez,2026-08-26T16:10:14.987861+00:00
352003252,MING XI HAI YANG,cargo,,352,Panama,巴拿馬,14,critical,7,0,,0,apcn-2;taiwan-penghu-kinmen-matsu-no-3-tpkm3,1.6,0,0,高雄港 Kaohsiung,2026-08-25T09:25:20.380906+00:00,,,72.3,,27.44642,122.1562,eez,2026-08-28T11:34:06.990542+00:00
357527000,STEP FORWARD,cargo,,357,Panama,巴拿馬,14,critical,3,0,,0,asia-pacific-gateway-apg;asia-united-gateway-east-aug-east;seamewe-3,0.0,0,0,蘇澳港 Suao,2026-08-31T05:49:54.519009+00:00,,,4.4,,25.779725,122.251238,contiguous_zone,2026-08-31T18:36:53.316921+00:00
412060089,MINLIANYU60089,fishing,,412,China,中國,14,critical,7,6.3,0.7,0,taiwan-strait-express-1-tse-1,0.0,0,0,,,,,385.6,未觀測到靠港,26.2723,119.69819,eez,2026-09-07T10:32:14.025579+00:00
412066824,MINLONGYU66824,fishing,,412,China,中國,14,critical,7,7.8,3.4,0,taiwan-penghu-kinmen-matsu-no-3-tpkm3,0.0,0,0,,,,,343.1,未觀測到靠港,24.30035,118.64664,eez,2026-09-07T10:32:14.025579+00:00
412441297,MINLIANYU60081,fishing,,412,China,中國,14,critical,7,12.8,3.7,0,taiwan-matsu-no-4;taiwan-penghu-kinmen-matsu-no-3-tpkm3;taiwan-strait-express-1-tse-1,0.0,0,0,,,,,373.8,未觀測到靠港,25.738242,120.263155,eez,2026-09-05T00:28:43.331771+00:00
412441337,MINLIANYU61092,fishing,,412,China,中國,14,critical,7,3.7,1.3,0,taiwan-matsu-no-4;taiwan-strait-express-1-tse-1,0.0,0,0,,,,,223.6,未觀測到靠港,26.13432,120.26245,eez,2026-09-07T10:32:14.025579+00:00
412441368,MIN LIAN YU 61715,fishing,,412,China,中國,14,critical,7,8.2,3.1,0,taiwan-matsu-no-4;taiwan-penghu-kinmen-matsu-no-2-tpkm2;taiwan-penghu-kinmen-matsu-no-3-tpkm3;taiwan-strait-express-1-tse-1,0.0,0,0,,,,,373.8,未觀測到靠港,25.74568,120.23007,eez,2026-09-06T22:39:12.217794+00:00
412441558,MIN LIAN YU 61038,fishing,,412,China,中國,14,critical,1,4.1,3.6,0,taiwan-matsu-no-4;taiwan-penghu-kinmen-matsu-no-3-tpkm3;taiwan-strait-express-1-tse-1,0.0,0,0,,,,,380.9,未觀測到靠港,26.13542,120.14812,eez,2026-09-07T04:03:02.203275+00:00
412441664,QLG0,fishing,,412,China,中國,14,critical,7,7.5,2.4,0,taiwan-matsu-no-4;taiwan-penghu-kinmen-matsu-no-2-tpkm2;taiwan-penghu-kinmen-matsu-no-3-tpkm3;taiwan-strait-express-1-tse-1,0.0,0,0,,,,,370.8,未觀測到靠港,25.84762,120.23956,eez,2026-09-07T04:03:02.203275+00:00
412441715,MINLIANYU60979,fishing,,412,China,中國,14,critical,7,12.0,3.2,0,taiwan-matsu-no-4;taiwan-penghu-kinmen-matsu-no-2-tpkm2;taiwan-penghu-kinmen-matsu-no-3-tpkm3;taiwan-strait-express-1-tse-1,0.0,0,0,,,,,380.1,未觀測到靠港,25.8631,120.71363,eez,2026-09-07T04:57:56.102287+00:00
412442238,MINLIANYUYUN60937,fishing,,412,China,中國,14,critical,7,6.3,1.2,0,taiwan-matsu-no-4;taiwan-penghu-kinmen-matsu-no-3-tpkm3,0.0,0,0,,,,,223.6,未觀測到靠港,26.16078,120.0836,eez,2026-09-07T10:32:14.025579+00:00
412442463,MINCHANGYU23166,fishing,,412,China,中國,14,critical,7,21.8,1.6,0,taiwan-penghu-kinmen-matsu-no-3-tpkm3;taiwan-strait-express-1-tse-1,0.0,0,0,閩江口錨地 Minjiangkou,2026-08-26T16:10:14.987861+00:00,,,230.0,,25.96035,120.08167,eez,2026-09-07T10:32:14.025579+00:00
412444159,MIN LONG YU 61882,fishing,,412,China,中國,14,critical,7,4.5,1.8,0,taiwan-penghu-kinmen-matsu-no-2-tpkm2;taiwan-penghu-kinmen-matsu-no-3-tpkm3,0.0,0,0,,,,,339.4,未觀測到靠港,24.85138,119.13809,eez,2026-09-06T22:39:12.217794+00:00
412444189,MINLONGYU66824,fishing,,412,China,中國,14,critical,7,7.8,3.1,0,taiwan-penghu-kinmen-matsu-no-3-tpkm3,0.0,0,0,,,,,343.1,未觀測到靠港,24.29635,118.64253,eez,2026-09-07T10:32:14.025579+00:00
412445025,08875,fishing,,412,China,中國,14,critical,7,3.5,1.9,0,taiwan-penghu-kinmen-matsu-no-2-tpkm2,0.0,0,0,廈門 Xiamen,2026-09-01T04:37:22.691006+00:00,,,149.2,,24.51921,118.55895,eez,2026-09-07T10:32:14.025579+00:00
412445095,MINLIANYU60922,fishing,,412,China,中國,14,critical,7,4.2,3.0,0,taiwan-matsu-no-4;taiwan-penghu-kinmen-matsu-no-2-tpkm2;taiwan-penghu-kinmen-matsu-no-3-tpkm3;taiwan-strait-express-1-tse-1,0.0,0,0,,,,,385.6,未觀測到靠港,26.22834,120.99452,eez,2026-09-07T10:32:14.025579+00:00
412445168,MINLIANYU60298,fishing,,412,China,中國,14,critical,7,6.3,3.2,0,taiwan-matsu-no-4;taiwan-penghu-kinmen-matsu-no-2-tpkm2;taiwan-penghu-kinmen-matsu-no-3-tpkm3;taiwan-strait-express-1-tse-1,0.0,0,0,,,,,385.6,未觀測到靠港,26.01995,120.94305,eez,2026-09-07T10:32:14.025579+00:00
412447653,MINLIANYU60969,fishing,,412,China,中國,14,critical,7,10.2,2.8,0,taiwan-matsu-no-4;taiwan-penghu-kinmen-matsu-no-2-tpkm2;taiwan-penghu-kinmen-matsu-no-3-tpkm3;taiwan-strait-express-1-tse-1,0.0,0,0,,,,,385.6,未觀測到靠港,26.10015,120.92345,eez,2026-09-07T10:32:14.025579+00:00
412447661,MINLIANYU66555,fishing,,412,China,中國,14,critical,7,8.0,2.4,0,taiwan-matsu-no-4;taiwan-penghu-kinmen-matsu-no-2-tpkm2;taiwan-penghu-kinmen-matsu-no-3-tpkm3;taiwan-strait-express-1-tse-1,0.0,0,0,,,,,385.6,未觀測到靠港,26.0732,120.97984,eez,2026-09-07T10:32:14.025579+00:00
412451155,MIN LIAN YU61581,fishing,,412,China,中國,14,critical,7,8.6,1.7,0,taiwan-matsu-no-4;taiwan-penghu-kinmen-matsu-no-3-tpkm3,0.0,0,0,,,,,385.6,未觀測到靠港,26.17942,120.32573,eez,2026-09-07T10:32:14.025579+00:00
412451853,MINLIANYU62966,fishing,,412,China,中國,14,critical,7,5.4,1.2,0,taiwan-matsu-no-4;taiwan-penghu-kinmen-matsu-no-3-tpkm3,0.0,0,0,,,,,385.6,未觀測到靠港,26.32727,119.83029,eez,2026-09-07T10:32:14.025579+00:00
413265270,JI XIANG JIN XIU,cargo,,413,China,中國,14,critical,7,14.2,0.7,0,taiwan-penghu-kinmen-matsu-no-2-tpkm2;taiwan-penghu-kinmen-matsu-no-3-tpkm3,0.0,0,0,深滬灣/圍頭東 Shenhu,2026-08-31T14:11:41.168860+00:00,,,132.3,,25.774223,119.80852,eez,2026-09-06T04:52:03.960094+00:00
413313110,HAISHENGJIA877,cargo,,413,China,中國,14,critical,7,0,,0,,7.5,0,0,,,,,614.6,未觀測到靠港,26.251598,119.802188,eez,2026-09-07T10:32:14.025579+00:00
413336820,LONG    XIN     99,cargo,,413,China,中國,14,critical,7,5.4,1.3,0,taiwan-penghu-kinmen-matsu-no-2-tpkm2;taiwan-penghu-kinmen-matsu-no-3-tpkm3,0.0,0,0,深滬灣/圍頭東 Shenhu,2026-08-30T15:52:29.078583+00:00,,,184.3,,23.480245,117.492333,eez,2026-09-07T10:32:14.025579+00:00
413511880,JIA HONG 33,cargo,,413,China,中國,14,critical,7,24.2,0.4,0,taiwan-penghu-kinmen-matsu-no-2-tpkm2;taiwan-penghu-kinmen-matsu-no-3-tpkm3,0.0,0,0,莆田湄洲灣 Putian,2026-09-01T05:22:35.528216+00:00,莆田湄洲灣 Putian,2026-09-04T09:46:09.453323+00:00,45.2,,25.058358,119.056747,eez,2026-09-07T10:32:14.025579+00:00
413519120,BAO LIN HAI,cargo,,413,China,中國,14,critical,7,15.1,1.5,0,taiwan-penghu-kinmen-matsu-no-3-tpkm3,0.0,0,0,,,,,458.9,未觀測到靠港,23.620497,117.67536,eez,2026-09-03T09:58:16.076898+00:00
413701510,XIANG YANG HONG 03,research,research,413,China,中國,14,critical,7,3.7,2.5,0,asia-united-gateway-east-aug-east;candle;h2-cable;seamewe-3,0.0,0,0,,,同安灣/廈門灣北 Tongan,2026-08-31T21:41:57.448444+00:00,225.7,,24.55028,118.09748,eez,2026-09-07T10:32:14.025579+00:00
414336000,HONG BO 3,cargo,,414,China,中國,14,critical,7,0,,0,taiwan-matsu-no-4;taiwan-penghu-kinmen-matsu-no-2-tpkm2;taiwan-penghu-kinmen-matsu-no-3-tpkm3,5.3,0,0,,,,,570.8,未觀測到靠港,24.312237,118.134867,eez,2026-09-07T10:32:14.025579+00:00
416000648,YNG MAN NO.1,fishing,,416,Taiwan,台灣,14,critical,7,16.0,3.1,0,apcn-2;eac-c2c;faster;southeast-asia-japan-cable-2-sjc2,0.0,0,0,正濱漁港 Zhengbin,2026-09-07T00:30:10.743445+00:00,,,0.9,,25.65629,121.89322,territorial_sea,2026-09-07T04:57:56.102287+00:00
416001571,JIA FWU CHERNG NO.1,fishing,,416,Taiwan,台灣,14,critical,1,9.0,2.9,0,eac-c2c;faster;southeast-asia-japan-cable-2-sjc2,0.0,0,0,八斗子漁港 Badouzi,2026-08-15T05:47:12.947340+00:00,,,531.3,,25.897168,121.971807,contiguous_zone,2026-09-07T00:30:10.743445+00:00
416003784,CHYUAN MEEI NO.168,fishing,,416,Taiwan,台灣,14,critical,7,4.9,0.7,0,apcn-2;eac-c2c;faster;southeast-asia-japan-cable-2-sjc2,0.0,0,0,長潭里漁港 Changtanli,2026-09-01T01:31:13.238497+00:00,,,101.7,,25.822068,122.068362,territorial_sea,2026-09-07T10:32:14.025579+00:00
416004828,SHENG HE FA,fishing,,416,Taiwan,台灣,14,critical,7,15.3,1.5,0,taiwan-penghu-kinmen-matsu-no-3-tpkm3,0.0,0,0,赤馬漁港 Chima,2026-08-18T17:18:44.348985+00:00,,,406.0,,23.498695,119.39118,internal_waters,2026-09-07T10:32:14.025579+00:00
416004901,JIN REEI YI NO.106,fishing,,416,Taiwan,台灣,14,critical,7,19.1,3.6,0,apcn-2;eac-c2c;faster;southeast-asia-japan-cable-2-sjc2,0.0,0,0,正濱漁港 Zhengbin,2026-09-07T00:30:10.743445+00:00,,,6.5,,25.806265,122.015613,territorial_sea,2026-09-07T10:32:14.025579+00:00
538010555,ROSEWOOD,cargo,,538,Marshall Is,馬紹爾群島,14,critical,7,10.0,0.8,0,flag-europe-asia-fea;flag-north-asia-loopreach-north-asia-loop;seamewe-3;southeast-asia-japan-cable-2-sjc2;taiwan-penghu-kinmen-matsu-no-2-tpkm2,11.5,0,0,台中港 Taichung,2026-09-05T15:42:59.107474+00:00,,,17.8,,20.729783,120.94875,eez,2026-09-06T12:28:17.682022+00:00
563147900,WAN HAI 292,cargo,,563,Singapore,新加坡,14,critical,7,11.4,0.1,1,apcn-2;eac-c2c;faster;taiwan-penghu-kinmen-matsu-no-2-tpkm2;taiwan-penghu-kinmen-matsu-no-3-tpkm3;trans-pacific-express-tpe-cable-system,0.0,0,0,前鎮漁港 Qianzhen,2026-08-27T10:02:50.170976+00:00,,,255.2,,25.16494,121.392532,internal_waters,2026-09-07T10:32:14.025579+00:00
563278100,COSCO PRINCE RUPERT,cargo,,563,Singapore,新加坡,14,critical,7,4.3,2.1,0,taiwan-penghu-kinmen-matsu-no-2-tpkm2;taiwan-penghu-kinmen-matsu-no-3-tpkm3,0.0,0,0,,,,,61.2,未觀測到靠港,27.26747,121.516242,eez,2026-09-06T04:52:03.960094+00:00
563287700,HAIPHONG EXPRESS,cargo,,563,Singapore,新加坡,14,critical,7,5.6,1.2,0,seamewe-3;southeast-asia-japan-cable-sjc;taiwan-penghu-kinmen-matsu-no-2-tpkm2,0.0,0,0,廈門 Xiamen,2026-08-24T04:13:24.721954+00:00,,,14.2,,25.83563,121.237277,eez,2026-08-24T19:22:01.181129+00:00
636025397,SHIRAYUKI,tanker,,636,Liberia,賴比瑞亞,14,critical,7,6.0,1.3,0,eac-c2c;flag-europe-asia-fea;flag-north-asia-loopreach-north-asia-loop;taiwan-matsu-no-4;taiwan-penghu-kinmen-matsu-no-3-tpkm3;taiwan-strait-express-1-tse-1,0.0,0,0,,,,,162.3,未觀測到靠港,21.229203,119.673302,eez,2026-08-19T07:12:47.553747+00:00
677025700,LONG AN,cargo,,677,Tanzania,坦尚尼亞,14,critical,7,0,,0,taiwan-penghu-kinmen-matsu-no-2-tpkm2,7.1,1,0,,,,,567.9,未觀測到靠港,22.8472,119.202613,contiguous_zone,2026-09-06T04:52:03.960094+00:00
231904000,SKIPANES,cargo,,231,Faroe Is,法羅群島,13,critical,7,7.3,0.6,0,taiwan-penghu-kinmen-matsu-no-2-tpkm2;taiwan-penghu-kinmen-matsu-no-3-tpkm3,2.2,1,0,,,同安灣/廈門灣北 Tongan,2026-09-05T00:28:43.331771+00:00,65.2,,24.526755,118.083007,eez,2026-09-07T10:32:14.025579+00:00
311002209,MMSI-311002209,cargo,,311,Bahamas,巴哈馬,13,critical,7,64.4,0.1,0,taiwan-penghu-kinmen-matsu-no-2-tpkm2;taiwan-penghu-kinmen-matsu-no-3-tpkm3;taiwan-strait-express-1-tse-1,2.7,1,0,廈門 Xiamen,2026-08-19T17:22:27.669589+00:00,,,10.6,,22.990913,117.4388,eez,2026-08-20T05:53:01.460793+00:00
352001978,SKOON A,cargo,,352,Panama,巴拿馬,13,critical,7,18.8,0.5,0,apcn-2;asia-united-gateway-east-aug-east;eac-c2c;flag-north-asia-loopreach-north-asia-loop;taiwan-matsu-no-4;taiwan-penghu-kinmen-matsu-no-3-tpkm3;trans-pacific-express-tpe-cable-system,4.2,0,0,,,,,578.5,未觀測到靠港,24.54574,122.448187,eez,2026-09-07T04:57:56.102287+00:00
355837000,ESTEEM ASTRO,tanker,,355,Panama,巴拿馬,13,critical,7,0,,0,seamewe-3,12.1,0,0,,,,,308.2,未觀測到靠港,21.771837,119.74062,eez,2026-08-28T05:01:48.482487+00:00
371930000,ASAKAZE,cargo,,371,Panama,巴拿馬,13,critical,7,7.6,0.1,0,apcn-2;eac-c2c,0.0,1,0,基隆港 Keelung,2026-08-31T05:49:54.519009+00:00,,,38.6,,23.1106,117.336318,eez,2026-09-02T04:48:40.622480+00:00
373448000,SEEDIQ BENEFIT,cargo,,373,Panama,巴拿馬,13,critical,7,8.7,2.3,0,apcn-2;asia-pacific-gateway-apg;eac-c2c;flag-north-asia-loopreach-north-asia-loop;h2-cable;hong-kong-americas-hka;new-cross-pacific-ncp-cable-system;orca;pacific-light-cable-network-plcn,0.0,1,0,蘇澳港 Suao,2026-08-30T00:54:50.080310+00:00,,,0.7,,24.72304,122.16887,contiguous_zone,2026-08-30T05:34:21.607312+00:00
412441014,MINLIANYU63458,fishing,,412,China,中國,13,critical,7,3.4,1.2,0,taiwan-penghu-kinmen-matsu-no-3-tpkm3;taiwan-strait-express-1-tse-1,0.0,0,0,,,,,213.3,未觀測到靠港,26.13592,119.78209,eez,2026-09-07T10:32:14.025579+00:00
412441149,00C,fishing,,412,China,中國,13,critical,7,4.1,2.7,0,taiwan-matsu-no-4;taiwan-penghu-kinmen-matsu-no-3-tpkm3;taiwan-strait-express-1-tse-1,0.0,0,0,,,,,328.7,未觀測到靠港,26.155107,120.111195,eez,2026-08-24T21:25:38.952973+00:00
412441225,58852,fishing,,412,China,中國,13,critical,7,9.7,0.9,0,taiwan-matsu-no-4;taiwan-penghu-kinmen-matsu-no-3-tpkm3,0.0,0,0,,,,,385.6,未觀測到靠港,26.2905,120.59197,eez,2026-09-07T10:32:14.025579+00:00
412441298,MINLIANYU68965,fishing,,412,China,中國,13,critical,7,7.8,1.6,0,taiwan-penghu-kinmen-matsu-no-3-tpkm3;taiwan-strait-express-1-tse-1,0.0,0,0,,,,,327.2,未觀測到靠港,24.67453,119.54609,eez,2026-09-05T00:28:43.331771+00:00
412441313,MIN LIAN YU 60458,fishing,,412,China,中國,13,critical,7,5.4,0.8,0,taiwan-penghu-kinmen-matsu-no-3-tpkm3,0.0,0,0,,,,,385.6,未觀測到靠港,26.23215,120.08293,eez,2026-09-07T10:32:14.025579+00:00
412441382,MIN LIAN YU 69997,fishing,,412,China,中國,13,critical,7,9.8,0.7,0,eac-c2c;taiwan-penghu-kinmen-matsu-no-2-tpkm2;taiwan-penghu-kinmen-matsu-no-3-tpkm3,0.0,0,0,,,,,337.6,未觀測到靠港,26.27657,121.59139,eez,2026-09-05T20:49:42.874052+00:00
412441472,MIN LIAN YU 61958,fishing,,412,China,中國,13,critical,7,15.7,2.7,0,taiwan-matsu-no-4;taiwan-penghu-kinmen-matsu-no-2-tpkm2;taiwan-penghu-kinmen-matsu-no-3-tpkm3;taiwan-strait-express-1-tse-1,0.0,0,0,,,,,360.6,未觀測到靠港,25.90541,120.38948,eez,2026-09-06T09:32:13.465682+00:00
412441574,MINLIANYU61598,fishing,,412,China,中國,13,critical,7,3.5,1.5,0,taiwan-matsu-no-4;taiwan-penghu-kinmen-matsu-no-3-tpkm3;taiwan-strait-express-1-tse-1,0.0,0,0,,,,,315.3,未觀測到靠港,25.93498,120.15642,eez,2026-09-07T04:57:56.102287+00:00
412441601,MINLIANYU61768,fishing,,412,China,中國,13,critical,7,13.0,2.6,0,taiwan-matsu-no-4;taiwan-penghu-kinmen-matsu-no-2-tpkm2;taiwan-penghu-kinmen-matsu-no-3-tpkm3;taiwan-strait-express-1-tse-1,0.0,0,0,,,,,367.0,未觀測到靠港,25.79181,120.32623,eez,2026-09-06T15:54:14.180092+00:00
412441628,MINLIANYU60013,fishing,,412,China,中國,13,critical,7,14.3,3.4,0,taiwan-matsu-no-4;taiwan-penghu-kinmen-matsu-no-3-tpkm3;taiwan-strait-express-1-tse-1,0.0,0,0,,,,,379.1,未觀測到靠港,25.85957,120.302,eez,2026-09-07T04:03:02.203275+00:00
412441655,MINLIANYU60487,fishing,,412,China,中國,13,critical,7,5.2,3.4,0,taiwan-matsu-no-4;taiwan-penghu-kinmen-matsu-no-2-tpkm2;taiwan-penghu-kinmen-matsu-no-3-tpkm3;taiwan-strait-express-1-tse-1,0.0,0,0,泉州 Quanzhou,2026-09-03T00:53:07.140559+00:00,,,78.3,,24.69733,118.99525,eez,2026-09-07T00:30:10.743445+00:00
412441675,MIN LIAN YU 61816,fishing,,412,China,中國,13,critical,7,13.7,1.9,0,taiwan-matsu-no-4;taiwan-penghu-kinmen-matsu-no-3-tpkm3,0.0,0,0,,,,,385.6,未觀測到靠港,26.03953,120.67045,eez,2026-09-07T10:32:14.025579+00:00
412441684,MIN LIAN YU 60981,fishing,,412,China,中國,13,critical,7,11.7,3.9,0,taiwan-matsu-no-4;taiwan-penghu-kinmen-matsu-no-3-tpkm3;taiwan-strait-express-1-tse-1,0.0,0,0,,,,,336.3,未觀測到靠港,26.12945,120.23674,eez,2026-08-24T05:07:50.163540+00:00
412441699,MIN LIAN YU 68888,fishing,,412,China,中國,13,critical,7,10.6,3.1,0,taiwan-matsu-no-4;taiwan-penghu-kinmen-matsu-no-2-tpkm2;taiwan-penghu-kinmen-matsu-no-3-tpkm3;taiwan-strait-express-1-tse-1,0.0,0,0,,,,,356.0,未觀測到靠港,25.88472,120.42425,eez,2026-09-06T04:52:03.960094+00:00
412441852,MINLIANYU60368,fishing,,412,China,中國,13,critical,7,12.0,3.2,0,taiwan-matsu-no-4;taiwan-penghu-kinmen-matsu-no-2-tpkm2;taiwan-penghu-kinmen-matsu-no-3-tpkm3;taiwan-strait-express-1-tse-1,0.0,0,0,,,,,534.4,未觀測到靠港,26.3694,119.934117,eez,2026-08-16T04:05:15.679402+00:00
412441943,MINLIANYU62195,fishing,,412,China,中國,13,critical,7,7.8,3.4,0,taiwan-matsu-no-4;taiwan-penghu-kinmen-matsu-no-3-tpkm3;taiwan-strait-express-1-tse-1,0.0,0,0,,,,,363.3,未觀測到靠港,26.27795,119.78486,eez,2026-09-07T00:30:10.743445+00:00
412441977,MINLIANYU61765,fishing,,412,China,中國,13,critical,7,3.3,2.9,0,taiwan-matsu-no-4;taiwan-penghu-kinmen-matsu-no-2-tpkm2;taiwan-penghu-kinmen-matsu-no-3-tpkm3;taiwan-strait-express-1-tse-1,0.0,0,0,,,,,380.1,未觀測到靠港,26.320432,119.881517,eez,2026-08-26T03:29:57.399731+00:00
412442103,MINLIANYU60939,fishing,,412,China,中國,13,critical,1,7.8,3.5,0,taiwan-matsu-no-4;taiwan-penghu-kinmen-matsu-no-3-tpkm3;taiwan-strait-express-1-tse-1,0.0,0,0,,,,,380.9,未觀測到靠港,25.82223,120.87809,eez,2026-09-07T04:03:02.203275+00:00
412442105,MINLIANYU68896,fishing,,412,China,中國,13,critical,7,15.4,1.7,0,taiwan-matsu-no-4;taiwan-penghu-kinmen-matsu-no-2-tpkm2;taiwan-penghu-kinmen-matsu-no-3-tpkm3,0.0,0,0,,,,,138.4,未觀測到靠港,26.32067,119.88243,eez,2026-08-28T11:34:06.990542+00:00
412442157,MINLIANYU60006,fishing,,412,China,中國,13,critical,7,18.4,3.4,0,taiwan-matsu-no-4;taiwan-penghu-kinmen-matsu-no-3-tpkm3;taiwan-strait-express-1-tse-1,0.0,0,0,,,,,379.1,未觀測到靠港,25.87073,120.28089,eez,2026-09-07T04:03:02.203275+00:00
412442209,MINLIANYU60091,fishing,,412,China,中國,13,critical,7,5.7,2.9,0,taiwan-matsu-no-4;taiwan-penghu-kinmen-matsu-no-3-tpkm3;taiwan-strait-express-1-tse-1,0.0,0,0,,,,,385.6,未觀測到靠港,25.80849,120.31526,eez,2026-09-07T10:32:14.025579+00:00
412442244,MINLIANYU62035,fishing,,412,China,中國,13,critical,1,8.3,3.6,0,taiwan-matsu-no-4;taiwan-penghu-kinmen-matsu-no-3-tpkm3;taiwan-strait-express-1-tse-1,0.0,0,0,,,,,371.6,未觀測到靠港,26.20305,119.81722,eez,2026-09-06T18:44:37.513907+00:00
412442245,MINLIANYU61716,fishing,,412,China,中國,13,critical,7,5.6,1.4,0,taiwan-matsu-no-4;taiwan-penghu-kinmen-matsu-no-2-tpkm2;taiwan-penghu-kinmen-matsu-no-3-tpkm3;taiwan-strait-express-1-tse-1,0.0,0,0,,,,,356.0,未觀測到靠港,25.93012,120.59093,eez,2026-09-06T04:52:03.960094+00:00
412442288,MINLIANYU60039,fishing,,412,China,中國,13,critical,7,5.8,2.2,0,taiwan-matsu-no-4;taiwan-penghu-kinmen-matsu-no-3-tpkm3;taiwan-strait-express-1-tse-1,0.0,0,0,,,,,355.2,未觀測到靠港,26.180145,120.158975,eez,2026-08-29T02:56:44.800599+00:00
412442515,MINXIAYU08221,fishing,,412,China,中國,13,critical,7,9.7,3.9,0,taiwan-strait-express-1-tse-1,0.0,0,0,,,,,364.9,未觀測到靠港,26.03393,119.76184,eez,2026-09-07T04:03:02.203275+00:00
412442766,MINLIANYU60058,fishing,,412,China,中國,13,critical,7,3.7,3.2,0,taiwan-matsu-no-4;taiwan-penghu-kinmen-matsu-no-2-tpkm2;taiwan-penghu-kinmen-matsu-no-3-tpkm3;taiwan-strait-express-1-tse-1,0.0,0,0,,,,,385.6,未觀測到靠港,25.896108,120.183612,eez,2026-08-24T13:42:25.715728+00:00
412443289,MINLIANYU60286,fishing,,412,China,中國,13,critical,7,9.8,3.1,0,taiwan-matsu-no-4;taiwan-penghu-kinmen-matsu-no-2-tpkm2;taiwan-penghu-kinmen-matsu-no-3-tpkm3;taiwan-strait-express-1-tse-1,0.0,0,0,,,,,385.6,未觀測到靠港,26.15702,121.07231,eez,2026-09-07T10:32:14.025579+00:00
412443513,MINLIANYU60967,fishing,,412,China,中國,13,critical,7,15.3,2.6,0,taiwan-matsu-no-4;taiwan-penghu-kinmen-matsu-no-3-tpkm3;taiwan-strait-express-1-tse-1,0.0,0,0,,,,,347.9,未觀測到靠港,25.85104,120.2646,eez,2026-09-05T20:49:42.874052+00:00
412443874,MINMINYU61222,fishing,,412,China,中國,13,critical,7,8.5,0.0,0,taiwan-strait-express-1-tse-1,0.0,0,0,福清灣/海壇 Fuqing,2026-08-25T12:38:09.106164+00:00,,,195.1,,25.92747,120.03066,eez,2026-09-07T00:30:10.743445+00:00
412443893,MINLIANYU61753,fishing,,412,China,中國,13,critical,7,9.7,1.6,0,taiwan-matsu-no-4;taiwan-penghu-kinmen-matsu-no-2-tpkm2;taiwan-penghu-kinmen-matsu-no-3-tpkm3;taiwan-strait-express-1-tse-1,0.0,0,0,,,,,365.9,未觀測到靠港,25.83616,120.33944,eez,2026-09-06T14:46:16.922285+00:00
412443943,MINFUZHOUYU65895,fishing,,412,China,中國,13,critical,7,19.7,1.4,0,taiwan-penghu-kinmen-matsu-no-3-tpkm3;taiwan-strait-express-1-tse-1,0.0,0,0,閩江口錨地 Minjiangkou,2026-08-25T09:06:24.201787+00:00,,,211.7,,25.94056,120.1745,eez,2026-09-06T22:39:12.217794+00:00
412444941,MIN LONG YU 60375,fishing,,412,China,中國,13,critical,1,3.9,3.4,0,taiwan-penghu-kinmen-matsu-no-2-tpkm2;taiwan-penghu-kinmen-matsu-no-3-tpkm3,0.0,0,0,,,,,338.3,未觀測到靠港,23.94165,118.64851,eez,2026-09-07T04:03:02.203275+00:00
412444966,MINLONGYU61699,fishing,,412,China,中國,13,critical,7,6.6,2.4,0,taiwan-penghu-kinmen-matsu-no-2-tpkm2;taiwan-penghu-kinmen-matsu-no-3-tpkm3,0.0,0,0,,,,,330.4,未觀測到靠港,23.96747,118.47227,eez,2026-09-06T22:39:12.217794+00:00
412446421,MINLIANYU62167,fishing,,412,China,中國,13,critical,7,8.1,3.7,0,taiwan-matsu-no-4;taiwan-penghu-kinmen-matsu-no-3-tpkm3;taiwan-strait-express-1-tse-1,0.0,0,0,,,,,385.6,未觀測到靠港,26.07226,119.96664,eez,2026-09-07T10:32:14.025579+00:00
412446878,MIN MIN YU 18998,fishing,,412,China,中國,13,critical,7,12.4,1.9,0,taiwan-strait-express-1-tse-1,0.0,0,0,閩江口錨地 Minjiangkou,2026-09-05T12:13:46.310257+00:00,,,37.7,,26.02241,119.77309,eez,2026-09-07T04:03:02.203275+00:00
412447521,MINLIANYU61717,fishing,,412,China,中國,13,critical,7,4.3,0.2,0,eac-c2c;taiwan-penghu-kinmen-matsu-no-2-tpkm2;taiwan-penghu-kinmen-matsu-no-3-tpkm3;trans-pacific-express-tpe-cable-system,0.0,0,0,,,,,345.6,未觀測到靠港,26.2117,121.5578,eez,2026-09-05T20:49:42.874052+00:00
412447554,MINLIANYU60403,fishing,,412,China,中國,13,critical,7,4.9,2.6,0,taiwan-matsu-no-4;taiwan-penghu-kinmen-matsu-no-2-tpkm2;taiwan-penghu-kinmen-matsu-no-3-tpkm3;taiwan-strait-express-1-tse-1,0.0,0,0,,,,,375.6,未觀測到靠港,25.77082,120.46958,eez,2026-09-07T00:30:10.743445+00:00
412447673,MINLIANYU68999,fishing,,412,China,中國,13,critical,1,4.1,3.1,0,taiwan-matsu-no-4;taiwan-penghu-kinmen-matsu-no-2-tpkm2;taiwan-strait-express-1-tse-1,0.0,0,0,,,,,377.4,未觀測到靠港,25.95245,120.78048,eez,2026-09-07T00:30:10.743445+00:00
412447678,01298,fishing,,412,China,中國,13,critical,7,14.1,3.0,0,taiwan-matsu-no-4;taiwan-penghu-kinmen-matsu-no-2-tpkm2;taiwan-penghu-kinmen-matsu-no-3-tpkm3;taiwan-strait-express-1-tse-1,0.0,0,0,,,,,385.6,未觀測到靠港,26.13173,120.99846,eez,2026-09-07T10:32:14.025579+00:00
412449838,MINLIANYU61636,fishing,,412,China,中國,13,critical,7,4.9,1.4,0,taiwan-matsu-no-4;taiwan-penghu-kinmen-matsu-no-2-tpkm2;taiwan-penghu-kinmen-matsu-no-3-tpkm3,0.0,0,0,,,,,327.6,未觀測到靠港,25.99754,121.11998,eez,2026-09-05T00:28:43.331771+00:00
412451317,MIN PING YU 61759,fishing,,412,China,中國,13,critical,7,4.7,3.2,0,eac-c2c;taiwan-matsu-no-4;taiwan-penghu-kinmen-matsu-no-2-tpkm2;taiwan-penghu-kinmen-matsu-no-3-tpkm3;taiwan-strait-express-1-tse-1;trans-pacific-express-tpe-cable-system,0.0,0,0,,,,,382.1,未觀測到靠港,25.8853,122.5368,eez,2026-09-07T10:32:14.025579+00:00
412451543,MIN SHI YU 06889,fishing,,412,China,中國,13,critical,7,4.3,1.4,0,eac-c2c;taiwan-matsu-no-4;taiwan-penghu-kinmen-matsu-no-2-tpkm2;taiwan-penghu-kinmen-matsu-no-3-tpkm3;taiwan-strait-express-1-tse-1,0.0,0,0,,,,,385.6,未觀測到靠港,25.99592,122.42873,eez,2026-09-07T10:32:14.025579+00:00
412451946,MIN SHI YU 06959,fishing,,412,China,中國,13,critical,7,5.1,2.8,0,e2a;eac-c2c;southeast-asia-japan-cable-2-sjc2;taiwan-matsu-no-4;taiwan-penghu-kinmen-matsu-no-2-tpkm2;taiwan-penghu-kinmen-matsu-no-3-tpkm3;taiwan-strait-express-1-tse-1;trans-pacific-express-tpe-cable-system,0.0,0,0,,,,,368.4,未觀測到靠港,25.87347,122.73564,eez,2026-09-07T10:32:14.025579+00:00
412510046,MINLONGWENYU65039,fishing,,412,China,中國,13,critical,7,7.3,0.7,0,cross-straits-cable-network,0.0,0,0,廈門 Xiamen,2026-08-29T07:12:39.299265+00:00,,,212.5,,24.45708,118.18825,eez,2026-09-07T10:32:14.025579+00:00
413218790,CHANGRUN229,cargo,,413,China,中國,13,critical,7,0,,0,taiwan-penghu-kinmen-matsu-no-2-tpkm2;taiwan-strait-express-1-tse-1,9.1,0,0,福州馬尾 Fuzhou-Mawei,2026-09-03T21:31:20.880272+00:00,,,82.0,,26.144952,119.74112,eez,2026-09-07T10:32:14.025579+00:00
413220620,MAO YUN 568,cargo,,413,China,中國,13,critical,7,10.1,0.8,0,apcn-2;taiwan-matsu-no-4;taiwan-penghu-kinmen-matsu-no-2-tpkm2;taiwan-penghu-kinmen-matsu-no-3-tpkm3;taiwan-strait-express-1-tse-1,0.0,0,0,,,,,328.7,未觀測到靠港,23.194492,116.84828,eez,2026-09-05T03:57:25.117144+00:00
416004028,DA LIU MEI NO.68,fishing,,416,Taiwan,台灣,13,critical,7,9.0,2.5,0,eac-c2c;trans-pacific-express-tpe-cable-system,0.0,0,0,淡水第一漁港 Tamsui1,2026-09-03T18:14:46.249326+00:00,淡水第一漁港 Tamsui1,2026-09-04T04:00:17.162565+00:00,3.0,,25.183707,121.410485,internal_waters,2026-09-07T10:32:14.025579+00:00
440493000,KMTC SINGAPORE,cargo,,440,Korea,韓國,13,critical,7,8.1,0.1,0,apcn-2;eac-c2c;faster;southeast-asia-japan-cable-2-sjc2;taiwan-penghu-kinmen-matsu-no-2-tpkm2;taiwan-penghu-kinmen-matsu-no-3-tpkm3;trans-pacific-express-tpe-cable-system,0.0,1,0,基隆港 Keelung,2026-09-01T05:22:35.528216+00:00,,,0.0,,26.344333,122.335,eez,2026-09-01T10:15:55.563560+00:00
441509000,NEW CHALLENGE,tanker,,441,Korea,韓國,13,critical,7,14.7,0.0,0,apcn-2;eac-c2c;trans-pacific-express-tpe-cable-system,0.0,1,0,台中港 Taichung,2026-08-31T01:00:40.959031+00:00,,,11.6,,25.8149,122.658917,eez,2026-08-31T16:32:04.528899+00:00
574006350,MMSI-574006350,tanker,,574,Vietnam,越南,13,critical,7,38.8,1.5,0,eac-c2c;taiwan-matsu-no-4;trans-pacific-express-tpe-cable-system,0.0,1,0,,,,,64.0,未觀測到靠港,22.82361,117.678733,eez,2026-08-15T04:53:28.629700+00:00
620800493,TIAN SHUN,cargo,,620,Comoros,葛摩,13,critical,7,6.2,1.1,0,apcn-2;eac-c2c;faster;southeast-asia-japan-cable-2-sjc2;taiwan-penghu-kinmen-matsu-no-2-tpkm2;trans-pacific-express-tpe-cable-system,0.0,1,0,,,,,307.9,未觀測到靠港,25.654878,121.832435,territorial_sea,2026-09-07T04:57:56.102287+00:00
631109543,FU YUN8,tanker,,631,Equ. Guinea,赤道幾內亞,13,critical,7,3.5,0.2,0,trans-pacific-express-tpe-cable-system,0.0,1,0,,,,,3.5,未觀測到靠港,25.8092,121.552652,eez,2026-08-14T23:13:03.942837+00:00
668116329,VENUS,tanker,,668,Sao Tome Principe,聖多美,13,critical,7,0,,0,,14.4,1,0,,,,,621.6,未觀測到靠港,22.689898,120.174305,internal_waters,2026-09-07T10:32:14.025579+00:00
205102000,MINERAL FRANCE,cargo,,205,Belgium,比利時,12,critical,7,0,,0,apcn-2,5.0,1,0,小港臨海新村漁港 Xiaogang,2026-09-03T03:58:51.917263+00:00,,,101.7,,22.54001,120.34587,internal_waters,2026-09-07T10:32:14.025579+00:00
219018692,MARY MAERSK,cargo,,219,Denmark,丹麥,12,critical,7,7.8,1.5,0,apcn-2;eac-c2c;flag-europe-asia-fea;hong-kong-americas-hka;new-cross-pacific-ncp-cable-system,1.6,1,0,,,,,68.5,未觀測到靠港,26.306033,122.844233,eez,2026-09-02T18:14:14.440762+00:00
241431000,MARAN HOPE,cargo,,241,Greece,希臘,12,critical,7,6.0,1.0,0,asia-pacific-gateway-apg;eac-c2c;flag-north-asia-loopreach-north-asia-loop;new-cross-pacific-ncp-cable-system;seamewe-3;southeast-asia-japan-cable-2-sjc2;taiwan-penghu-kinmen-matsu-no-2-tpkm2;taiwan-penghu-kinmen-matsu-no-3-tpkm3;taiwan-strait-express-1-tse-1;trans-pacific-express-tpe-cable-system,0.0,1,0,,,,,344.5,未觀測到靠港,24.1153,118.356488,eez,2026-09-07T10:32:14.025579+00:00
372522000,CSE WISDOM EXPRESS,cargo,,372,Panama,巴拿馬,12,critical,7,0,,0,apcn-2;eac-c2c;taiwan-penghu-kinmen-matsu-no-2-tpkm2;taiwan-penghu-kinmen-matsu-no-3-tpkm3;taiwan-strait-express-1-tse-1,8.9,1,0,小港臨海新村漁港 Xiaogang,2026-08-27T21:40:15.702771+00:00,,,172.7,,25.622338,122.610277,eez,2026-09-04T09:46:09.453323+00:00
373630000,AQUARIUS LEADER,cargo,,373,Panama,巴拿馬,12,critical,7,3.2,0.0,0,asia-pacific-gateway-apg;eac-c2c;flag-europe-asia-fea;h2-cable;trans-pacific-express-tpe-cable-system,0.0,1,0,,,,,274.4,未觀測到靠港,25.807845,121.579032,contiguous_zone,2026-09-03T18:14:46.249326+00:00
412270780,69566,fishing,,412,China,中國,12,critical,7,8.2,1.8,0,taiwan-penghu-kinmen-matsu-no-3-tpkm3,0.0,0,0,,,,,201.4,未觀測到靠港,26.11685,119.8504,eez,2026-08-30T18:16:08.308925+00:00
412362410,YOU HE,cargo,,412,China,中國,12,critical,7,12.3,0.3,0,taiwan-matsu-no-4;taiwan-penghu-kinmen-matsu-no-2-tpkm2;taiwan-penghu-kinmen-matsu-no-3-tpkm3;taiwan-strait-express-1-tse-1,0.0,0,0,泉州 Quanzhou,2026-08-26T04:10:06.436119+00:00,,,287.9,,24.938427,119.388312,eez,2026-09-07T04:57:56.102287+00:00
412441045,MINLIANYU60433,fishing,,412,China,中國,12,critical,7,6.3,1.8,0,taiwan-matsu-no-4;taiwan-penghu-kinmen-matsu-no-2-tpkm2;taiwan-penghu-kinmen-matsu-no-3-tpkm3;taiwan-strait-express-1-tse-1,0.0,0,0,,,,,385.6,未觀測到靠港,26.27683,120.98487,eez,2026-09-07T10:32:14.025579+00:00
412441076,MINLIANYU68858,fishing,,412,China,中國,12,critical,7,13.8,1.9,0,taiwan-matsu-no-4;taiwan-penghu-kinmen-matsu-no-3-tpkm3;taiwan-strait-express-1-tse-1,0.0,0,0,,,,,347.7,未觀測到靠港,25.90105,120.52891,eez,2026-09-06T04:52:03.960094+00:00
412441122,MINLIANYU60197,fishing,,412,China,中國,12,critical,1,8.9,0.8,0,taiwan-matsu-no-4;taiwan-penghu-kinmen-matsu-no-3-tpkm3,0.0,0,0,,,,,380.9,未觀測到靠港,26.27482,120.36851,eez,2026-09-07T04:03:02.203275+00:00
412441202,MINLIANYU60079,fishing,,412,China,中國,12,critical,7,15.2,2.3,0,taiwan-matsu-no-4;taiwan-penghu-kinmen-matsu-no-3-tpkm3;taiwan-strait-express-1-tse-1,0.0,0,0,,,,,385.6,未觀測到靠港,25.8852,120.33433,eez,2026-09-07T10:32:14.025579+00:00
412441212,MINLIANYU60162,fishing,,412,China,中國,12,critical,7,11.5,1.2,0,taiwan-penghu-kinmen-matsu-no-3-tpkm3,0.0,0,0,,,,,380.1,未觀測到靠港,26.27047,120.28409,eez,2026-09-07T04:57:56.102287+00:00
412441266,MINMINYU13777,fishing,,412,China,中國,12,critical,7,13.2,1.2,0,taiwan-strait-express-1-tse-1,0.0,0,0,閩江口錨地 Minjiangkou,2026-09-05T12:13:46.310257+00:00,,,37.2,,26.01561,119.75789,eez,2026-09-07T04:57:56.102287+00:00
412441291,MIN LIAN YU 61088,fishing,,412,China,中國,12,critical,7,15.2,1.1,0,taiwan-matsu-no-4;taiwan-penghu-kinmen-matsu-no-3-tpkm3,0.0,0,0,,,,,223.6,未觀測到靠港,26.13187,120.28142,eez,2026-09-07T10:32:14.025579+00:00
412441306,MINLIANYU60087,fishing,,412,China,中國,12,critical,7,5.7,3.4,0,taiwan-matsu-no-4;taiwan-penghu-kinmen-matsu-no-3-tpkm3;taiwan-strait-express-1-tse-1,0.0,0,0,閩江口錨地 Minjiangkou,2026-08-31T16:32:04.528899+00:00,,,95.3,,26.12876,120.27662,eez,2026-09-04T17:54:11.204189+00:00
412441409,MINLIANYU60075,fishing,,412,China,中國,12,critical,7,4.1,3.3,0,taiwan-matsu-no-4;taiwan-penghu-kinmen-matsu-no-3-tpkm3;taiwan-strait-express-1-tse-1,0.0,0,0,,,,,380.1,未觀測到靠港,25.95654,120.32039,eez,2026-09-07T04:57:56.102287+00:00
412441543,MINLIANYU60398,fishing,,412,China,中國,12,critical,7,3.8,3.3,0,taiwan-matsu-no-4;taiwan-penghu-kinmen-matsu-no-3-tpkm3;taiwan-strait-express-1-tse-1,0.0,0,0,,,,,385.6,未觀測到靠港,25.95818,120.95478,eez,2026-09-07T10:32:14.025579+00:00
412441632,MINLIANYU62138,fishing,,412,China,中國,12,critical,7,6.4,3.8,0,taiwan-matsu-no-4;taiwan-penghu-kinmen-matsu-no-3-tpkm3;taiwan-strait-express-1-tse-1,0.0,0,0,,,,,385.6,未觀測到靠港,26.06489,119.95228,eez,2026-09-07T10:32:14.025579+00:00
412441639,MINLIANYU60323,fishing,,412,China,中國,12,critical,7,4.3,3.2,0,taiwan-matsu-no-4;taiwan-penghu-kinmen-matsu-no-3-tpkm3;taiwan-strait-express-1-tse-1,0.0,0,0,,,,,379.1,未觀測到靠港,25.91194,120.33262,eez,2026-09-07T04:03:02.203275+00:00
412441719,MINLIANYUYUN60475,fishing,,412,China,中國,12,critical,7,16.3,0.7,0,taiwan-matsu-no-4;taiwan-penghu-kinmen-matsu-no-3-tpkm3,0.0,0,0,,,,,219.8,未觀測到靠港,26.23135,120.09425,eez,2026-09-07T10:32:14.025579+00:00
412441829,MINLIANYUYUN60333,fishing,,412,China,中國,12,critical,7,4.3,2.2,0,taiwan-matsu-no-4;taiwan-penghu-kinmen-matsu-no-2-tpkm2;taiwan-penghu-kinmen-matsu-no-3-tpkm3;taiwan-strait-express-1-tse-1,0.0,0,0,,,,,356.0,未觀測到靠港,25.89941,120.52021,eez,2026-09-06T04:52:03.960094+00:00
412441888,MINLIANYU60014,fishing,,412,China,中國,12,critical,7,14.3,3.4,0,taiwan-matsu-no-4;taiwan-penghu-kinmen-matsu-no-3-tpkm3;taiwan-strait-express-1-tse-1,0.0,0,0,,,,,379.1,未觀測到靠港,25.85906,120.299,eez,2026-09-07T04:03:02.203275+00:00
412441975,MINLIANYU60495,fishing,,412,China,中國,12,critical,1,9.6,2.9,0,taiwan-matsu-no-4;taiwan-penghu-kinmen-matsu-no-2-tpkm2;taiwan-strait-express-1-tse-1,0.0,0,0,,,,,375.5,未觀測到靠港,26.03236,120.96726,eez,2026-09-06T22:39:12.217794+00:00
412442126,MINLIANYUYUN61189,fishing,,412,China,中國,12,critical,1,5.3,0.5,0,taiwan-matsu-no-4;taiwan-penghu-kinmen-matsu-no-3-tpkm3,0.0,0,0,,,,,206.8,未觀測到靠港,26.10142,120.19082,eez,2026-09-07T04:03:02.203275+00:00
412442128,MINLIANYU60562,fishing,,412,China,中國,12,critical,7,7.5,2.3,0,taiwan-matsu-no-4;taiwan-penghu-kinmen-matsu-no-3-tpkm3,0.0,0,0,,,,,385.6,未觀測到靠港,26.25923,120.6208,eez,2026-09-07T10:32:14.025579+00:00
412442306,MINLIANYU60905,fishing,,412,China,中國,12,critical,7,10.8,0.7,0,taiwan-matsu-no-4;taiwan-penghu-kinmen-matsu-no-3-tpkm3,0.0,0,0,,,,,385.6,未觀測到靠港,26.10058,120.03702,eez,2026-09-07T10:32:14.025579+00:00
412442336,MINLIANYU60010,fishing,,412,China,中國,12,critical,7,5.7,3.0,0,taiwan-matsu-no-4;taiwan-penghu-kinmen-matsu-no-3-tpkm3;taiwan-strait-express-1-tse-1,0.0,0,0,,,,,380.1,未觀測到靠港,25.80332,120.28539,eez,2026-09-07T04:57:56.102287+00:00
412442368,MINLIANYU61728,fishing,,412,China,中國,12,critical,7,4.5,3.2,0,taiwan-matsu-no-4;taiwan-penghu-kinmen-matsu-no-3-tpkm3;taiwan-strait-express-1-tse-1,0.0,0,0,,,,,385.6,未觀測到靠港,26.31754,119.88225,eez,2026-09-07T10:32:14.025579+00:00
412442808,MINCHANGYU23037,fishing,,412,China,中國,12,critical,7,44.2,1.8,1,taiwan-penghu-kinmen-matsu-no-3-tpkm3;taiwan-strait-express-1-tse-1,0.0,0,0,,,,,385.2,未觀測到靠港,26.06228,120.05788,eez,2026-09-07T10:32:14.025579+00:00
412443038,MINLIANYU60903,fishing,,412,China,中國,12,critical,7,17.5,3.1,0,taiwan-matsu-no-4;taiwan-penghu-kinmen-matsu-no-2-tpkm2;taiwan-penghu-kinmen-matsu-no-3-tpkm3;taiwan-strait-express-1-tse-1,0.0,0,0,,,,,385.6,未觀測到靠港,26.01673,120.93484,eez,2026-09-07T10:32:14.025579+00:00
412443321,MINLIANYU60224,fishing,,412,China,中國,12,critical,7,4.0,2.5,0,taiwan-matsu-no-4;taiwan-penghu-kinmen-matsu-no-3-tpkm3;taiwan-strait-express-1-tse-1,0.0,0,0,,,,,385.6,未觀測到靠港,26.03973,120.36457,eez,2026-09-07T10:32:14.025579+00:00
412443433,MINLIANYU60413,fishing,,412,China,中國,12,critical,7,3.6,3.4,0,taiwan-matsu-no-4;taiwan-penghu-kinmen-matsu-no-2-tpkm2;taiwan-penghu-kinmen-matsu-no-3-tpkm3;taiwan-strait-express-1-tse-1,0.0,0,0,,,,,372.1,未觀測到靠港,25.82005,120.61055,eez,2026-09-06T20:57:13.599682+00:00
412444273,MINLONGYU09857,fishing,,412,China,中國,12,critical,7,6.8,2.1,0,taiwan-penghu-kinmen-matsu-no-2-tpkm2;taiwan-penghu-kinmen-matsu-no-3-tpkm3,0.0,0,0,廈門 Xiamen,2026-08-25T01:57:17.245352+00:00,,,103.5,,24.40691,117.97055,eez,2026-09-02T03:59:47.596863+00:00
412444291,61068,fishing,,412,China,中國,12,critical,7,3.8,3.4,0,taiwan-penghu-kinmen-matsu-no-2-tpkm2;taiwan-penghu-kinmen-matsu-no-3-tpkm3,0.0,0,0,,,,,368.4,未觀測到靠港,23.98168,118.62748,eez,2026-09-07T10:32:14.025579+00:00
412444365,MINLONGYU61252,fishing,,412,China,中國,12,critical,7,4.5,3.3,0,taiwan-penghu-kinmen-matsu-no-2-tpkm2;taiwan-penghu-kinmen-matsu-no-3-tpkm3,0.0,0,0,,,,,318.1,未觀測到靠港,23.92447,118.50151,eez,2026-09-06T09:32:13.465682+00:00
412444738,MINLIANYU60255,fishing,,412,China,中國,12,critical,7,6.8,1.1,0,taiwan-matsu-no-4;taiwan-penghu-kinmen-matsu-no-3-tpkm3;taiwan-strait-express-1-tse-1,0.0,0,0,,,,,385.6,未觀測到靠港,26.15195,120.49256,eez,2026-09-07T10:32:14.025579+00:00
412444765,MINLONGYU62168,fishing,,412,China,中國,12,critical,7,3.3,2.8,0,taiwan-penghu-kinmen-matsu-no-3-tpkm3,0.0,0,0,廈門 Xiamen,2026-09-04T09:46:09.453323+00:00,,,69.5,,24.1095,118.43566,eez,2026-09-07T10:32:14.025579+00:00
412444903,MINLIANYUYUN65866,fishing,,412,China,中國,12,critical,7,6.8,2.4,0,taiwan-matsu-no-4;taiwan-penghu-kinmen-matsu-no-2-tpkm2;taiwan-penghu-kinmen-matsu-no-3-tpkm3;taiwan-strait-express-1-tse-1,0.0,0,0,,,,,380.1,未觀測到靠港,25.90584,120.2998,eez,2026-09-07T04:57:56.102287+00:00
412444982,MINLIANYU66577,fishing,,412,China,中國,12,critical,1,17.9,3.2,0,taiwan-matsu-no-4;taiwan-penghu-kinmen-matsu-no-2-tpkm2;taiwan-strait-express-1-tse-1,0.0,0,0,,,,,380.9,未觀測到靠港,26.36369,121.00512,eez,2026-09-07T04:03:02.203275+00:00
412445105,MINLONGYU61191,fishing,,412,China,中國,12,critical,7,3.3,4.0,0,taiwan-penghu-kinmen-matsu-no-2-tpkm2;taiwan-penghu-kinmen-matsu-no-3-tpkm3,0.0,0,0,,,,,357.1,未觀測到靠港,24.07274,118.64343,eez,2026-09-07T10:32:14.025579+00:00
412445501,MINLIANYU60965,fishing,,412,China,中國,12,critical,7,12.2,3.1,0,taiwan-matsu-no-4;taiwan-penghu-kinmen-matsu-no-2-tpkm2;taiwan-penghu-kinmen-matsu-no-3-tpkm3;taiwan-strait-express-1-tse-1,0.0,0,0,,,,,385.6,未觀測到靠港,26.19148,120.96647,eez,2026-09-07T10:32:14.025579+00:00
412445633,MIN MIN YU 11008,fishing,,412,China,中國,12,critical,7,6.9,1.3,0,taiwan-strait-express-1-tse-1,0.0,0,0,,,,,363.3,未觀測到靠港,26.06658,119.74082,eez,2026-09-07T00:30:10.743445+00:00
412445751,MINLIANYU60463,fishing,,412,China,中國,12,critical,7,8.2,1.7,0,taiwan-penghu-kinmen-matsu-no-3-tpkm3,0.0,0,0,,,,,223.6,未觀測到靠港,26.22194,120.14844,eez,2026-09-07T10:32:14.025579+00:00
412445779,MINLIANYU60482,fishing,,412,China,中國,12,critical,1,7.9,3.4,0,taiwan-matsu-no-4;taiwan-penghu-kinmen-matsu-no-2-tpkm2;taiwan-strait-express-1-tse-1,0.0,0,0,,,,,380.9,未觀測到靠港,26.05391,120.96787,eez,2026-09-07T04:03:02.203275+00:00
412445999,MINLIANYU60951,fishing,,412,China,中國,12,critical,7,5.0,3.3,0,taiwan-matsu-no-4;taiwan-penghu-kinmen-matsu-no-2-tpkm2;taiwan-penghu-kinmen-matsu-no-3-tpkm3;taiwan-strait-express-1-tse-1,0.0,0,0,,,,,385.6,未觀測到靠港,25.79294,120.81087,eez,2026-09-07T10:32:14.025579+00:00
412446169,MINLONGYUYUN60798,fishing,,412,China,中國,12,critical,7,3.9,2.2,0,taiwan-penghu-kinmen-matsu-no-3-tpkm3,0.0,0,0,,,,,366.4,未觀測到靠港,24.31621,118.13201,eez,2026-09-07T10:32:14.025579+00:00
412447648,MIN LIAN YU 60478,fishing,,412,China,中國,12,critical,1,6.1,2.6,0,taiwan-matsu-no-4;taiwan-penghu-kinmen-matsu-no-2-tpkm2;taiwan-strait-express-1-tse-1,0.0,0,0,,,,,380.9,未觀測到靠港,26.14024,121.04112,eez,2026-09-07T04:03:02.203275+00:00
412447651,MINLIANYU63853,fishing,,412,China,中國,12,critical,7,3.8,3.3,0,taiwan-matsu-no-4;taiwan-penghu-kinmen-matsu-no-2-tpkm2;taiwan-penghu-kinmen-matsu-no-3-tpkm3,0.0,0,0,,,,,320.7,未觀測到靠港,26.26472,121.30893,eez,2026-09-05T03:57:25.117144+00:00
412449534,MINLIANYUYUN60382,fishing,,412,China,中國,12,critical,7,6.6,3.1,0,taiwan-matsu-no-4;taiwan-penghu-kinmen-matsu-no-3-tpkm3;taiwan-strait-express-1-tse-1,0.0,0,0,,,,,385.6,未觀測到靠港,25.81695,120.69318,eez,2026-09-07T10:32:14.025579+00:00
412450651,MINSHIYU07817,fishing,,412,China,中國,12,critical,7,4.5,3.6,0,taiwan-penghu-kinmen-matsu-no-2-tpkm2;taiwan-penghu-kinmen-matsu-no-3-tpkm3,0.0,0,0,,,,,322.8,未觀測到靠港,24.38129,118.63954,eez,2026-09-06T15:54:14.180092+00:00
412450885,MINLIANYU62165,fishing,,412,China,中國,12,critical,1,9.2,3.7,0,taiwan-matsu-no-4;taiwan-penghu-kinmen-matsu-no-3-tpkm3;taiwan-strait-express-1-tse-1,0.0,0,0,,,,,371.6,未觀測到靠港,26.07773,119.87005,eez,2026-09-06T18:44:37.513907+00:00
412451747,MINLONGYU63817,fishing,,412,China,中國,12,critical,1,6.4,2.1,0,taiwan-penghu-kinmen-matsu-no-2-tpkm2;taiwan-penghu-kinmen-matsu-no-3-tpkm3,0.0,0,0,廈門 Xiamen,2026-08-25T01:57:17.245352+00:00,,,233.1,,24.32471,118.1157,eez,2026-09-07T04:03:02.203275+00:00
412452682,MINLIANYU62376,fishing,,412,China,中國,12,critical,1,3.0,4.0,0,taiwan-penghu-kinmen-matsu-no-3-tpkm3;taiwan-strait-express-1-tse-1,0.0,0,0,,,,,373.8,未觀測到靠港,26.27565,119.78773,eez,2026-09-06T20:57:13.599682+00:00
412493471,MINLIANYUYUN60053,fishing,,412,China,中國,12,critical,7,7.5,2.1,0,taiwan-matsu-no-4;taiwan-penghu-kinmen-matsu-no-3-tpkm3;taiwan-strait-express-1-tse-1,0.0,0,0,,,,,373.8,未觀測到靠港,26.37334,119.94881,eez,2026-09-06T22:39:12.217794+00:00
412494384,MINLIANYU60295,fishing,,412,China,中國,12,critical,7,8.1,3.3,0,taiwan-matsu-no-4;taiwan-penghu-kinmen-matsu-no-2-tpkm2;taiwan-penghu-kinmen-matsu-no-3-tpkm3;taiwan-strait-express-1-tse-1,0.0,0,0,,,,,380.1,未觀測到靠港,26.38592,119.94418,eez,2026-09-07T04:57:56.102287+00:00
412510055,MINLONGWENYU65152,high_speed,,412,China,中國,12,critical,7,6.5,0.8,0,cross-straits-cable-network,0.0,0,0,,,,,340.5,未觀測到靠港,24.45765,118.18974,eez,2026-09-07T10:32:14.025579+00:00
413046020,DONGHAIJIU113,rescue,rescue,413,China,中國,12,critical,7,7.3,1.1,0,taiwan-penghu-kinmen-matsu-no-2-tpkm2;taiwan-penghu-kinmen-matsu-no-3-tpkm3,0.0,0,0,廈門 Xiamen,2026-09-02T15:49:23.030399+00:00,廈門 Xiamen,2026-09-05T00:28:43.331771+00:00,50.9,,24.48565,118.06907,eez,2026-09-07T10:32:14.025579+00:00
413208740,FU XING 9,cargo,,413,China,中國,12,critical,7,4.8,1.0,0,taiwan-penghu-kinmen-matsu-no-3-tpkm3,0.0,0,0,,,,,44.8,未觀測到靠港,23.303438,117.287907,eez,2026-08-31T21:41:57.448444+00:00
413209050,HUA XU DA 27,cargo,,413,China,中國,12,critical,7,7.4,0.1,0,apcn-2;seamewe-3;taiwan-matsu-no-4;taiwan-penghu-kinmen-matsu-no-2-tpkm2;taiwan-penghu-kinmen-matsu-no-3-tpkm3;taiwan-strait-express-1-tse-1,0.0,0,0,汕頭港外 Shantou-appr,2026-08-14T21:17:18.721815+00:00,,,485.2,,26.76112,120.733658,eez,2026-09-07T00:30:10.743445+00:00
413225190,YONG SHENG 689,cargo,,413,China,中國,12,critical,7,0,,0,,9.7,0,0,,,,,621.6,未觀測到靠港,26.446945,119.915307,eez,2026-09-07T10:32:14.025579+00:00
413234780,LIAN SHENG 589,cargo,,413,China,中國,12,critical,1,0,,0,,10.0,0,0,,,,,615.1,未觀測到靠港,26.439828,119.85744,eez,2026-09-07T04:03:02.203275+00:00
413286420,HUA YI 005,cargo,,413,China,中國,12,critical,7,4.1,0.4,0,asia-direct-cable-adc;taiwan-penghu-kinmen-matsu-no-3-tpkm3,0.0,0,0,汕頭港外 Shantou-appr,2026-08-30T00:54:50.080310+00:00,,,35.6,,27.005148,120.458983,eez,2026-08-31T16:32:04.528899+00:00
413295960,QING YUN HE,cargo,,413,China,中國,12,critical,7,5.4,2.1,0,apcn-2;asia-united-gateway-east-aug-east;eac-c2c;seamewe-3;southeast-asia-japan-cable-2-sjc2;taiwan-penghu-kinmen-matsu-no-2-tpkm2;taiwan-penghu-kinmen-matsu-no-3-tpkm3,0.0,0,0,小港臨海新村漁港 Xiaogang,2026-09-07T04:57:56.102287+00:00,,,0.0,,22.353183,119.848225,contiguous_zone,2026-09-07T10:32:14.025579+00:00
413305640,ZHONG HAI YOU 668,tanker,,413,China,中國,12,critical,7,28.0,0.3,0,taiwan-penghu-kinmen-matsu-no-2-tpkm2;taiwan-penghu-kinmen-matsu-no-3-tpkm3;taiwan-strait-express-1-tse-1,0.0,0,0,閩江口錨地 Minjiangkou,2026-08-30T15:52:29.078583+00:00,,,178.7,,26.409747,119.92564,eez,2026-09-07T04:57:56.102287+00:00
413377790,ZHONG HAI YOU 528,tanker,,413,China,中國,12,critical,7,28.0,0.3,0,taiwan-penghu-kinmen-matsu-no-3-tpkm3;taiwan-strait-express-1-tse-1,0.0,0,0,福州馬尾 Fuzhou-Mawei,2026-08-20T09:24:24.533721+00:00,莆田湄洲灣 Putian,2026-09-03T00:53:07.140559+00:00,320.9,,25.100312,119.137137,eez,2026-09-07T04:57:56.102287+00:00
413499380,YI HAI SHEN ZHOU,cargo,,413,China,中國,12,critical,1,4.3,0.3,0,taiwan-matsu-no-4;taiwan-penghu-kinmen-matsu-no-3-tpkm3,5.4,0,0,,,,,462.6,未觀測到靠港,27.020477,120.927867,eez,2026-08-31T16:32:04.528899+00:00
413501690,XIN JIN HANG 168,cargo,,413,China,中國,12,critical,7,13.4,0.7,0,taiwan-matsu-no-4;taiwan-penghu-kinmen-matsu-no-2-tpkm2;taiwan-penghu-kinmen-matsu-no-3-tpkm3,7.7,0,0,廈門 Xiamen,2026-09-05T04:42:29.611877+00:00,,,46.3,,26.73025,120.683833,eez,2026-09-07T10:32:14.025579+00:00
413534920,FEI HONG DA 17,cargo,,413,China,中國,12,critical,7,5.9,0.1,0,apcn-2;seamewe-3;southeast-asia-japan-cable-sjc;taiwan-matsu-no-4;taiwan-penghu-kinmen-matsu-no-2-tpkm2;taiwan-penghu-kinmen-matsu-no-3-tpkm3;taiwan-strait-express-1-tse-1,0.0,0,0,汕頭港外 Shantou-appr,2026-08-31T18:36:53.316921+00:00,,,30.3,,27.512702,121.332383,eez,2026-09-02T03:59:47.596863+00:00
413700560,DING XIANG 7,cargo,,413,China,中國,12,critical,7,6.4,0.2,0,taiwan-penghu-kinmen-matsu-no-2-tpkm2;taiwan-penghu-kinmen-matsu-no-3-tpkm3;taiwan-strait-express-1-tse-1,0.0,0,0,廈門 Xiamen,2026-08-24T09:36:53.209692+00:00,,,325.2,,24.72109,118.74356,eez,2026-09-07T00:30:10.743445+00:00
416000427,DER SHUEN 26,fishing,,416,Taiwan,台灣,12,critical,7,4.2,2.0,0,apcn-2;eac-c2c;faster;southeast-asia-japan-cable-2-sjc2,0.0,0,0,野柳漁港 Yehliu,2026-09-04T21:09:37.313817+00:00,,,0.0,,25.436892,121.646107,territorial_sea,2026-09-07T10:32:14.025579+00:00
416001071,YIH DAH NO.168,fishing,,416,Taiwan,台灣,12,critical,7,31.5,3.1,0,apcn-2;eac-c2c;faster;southeast-asia-japan-cable-2-sjc2,0.0,0,0,正濱漁港 Zhengbin,2026-09-07T00:30:10.743445+00:00,,,0.9,,25.427067,121.83599,internal_waters,2026-09-07T04:57:56.102287+00:00
416004454,JIN ROEI YIH NO.66,fishing,,416,Taiwan,台灣,12,critical,1,31.9,3.2,0,eac-c2c;faster;southeast-asia-japan-cable-2-sjc2,0.0,0,0,正濱漁港 Zhengbin,2026-09-06T14:46:16.922285+00:00,,,0.0,,25.371993,121.803352,internal_waters,2026-09-07T04:03:02.203275+00:00
416068856,CTR-TT0144,fishing,,416,Taiwan,台灣,12,critical,1,9.2,0.0,1,asia-united-gateway-east-aug-east,0.0,0,0,伽藍漁港 Fugang,2026-09-06T20:57:13.599682+00:00,,,5.4,,22.339595,120.894528,internal_waters,2026-09-07T04:03:02.203275+00:00
477113800,CUL XIAMEN,cargo,,477,Hong Kong,香港,12,critical,7,6.6,0.1,0,eac-c2c;taiwan-penghu-kinmen-matsu-no-2-tpkm2;taiwan-penghu-kinmen-matsu-no-3-tpkm3;taiwan-strait-express-1-tse-1;trans-pacific-express-tpe-cable-system,0.0,0,0,小港臨海新村漁港 Xiaogang,2026-09-04T21:09:37.313817+00:00,,,44.5,,27.16226,121.066,eez,2026-09-06T20:57:13.599682+00:00
477252900,HUA SHENG HAI,cargo,,477,Hong Kong,香港,12,critical,7,42.3,0.1,0,apcn-2;asia-united-gateway-east-aug-east;candle;e2a;eac-c2c;flag-europe-asia-fea;flag-north-asia-loopreach-north-asia-loop;pacific-light-cable-network-plcn;taiwan-matsu-no-4;taiwan-penghu-kinmen-matsu-no-3-tpkm3,0.0,0,0,台北港 Taipei,2026-08-29T18:01:43.259492+00:00,,,20.9,,23.398147,117.778047,eez,2026-08-30T18:16:08.308925+00:00
477335300,JOSCO FUZHOU,cargo,,477,Hong Kong,香港,12,critical,7,9.6,0.9,0,apcn-2;asia-pacific-gateway-apg;asia-united-gateway-east-aug-east;eac-c2c;faster;orca;taiwan-matsu-no-4;taiwan-penghu-kinmen-matsu-no-2-tpkm2;taiwan-penghu-kinmen-matsu-no-3-tpkm3;taiwan-strait-express-1-tse-1;trans-pacific-express-tpe-cable-system,0.0,0,0,,,,,349.7,未觀測到靠港,23.625792,122.717607,eez,2026-09-06T04:52:03.960094+00:00
477928900,BOHAI STAR,cargo,,477,Hong Kong,香港,12,critical,7,3.8,2.5,0,faster;taiwan-matsu-no-4;taiwan-penghu-kinmen-matsu-no-2-tpkm2;taiwan-penghu-kinmen-matsu-no-3-tpkm3;taiwan-strait-express-1-tse-1,0.0,0,0,福州馬尾 Fuzhou-Mawei,2026-09-02T00:40:45.000416+00:00,,,0.8,,26.110167,119.927798,eez,2026-09-02T04:48:40.622480+00:00
511101561,DATU HONOR,cargo,,511,Palau,帛琉,12,critical,7,18.0,0.3,0,taiwan-matsu-no-4;taiwan-penghu-kinmen-matsu-no-2-tpkm2;taiwan-penghu-kinmen-matsu-no-3-tpkm3;taiwan-strait-express-1-tse-1,0.0,1,0,,,,,339.9,未觀測到靠港,26.14715,120.725283,eez,2026-08-28T21:39:12.654619+00:00
538007622,NAVIOS VERDE,cargo,,538,Marshall Is,馬紹爾群島,12,critical,7,11.3,2.4,0,apcn-2;eac-c2c;southeast-asia-japan-cable-2-sjc2,0.0,0,0,基隆港 Keelung,2026-08-24T15:29:51.857744+00:00,,,16.0,,23.525518,118.221613,eez,2026-08-25T09:25:20.380906+00:00
538011332,SEAWAYS MIA,tanker,,538,Marshall Is,馬紹爾群島,12,critical,1,11.2,0.3,0,eac-c2c;taiwan-matsu-no-4;taiwan-penghu-kinmen-matsu-no-3-tpkm3,0.0,0,0,深澳漁港 Shenao,2026-09-04T04:48:11.480190+00:00,,,66.3,,22.535115,120.239973,internal_waters,2026-09-07T04:03:02.203275+00:00
563159700,WAN HAI 295,cargo,,563,Singapore,新加坡,12,critical,7,9.0,0.0,0,eac-c2c;faster;taiwan-penghu-kinmen-matsu-no-2-tpkm2;taiwan-penghu-kinmen-matsu-no-3-tpkm3;trans-pacific-express-tpe-cable-system,0.0,0,0,麗水漁港 Lishui,2026-09-06T18:44:37.513907+00:00,,,13.6,,25.219535,120.886107,contiguous_zone,2026-09-07T10:32:14.025579+00:00
563181800,XING LE HAI,cargo,,563,Singapore,新加坡,12,critical,7,14.1,1.1,0,apcn-2;asia-united-gateway-east-aug-east;candle;flag-north-asia-loopreach-north-asia-loop;h2-cable;orca,5.4,0,0,,,,,138.3,未觀測到靠港,22.393157,122.476575,eez,2026-08-18T07:11:52.708160+00:00
564882000,NEXUS,tanker,,564,Singapore,新加坡,12,critical,7,15.5,0.0,0,eac-c2c;flag-north-asia-loopreach-north-asia-loop;new-cross-pacific-ncp-cable-system;seamewe-3;taiwan-matsu-no-4;taiwan-penghu-kinmen-matsu-no-2-tpkm2;taiwan-strait-express-1-tse-1;trans-pacific-express-tpe-cable-system,0.0,0,0,台北港 Taipei,2026-08-26T05:01:47.083353+00:00,,,80.1,,21.571322,119.948637,eez,2026-08-29T14:05:09.589216+00:00
630001330,JIN DE 5,cargo,,630,Guinea-Bissau,幾內亞比索,12,critical,7,22.2,0.1,0,flag-north-asia-loopreach-north-asia-loop;taiwan-matsu-no-4;taiwan-penghu-kinmen-matsu-no-2-tpkm2;taiwan-penghu-kinmen-matsu-no-3-tpkm3,0.0,1,0,前鎮漁港 Qianzhen,2026-08-23T09:18:24.059147+00:00,,,359.3,,26.7708,119.722417,eez,2026-09-07T10:32:14.025579+00:00
636018870,GREEN K-MAX 5,cargo,,636,Liberia,賴比瑞亞,12,critical,7,3.9,2.2,0,apcn-2;asia-united-gateway-east-aug-east,6.5,0,0,,,,,164.3,未觀測到靠港,24.301948,121.764732,internal_waters,2026-09-07T10:32:14.025579+00:00
636026257,MADAGASCARPROSPERITY,tanker,,636,Liberia,賴比瑞亞,12,critical,7,5.1,0.7,0,taiwan-penghu-kinmen-matsu-no-2-tpkm2;taiwan-penghu-kinmen-matsu-no-3-tpkm3,2.2,0,0,,,,,96.6,未觀測到靠港,25.278717,120.777097,contiguous_zone,2026-09-05T14:24:01.115311+00:00
667001329,FOOK     YUEN,tanker,,667,Sierra Leone,獅子山,12,critical,7,0,,0,taiwan-penghu-kinmen-matsu-no-3-tpkm3,7.1,1,0,,,,,588.9,未觀測到靠港,22.706475,120.181227,internal_waters,2026-09-07T10:32:14.025579+00:00
667001581,HONG TAI,tanker,,667,Sierra Leone,獅子山,12,critical,7,19.0,0.4,0,eac-c2c,0.0,1,0,,,,,615.1,未觀測到靠港,25.076185,120.675353,contiguous_zone,2026-09-07T04:03:02.203275+00:00
677011100,HAI FA,cargo,,677,Tanzania,坦尚尼亞,12,critical,7,0,,0,taiwan-penghu-kinmen-matsu-no-2-tpkm2,15.0,1,0,,,安平商港區 Anping-basin,2026-09-05T12:13:46.310257+00:00,566.5,,22.978467,120.173707,internal_waters,2026-09-07T10:32:14.025579+00:00
