mmsi,name,vessel_type,gov_category,flag_mid,flag_en,flag_zh,max_risk_score,risk_level,days_seen,cable_loiter_hours,cable_loiter_avg_speed_kn,cable_loiter_events,cables_nearby,offshore_loiter_days,non_top10_flag,sanctioned,departure_port,departure_time_utc,arrival_port,arrival_time_utc,time_at_sea_hours,time_at_sea_note,last_lat,last_lon,last_zone,last_seen_utc
412522610,YING HAI 59,cargo,,412,China,中國,31,critical,7,66.8,0.3,0,taiwan-penghu-kinmen-matsu-no-2-tpkm2;taiwan-penghu-kinmen-matsu-no-3-tpkm3,4.3,0,0,莆田湄洲灣 Putian,2026-09-19T04:48:00.298551+00:00,,,13.2,,23.514088,119.63284,internal_waters,2026-09-21T04:27:30.978051+00:00
413000000,CCC,cargo,,413,China,中國,31,critical,7,5.6,2.5,0,asia-pacific-gateway-apg;flag-north-asia-loopreach-north-asia-loop;h2-cable;taiwan-penghu-kinmen-matsu-no-2-tpkm2;taiwan-penghu-kinmen-matsu-no-3-tpkm3;taiwan-strait-express-1-tse-1,0.0,0,0,東港鹽埔漁港 Donggang,2026-09-20T17:48:31.226510+00:00,,,7.3,,26.13,119.718792,eez,2026-09-21T04:27:30.978051+00:00
413005665,SHUNXING056,cargo,,413,China,中國,28,critical,7,3.5,2.4,0,taiwan-strait-express-1-tse-1,0.0,0,0,,,,,846.5,未觀測到靠港,26.141322,119.77692,eez,2026-09-20T09:54:18.045676+00:00
413332760,HUI DE,cargo,,413,China,中國,28,critical,7,8.4,1.5,0,apcn-2;eac-c2c;faster;taiwan-matsu-no-4;taiwan-penghu-kinmen-matsu-no-2-tpkm2;taiwan-penghu-kinmen-matsu-no-3-tpkm3;taiwan-strait-express-1-tse-1;trans-pacific-express-tpe-cable-system,0.0,0,0,高雄港 Kaohsiung,2026-09-07T04:57:56.102287+00:00,,,329.9,,25.29173,121.830883,internal_waters,2026-09-21T04:27:30.978051+00:00
457119000,SAFCO,cargo,,457,Mongolia,蒙古,28,critical,7,0,,0,taiwan-penghu-kinmen-matsu-no-2-tpkm2;taiwan-penghu-kinmen-matsu-no-3-tpkm3,14.9,1,0,外垵漁港 Waian,2026-09-01T10:15:55.563560+00:00,,,470.7,,22.721793,120.171507,internal_waters,2026-09-21T04:27:30.978051+00:00
667001298,CHERRY 168,tanker,,667,Sierra Leone,獅子山,27,critical,7,13.6,2.0,0,eac-c2c;faster;taiwan-matsu-no-4;taiwan-penghu-kinmen-matsu-no-2-tpkm2;taiwan-penghu-kinmen-matsu-no-3-tpkm3;taiwan-strait-express-1-tse-1;trans-pacific-express-tpe-cable-system,6.0,1,0,麗水漁港 Lishui,2026-09-01T01:31:13.238497+00:00,,,479.8,,25.62255,121.765987,territorial_sea,2026-09-21T04:27:30.978051+00:00
667001430,DIANA,tanker,,667,Sierra Leone,獅子山,27,critical,7,2.7,,0,taiwan-penghu-kinmen-matsu-no-2-tpkm2,12.6,1,0,,,,,568.8,未觀測到靠港,22.736558,120.151605,internal_waters,2026-09-07T10:32:14.025579+00:00
671368100,LEONA NO.2,tanker,,671,Togo,多哥,27,critical,7,8.5,1.6,0,taiwan-penghu-kinmen-matsu-no-2-tpkm2;taiwan-penghu-kinmen-matsu-no-3-tpkm3,25.9,1,0,,,,,568.8,未觀測到靠港,22.754268,120.151642,internal_waters,2026-09-07T10:32:14.025579+00:00
412000000,14770,cargo,,412,China,中國,26,critical,7,2.4,,0,apcn-2;eac-c2c;faster;taiwan-matsu-no-4;taiwan-penghu-kinmen-matsu-no-2-tpkm2;taiwan-penghu-kinmen-matsu-no-3-tpkm3;taiwan-strait-express-1-tse-1;trans-pacific-express-tpe-cable-system,0.0,0,0,新港漁港 Xingang,2026-09-21T00:40:54.264899+00:00,,,0.0,,24.727125,119.39672,eez,2026-09-21T04:27:30.978051+00:00
412441932,MINLIANYUYUN62031,cargo,,412,China,中國,26,critical,7,7.4,0.9,2,taiwan-matsu-no-4;taiwan-penghu-kinmen-matsu-no-2-tpkm2;taiwan-penghu-kinmen-matsu-no-3-tpkm3;taiwan-strait-express-1-tse-1,0.0,0,0,,,,,835.6,未觀測到靠港,26.231367,119.825967,eez,2026-09-17T18:42:40.833805+00:00
412466829,66829,unknown,,412,China,中國,26,critical,7,9.8,3.1,2,taiwan-penghu-kinmen-matsu-no-3-tpkm3,0.0,0,0,,,,,672.2,未觀測到靠港,24.27019,118.63004,eez,2026-09-21T04:27:30.978051+00:00
412592490,HAI YANG 09,cargo,,412,China,中國,26,critical,7,7.7,2.4,0,cross-straits-cable-network;taiwan-penghu-kinmen-matsu-no-2-tpkm2;taiwan-penghu-kinmen-matsu-no-3-tpkm3,0.0,0,0,大嶝/圍頭灣 Weitou,2026-09-20T13:20:28.204361+00:00,大嶝/圍頭灣 Weitou,2026-09-21T00:40:54.264899+00:00,5.9,,24.531167,118.238507,eez,2026-09-21T04:27:30.978051+00:00
416168800,RONG BANG NO 5,special,,416,Taiwan,台灣,26,critical,4,59.5,0.1,0,taiwan-penghu-kinmen-matsu-no-3-tpkm3;taiwan-strait-express-1-tse-1,0.0,0,0,白沙漁港 Baisha,2026-09-19T22:35:05.123562+00:00,白沙漁港 Baisha,2026-09-21T04:27:30.978051+00:00,24.2,,26.210357,119.962975,eez,2026-09-21T04:27:30.978051+00:00
457900638,SHENGJIA,cargo,,457,Mongolia,蒙古,26,critical,7,0,,0,taiwan-penghu-kinmen-matsu-no-3-tpkm3,17.1,1,0,,,,,568.8,未觀測到靠港,22.718257,120.170963,internal_waters,2026-09-07T10:32:14.025579+00:00
477957600,DONG FANG XIAMEN,cargo,,477,Hong Kong,香港,26,critical,7,6.1,0.1,0,eac-c2c;taiwan-penghu-kinmen-matsu-no-2-tpkm2;taiwan-penghu-kinmen-matsu-no-3-tpkm3;taiwan-strait-express-1-tse-1,0.0,0,0,鳳鼻頭漁港 Fengbitou,2026-09-19T04:48:00.298551+00:00,,,39.0,,25.283883,119.629133,eez,2026-09-21T00:40:54.264899+00:00
608683405,83405,cargo,,608,Ascension Is,阿森松島,26,critical,7,6.8,3.5,2,taiwan-penghu-kinmen-matsu-no-3-tpkm3;taiwan-strait-express-1-tse-1,0.0,1,0,,,,,863.5,未觀測到靠港,25.89542,120.054222,eez,2026-09-21T04:27:30.978051+00:00
620999902,.MAGICIAN  66,cargo,,620,Comoros,葛摩,26,critical,7,59.8,2.4,0,eac-c2c;taiwan-matsu-no-4;taiwan-penghu-kinmen-matsu-no-2-tpkm2;taiwan-penghu-kinmen-matsu-no-3-tpkm3;taiwan-strait-express-1-tse-1;trans-pacific-express-tpe-cable-system,0.0,1,0,,,,,885.4,未觀測到靠港,22.691098,120.156177,internal_waters,2026-09-21T04:27:30.978051+00:00
357817958,MMSI-357817958,cargo,,357,Panama,巴拿馬,25,critical,7,0,,0,taiwan-penghu-kinmen-matsu-no-2-tpkm2;taiwan-penghu-kinmen-matsu-no-3-tpkm3,0.0,0,0,,,,,842.0,未觀測到靠港,24.198733,118.684773,eez,2026-09-20T09:54:18.045676+00:00
412359140,YANG HAI 668,cargo,,412,China,中國,25,critical,7,3.4,0.9,1,taiwan-matsu-no-4;taiwan-penghu-kinmen-matsu-no-3-tpkm3;taiwan-strait-express-1-tse-1,0.0,0,0,,,,,852.2,未觀測到靠港,26.18202,120.169215,eez,2026-09-20T21:08:32.217333+00:00
412447667,MINLIANYU66588,cargo,,412,China,中國,25,critical,7,9.3,2.7,0,taiwan-matsu-no-4;taiwan-penghu-kinmen-matsu-no-2-tpkm2;taiwan-penghu-kinmen-matsu-no-3-tpkm3;taiwan-strait-express-1-tse-1,0.0,0,0,,,,,653.7,未觀測到靠港,26.74431,121.96605,eez,2026-09-20T09:54:18.045676+00:00
412702620,YU CHANG 8,cargo,,412,China,中國,25,critical,7,120.4,0.3,0,taiwan-penghu-kinmen-matsu-no-2-tpkm2;taiwan-penghu-kinmen-matsu-no-3-tpkm3,0.0,0,0,新湖漁港 Xinhu,2026-09-07T00:30:10.743445+00:00,,,254.7,,24.310828,118.165198,eez,2026-09-17T18:42:40.833805+00:00
412906383,XINGHAI95,cargo,,412,China,中國,25,critical,7,6.1,1.4,0,taiwan-matsu-no-4;taiwan-penghu-kinmen-matsu-no-3-tpkm3;taiwan-strait-express-1-tse-1,0.0,0,0,青帆漁港 Qingfan,2026-08-27T08:42:36.751075+00:00,,,512.5,,26.018807,119.957923,eez,2026-09-19T15:11:46.365307+00:00
413702940,HUA XIN 116,cargo,,413,China,中國,25,critical,7,8.8,0.2,0,cross-straits-cable-network;taiwan-penghu-kinmen-matsu-no-2-tpkm2;taiwan-penghu-kinmen-matsu-no-3-tpkm3;taiwan-strait-express-1-tse-1,0.0,0,0,福州馬尾 Fuzhou-Mawei,2026-08-29T18:01:43.259492+00:00,廈門 Xiamen,2026-08-30T21:44:18.641860+00:00,20.9,,24.52132,118.08128,eez,2026-08-31T05:49:54.519009+00:00
370401000,EXPRESS SAIL,tanker,,370,Panama,巴拿馬,24,critical,7,7.3,3.4,0,taiwan-penghu-kinmen-matsu-no-2-tpkm2;taiwan-penghu-kinmen-matsu-no-3-tpkm3,21.4,1,0,,,,,842.8,未觀測到靠港,22.70927,120.168917,internal_waters,2026-09-21T04:27:30.978051+00:00
412446259,MINLONGYU61688,cargo,,412,China,中國,24,critical,3,3.3,3.4,0,taiwan-penghu-kinmen-matsu-no-3-tpkm3,0.0,0,0,,,,,668.5,未觀測到靠港,24.06062,118.43969,eez,2026-09-21T00:40:54.264899+00:00
413356020,HAIPENG0088,cargo,,413,China,中國,24,critical,7,0,,0,taiwan-penghu-kinmen-matsu-no-2-tpkm2,13.4,0,0,深滬灣/圍頭東 Shenhu,2026-09-20T17:48:31.226510+00:00,,,7.3,,24.546953,118.511042,eez,2026-09-21T04:27:30.978051+00:00
620999315,MEDNA,tanker,,620,Comoros,葛摩,24,critical,7,19.9,1.4,0,apcn-2;asia-pacific-gateway-apg;asia-united-gateway-east-aug-east;candle;eac-c2c;flag-europe-asia-fea;flag-north-asia-loopreach-north-asia-loop;hong-kong-americas-hka;orca;seamewe-3;tpu,0.0,1,1,,,,,181.4,未觀測到靠港,20.914685,120.958228,eez,2026-08-22T07:06:41.885734+00:00
677016400,ADA,cargo,,677,Tanzania,坦尚尼亞,24,critical,7,6.5,2.5,1,eac-c2c;taiwan-matsu-no-4;taiwan-penghu-kinmen-matsu-no-2-tpkm2;taiwan-penghu-kinmen-matsu-no-3-tpkm3;trans-pacific-express-tpe-cable-system,0.0,1,0,,,,,883.6,未觀測到靠港,26.254845,121.887387,eez,2026-09-20T13:20:28.204361+00:00
311000717,ARRIBA,cargo,,311,Bahamas,巴哈馬,23,critical,7,4.7,1.4,0,taiwan-penghu-kinmen-matsu-no-2-tpkm2;taiwan-penghu-kinmen-matsu-no-3-tpkm3,7.3,1,0,台中港 Taichung,2026-09-03T13:07:19.959143+00:00,,,12.4,,22.387355,119.575083,eez,2026-09-04T04:00:17.162565+00:00
352003569,FORTUNE GLOBE,tanker,,352,Panama,巴拿馬,23,critical,7,154.2,0.6,0,eac-c2c;faster;taiwan-matsu-no-4;taiwan-penghu-kinmen-matsu-no-2-tpkm2;taiwan-penghu-kinmen-matsu-no-3-tpkm3;taiwan-strait-express-1-tse-1;trans-pacific-express-tpe-cable-system,0.0,0,0,,,,,898.7,未觀測到靠港,24.244945,120.437515,internal_waters,2026-09-21T04:27:30.978051+00:00
403512001,NCC NOOR,tanker,,403,Saudi Arabia,沙烏地阿拉伯,23,critical,6,3.7,0.9,0,eac-c2c;flag-north-asia-loopreach-north-asia-loop;seamewe-3;taiwan-penghu-kinmen-matsu-no-2-tpkm2;taiwan-penghu-kinmen-matsu-no-3-tpkm3;trans-pacific-express-tpe-cable-system,4.8,1,0,莆田湄洲灣 Putian,2026-08-20T11:18:17.276599+00:00,,,711.6,,24.154888,120.069673,internal_waters,2026-09-19T04:10:10.354503+00:00
412355680,HENG CHUN 1,cargo,,412,China,中國,23,critical,4,1.8,,0,taiwan-penghu-kinmen-matsu-no-2-tpkm2;taiwan-penghu-kinmen-matsu-no-3-tpkm3;taiwan-strait-express-1-tse-1,0.0,0,0,廈門 Xiamen,2026-09-19T16:10:04.172949+00:00,,,33.4,,25.29635,119.437667,eez,2026-09-21T04:27:30.978051+00:00
412442346,MINLIANYU60322,cargo,,412,China,中國,23,critical,7,6.4,3.4,0,taiwan-matsu-no-4;taiwan-penghu-kinmen-matsu-no-3-tpkm3;taiwan-strait-express-1-tse-1,0.0,0,0,,,,,672.2,未觀測到靠港,25.81745,120.65643,eez,2026-09-21T04:27:30.978051+00:00
413498610,NINGYUANYONGAN,cargo,,413,China,中國,23,critical,7,12.1,1.6,0,apcn-2;eac-c2c;faster;taiwan-penghu-kinmen-matsu-no-2-tpkm2;taiwan-penghu-kinmen-matsu-no-3-tpkm3;taiwan-strait-express-1-tse-1;trans-pacific-express-tpe-cable-system,0.0,0,0,小港臨海新村漁港 Xiaogang,2026-09-06T04:04:01.481536+00:00,,,359.6,,25.564433,121.789747,territorial_sea,2026-09-21T04:27:30.978051+00:00
413620090,HUISHI6,cargo,,413,China,中國,23,critical,7,0,,0,taiwan-strait-express-1-tse-1,0.0,0,0,福州馬尾 Fuzhou-Mawei,2026-08-29T07:12:39.299265+00:00,,,539.4,,27.027138,120.368332,eez,2026-09-21T00:40:54.264899+00:00
477630400,A KEIGA,cargo,,477,Hong Kong,香港,23,critical,7,8.5,0.2,0,eac-c2c;taiwan-penghu-kinmen-matsu-no-2-tpkm2;taiwan-penghu-kinmen-matsu-no-3-tpkm3;taiwan-strait-express-1-tse-1,0.0,0,0,台北港 Taipei,2026-09-20T15:16:51.207587+00:00,,,10.6,,23.368775,119.9537,internal_waters,2026-09-21T04:27:30.978051+00:00
620999951,NEPTUNE,cargo,,620,Comoros,葛摩,23,critical,7,210.7,0.5,1,eac-c2c;taiwan-matsu-no-4;taiwan-penghu-kinmen-matsu-no-2-tpkm2;taiwan-penghu-kinmen-matsu-no-3-tpkm3;taiwan-strait-express-1-tse-1;trans-pacific-express-tpe-cable-system,0.0,1,0,,,,,898.7,未觀測到靠港,25.82581,121.571355,eez,2026-09-21T04:27:30.978051+00:00
667001839,SHUNXIN77,tanker,,667,Sierra Leone,獅子山,23,critical,7,0,,0,taiwan-penghu-kinmen-matsu-no-2-tpkm2;taiwan-penghu-kinmen-matsu-no-3-tpkm3,25.8,1,0,,,,,898.7,未觀測到靠港,22.687395,120.17208,internal_waters,2026-09-21T04:27:30.978051+00:00
350179000,MMSI-350179000,tanker,,350,Nicaragua,尼加拉瓜,22,critical,7,6.5,1.9,0,apcn-2;seamewe-3;southeast-asia-japan-cable-sjc;taiwan-matsu-no-4;taiwan-penghu-kinmen-matsu-no-3-tpkm3;taiwan-strait-express-1-tse-1,0.0,1,1,,,,,898.7,未觀測到靠港,26.326488,119.853032,eez,2026-09-21T04:27:30.978051+00:00
352001221,PRINCE CHARMING,tanker,,352,Panama,巴拿馬,22,critical,7,1.6,,0,taiwan-penghu-kinmen-matsu-no-2-tpkm2;taiwan-penghu-kinmen-matsu-no-3-tpkm3,15.4,0,0,,,,,898.7,未觀測到靠港,24.26117,120.46216,internal_waters,2026-09-21T04:27:30.978051+00:00
352006010,CHANG YANG DONG FANG,cargo,,352,Panama,巴拿馬,22,critical,6,6.3,2.5,0,eac-c2c;taiwan-matsu-no-4;taiwan-penghu-kinmen-matsu-no-3-tpkm3;trans-pacific-express-tpe-cable-system,0.0,0,0,台北港 Taipei,2026-09-20T00:31:18.688825+00:00,,,24.0,,25.189485,121.140907,territorial_sea,2026-09-21T04:27:30.978051+00:00
412204970,DONG SHAN 29,cargo,,412,China,中國,22,critical,7,34.6,0.4,0,taiwan-penghu-kinmen-matsu-no-2-tpkm2;taiwan-penghu-kinmen-matsu-no-3-tpkm3,0.0,0,0,湄洲灣泉港 Meizhouwan,2026-09-17T21:50:39.945319+00:00,,,66.5,,24.42614,118.264613,eez,2026-09-21T04:27:30.978051+00:00
412866688,SHUN DA6668,cargo,,412,China,中國,22,critical,7,10.2,3.0,0,taiwan-penghu-kinmen-matsu-no-2-tpkm2;taiwan-penghu-kinmen-matsu-no-3-tpkm3,0.0,0,0,,,,,533.6,未觀測到靠港,26.404167,120.313365,eez,2026-09-07T10:32:14.025579+00:00
413250840,DONGSHAN 55,cargo,,413,China,中國,22,critical,6,14.2,0.6,0,apcn-2;eac-c2c;faster;taiwan-matsu-no-4;taiwan-penghu-kinmen-matsu-no-2-tpkm2;taiwan-penghu-kinmen-matsu-no-3-tpkm3;taiwan-strait-express-1-tse-1;trans-pacific-express-tpe-cable-system,0.0,0,0,台北港 Taipei,2026-09-19T04:48:00.298551+00:00,,,19.4,,26.44863,119.874227,eez,2026-09-20T05:05:13.918990+00:00
413276610,NANHANG757,cargo,,413,China,中國,22,critical,7,15.5,0.9,0,taiwan-penghu-kinmen-matsu-no-2-tpkm2;taiwan-penghu-kinmen-matsu-no-3-tpkm3;taiwan-strait-express-1-tse-1,0.0,0,0,湄洲灣泉港 Meizhouwan,2026-08-25T19:28:24.092970+00:00,,,99.6,,23.530005,117.41812,eez,2026-08-30T00:54:50.080310+00:00
413527370,XIN PENG HAI,cargo,,413,China,中國,22,critical,7,17.3,0.4,0,taiwan-penghu-kinmen-matsu-no-2-tpkm2;taiwan-penghu-kinmen-matsu-no-3-tpkm3;taiwan-strait-express-1-tse-1,0.0,0,0,,,,,676.4,未觀測到靠港,26.467525,119.936495,eez,2026-09-20T17:48:31.226510+00:00
413692490,HUA HANG 3,cargo,,413,China,中國,22,critical,7,3.9,0.4,0,apcn-2;eac-c2c;taiwan-matsu-no-4;taiwan-penghu-kinmen-matsu-no-2-tpkm2;taiwan-penghu-kinmen-matsu-no-3-tpkm3;taiwan-strait-express-1-tse-1,0.0,0,0,基隆港 Keelung,2026-09-19T19:05:56.114966+00:00,廈門 Xiamen,2026-09-20T15:16:51.207587+00:00,14.8,,24.505677,118.075375,eez,2026-09-21T04:27:30.978051+00:00
413706320,DONG SHAN 25,cargo,,413,China,中國,22,critical,7,111.3,0.1,0,taiwan-penghu-kinmen-matsu-no-2-tpkm2;taiwan-penghu-kinmen-matsu-no-3-tpkm3;taiwan-strait-express-1-tse-1,0.0,0,0,馬祖福澳港 Matsu,2026-09-19T00:48:37.887228+00:00,,,48.3,,26.161632,119.907195,eez,2026-09-21T04:27:30.978051+00:00
413875037,CHINACOASTGUARD2305,coastguard,coastguard,413,China,中國,22,critical,7,0,,0,taiwan-penghu-kinmen-matsu-no-2-tpkm2;taiwan-penghu-kinmen-matsu-no-3-tpkm3;taiwan-strait-express-1-tse-1,0.0,0,0,,,,,66.1,未觀測到靠港,25.7577,120.36907,eez,2026-08-28T11:34:06.990542+00:00
477057900,HUA HANG 6,cargo,,477,Hong Kong,香港,22,critical,7,4.5,2.2,0,apcn-2;eac-c2c;faster;taiwan-matsu-no-4;taiwan-penghu-kinmen-matsu-no-2-tpkm2;taiwan-penghu-kinmen-matsu-no-3-tpkm3;taiwan-strait-express-1-tse-1,0.0,0,0,台中港 Taichung,2026-09-20T09:54:18.045676+00:00,廈門 Xiamen,2026-09-21T00:40:54.264899+00:00,7.8,,24.519388,118.080772,eez,2026-09-21T04:27:30.978051+00:00
477800200,JJ NAGOYA,cargo,,477,Hong Kong,香港,22,critical,7,11.7,0.7,0,apcn-2;eac-c2c;faster;taiwan-penghu-kinmen-matsu-no-2-tpkm2;taiwan-penghu-kinmen-matsu-no-3-tpkm3;taiwan-strait-express-1-tse-1;trans-pacific-express-tpe-cable-system,0.0,0,0,小港臨海新村漁港 Xiaogang,2026-09-18T21:22:29.428453+00:00,,,15.4,,26.081532,121.308812,eez,2026-09-19T16:10:04.172949+00:00
538012622,OCEAN VICTORY,cargo,,538,Marshall Is,馬紹爾群島,22,critical,5,11.4,1.3,0,eac-c2c;flag-north-asia-loopreach-north-asia-loop;taiwan-penghu-kinmen-matsu-no-2-tpkm2,0.0,0,0,花蓮港 Hualien,2026-09-19T22:35:05.123562+00:00,,,27.9,,24.00298,121.63758,internal_waters,2026-09-21T04:27:30.978051+00:00
563223600,MAERSK EL BANCO,cargo,,563,Singapore,新加坡,22,critical,7,32.3,1.0,0,eac-c2c;taiwan-penghu-kinmen-matsu-no-2-tpkm2;trans-pacific-express-tpe-cable-system,5.5,0,0,廈門 Xiamen,2026-08-23T05:51:54.225811+00:00,,,6.3,,23.195663,117.740982,eez,2026-08-23T13:25:34.381599+00:00
667002162,HE CHENG 3,cargo,,667,Sierra Leone,獅子山,22,critical,7,0,,0,taiwan-penghu-kinmen-matsu-no-3-tpkm3,14.1,1,0,,,,,898.7,未觀測到靠港,22.754757,120.159455,internal_waters,2026-09-21T04:27:30.978051+00:00
668116209,CHEN YANG,cargo,,668,Sao Tome Principe,聖多美,22,critical,7,0,,0,taiwan-penghu-kinmen-matsu-no-2-tpkm2;taiwan-penghu-kinmen-matsu-no-3-tpkm3,20.4,1,0,,,,,898.7,未觀測到靠港,22.73061,120.15025,internal_waters,2026-09-21T04:27:30.978051+00:00
341890000,HONG XING,cargo,,341,St Kitts Nevis,聖克里斯多福,21,critical,7,0,,0,taiwan-penghu-kinmen-matsu-no-3-tpkm3,14.0,1,0,安平商港區 Anping-basin,2026-08-29T02:56:44.800599+00:00,,,549.8,,22.742068,120.151975,internal_waters,2026-09-21T04:27:30.978051+00:00
357057000,GOLDEN TIDE,tanker,,357,Panama,巴拿馬,21,critical,7,7.6,2.9,0,taiwan-matsu-no-4;taiwan-penghu-kinmen-matsu-no-2-tpkm2;taiwan-penghu-kinmen-matsu-no-3-tpkm3;taiwan-strait-express-1-tse-1;trans-pacific-express-tpe-cable-system,9.1,0,0,,,,,202.4,未觀測到靠港,24.518263,120.204468,territorial_sea,2026-08-23T04:07:26.915880+00:00
412441477,DMINLIANYUAA60781,fishing,,412,China,中國,21,critical,7,6.4,2.1,0,eac-c2c;taiwan-matsu-no-4;taiwan-penghu-kinmen-matsu-no-2-tpkm2;taiwan-penghu-kinmen-matsu-no-3-tpkm3;taiwan-strait-express-1-tse-1,0.0,0,0,,,,,865.1,未觀測到靠港,26.759533,121.640417,eez,2026-09-21T04:27:30.978051+00:00
413230740,SHUNHONGHAI 818,cargo,,413,China,中國,21,critical,4,0,,0,cross-straits-cable-network;taiwan-penghu-kinmen-matsu-no-2-tpkm2,0.0,0,0,深滬灣/圍頭東 Shenhu,2026-09-21T00:40:54.264899+00:00,,,0.0,,24.370342,118.396653,eez,2026-09-21T04:27:30.978051+00:00
413241050,XIN SHUN HANG 569,cargo,,413,China,中國,21,critical,7,1.9,,0,taiwan-strait-express-1-tse-1,6.5,0,0,福州馬尾 Fuzhou-Mawei,2026-09-07T04:57:56.102287+00:00,閩江口錨地 Minjiangkou,2026-09-17T15:23:12.849902+00:00,0.0,,26.135763,119.582267,eez,2026-09-21T04:27:30.978051+00:00
413313150,QIANG FENG CHANGRONG,cargo,,413,China,中國,21,critical,1,0,,0,apcn-2;seamewe-3;taiwan-penghu-kinmen-matsu-no-2-tpkm2;taiwan-penghu-kinmen-matsu-no-3-tpkm3,0.0,0,0,湄洲灣泉港 Meizhouwan,2026-09-18T04:56:09.149862+00:00,汕頭港外 Shantou-appr,2026-09-20T15:16:51.207587+00:00,39.2,,23.19756,116.808393,eez,2026-09-20T15:16:51.207587+00:00
413361670,HANG JIE 2006,cargo,,413,China,中國,21,critical,3,1.8,,0,cross-straits-cable-network;taiwan-penghu-kinmen-matsu-no-2-tpkm2;taiwan-penghu-kinmen-matsu-no-3-tpkm3,0.0,0,0,大嶝/圍頭灣 Weitou,2026-09-20T15:16:51.207587+00:00,大嶝/圍頭灣 Weitou,2026-09-21T04:27:30.978051+00:00,6.9,,24.536565,118.233758,eez,2026-09-21T04:27:30.978051+00:00
413511880,JIA HONG 33,cargo,,413,China,中國,21,critical,7,24.2,0.4,0,taiwan-penghu-kinmen-matsu-no-2-tpkm2;taiwan-penghu-kinmen-matsu-no-3-tpkm3,0.0,0,0,莆田湄洲灣 Putian,2026-09-07T10:32:14.025579+00:00,莆田湄洲灣 Putian,2026-09-19T09:38:25.125307+00:00,18.6,,25.081693,119.074787,eez,2026-09-21T04:27:30.978051+00:00
413555110,WAN XIANG 388,cargo,,413,China,中國,21,critical,7,0,,0,cross-straits-cable-network;taiwan-penghu-kinmen-matsu-no-2-tpkm2;taiwan-penghu-kinmen-matsu-no-3-tpkm3,0.0,0,0,大嶝/圍頭灣 Weitou,2026-09-20T15:16:51.207587+00:00,大嶝/圍頭灣 Weitou,2026-09-21T04:27:30.978051+00:00,6.9,,24.536817,118.235652,eez,2026-09-21T04:27:30.978051+00:00
413696850,HENGJUN228,cargo,,413,China,中國,21,critical,7,0,,0,taiwan-penghu-kinmen-matsu-no-2-tpkm2;taiwan-penghu-kinmen-matsu-no-3-tpkm3,0.0,0,0,廈門 Xiamen,2026-09-21T00:40:54.264899+00:00,,,0.0,,24.456083,117.964677,eez,2026-09-21T04:27:30.978051+00:00
416006175,TONG YEA NO 9,tanker,,416,Taiwan,台灣,21,critical,3,0,,0,taiwan-penghu-kinmen-matsu-no-2-tpkm2;taiwan-penghu-kinmen-matsu-no-3-tpkm3,0.0,0,0,復國墩漁港 Fuguodun,2026-09-18T21:22:29.428453+00:00,小港臨海新村漁港 Xiaogang,2026-09-20T04:29:26.367004+00:00,23.7,,22.565757,120.308728,internal_waters,2026-09-20T15:16:51.207587+00:00
667001488,GRAND FUTURE,tanker,,667,Sierra Leone,獅子山,21,critical,7,0,,0,taiwan-penghu-kinmen-matsu-no-2-tpkm2,14.6,1,0,,,,,883.6,未觀測到靠港,24.251775,120.461933,internal_waters,2026-09-21T04:27:30.978051+00:00
677025700,LONG AN,cargo,,677,Tanzania,坦尚尼亞,21,critical,7,0,,0,taiwan-penghu-kinmen-matsu-no-2-tpkm2,7.1,1,0,,,,,867.5,未觀測到靠港,22.704512,120.178427,internal_waters,2026-09-20T05:05:13.918990+00:00
677073600,LYDIA 1,tanker,,677,Tanzania,坦尚尼亞,21,critical,4,19.4,0.4,3,taiwan-penghu-kinmen-matsu-no-2-tpkm2;trans-pacific-express-tpe-cable-system,0.0,1,0,,,,,875.3,未觀測到靠港,25.87251,121.589027,eez,2026-09-20T05:05:13.918990+00:00
219734000,ALVA MAERSK,cargo,,219,Denmark,丹麥,20,critical,7,3.9,0.9,0,eac-c2c;taiwan-penghu-kinmen-matsu-no-2-tpkm2;taiwan-penghu-kinmen-matsu-no-3-tpkm3;taiwan-strait-express-1-tse-1,4.7,1,0,,,,,191.5,未觀測到靠港,23.08979,117.653287,eez,2026-08-22T17:12:26.267485+00:00
341607002,SATURN,cargo,,341,St Kitts Nevis,聖克里斯多福,20,critical,2,5.4,0.5,0,taiwan-penghu-kinmen-matsu-no-2-tpkm2,0.0,1,0,高雄港 Kaohsiung,2026-09-19T09:38:25.125307+00:00,,,39.7,,22.652017,120.23275,internal_waters,2026-09-21T04:27:30.978051+00:00
353568000,CHUANG YI,tanker,,353,Panama,巴拿馬,20,critical,7,5.1,2.6,0,taiwan-penghu-kinmen-matsu-no-2-tpkm2;taiwan-penghu-kinmen-matsu-no-3-tpkm3,25.9,0,0,,,,,898.7,未觀測到靠港,22.70691,120.158503,internal_waters,2026-09-21T04:27:30.978051+00:00
412440140,SEYCHELLESPROSPERITY,tanker,,412,China,中國,20,critical,7,4.0,3.1,0,apcn-2;taiwan-penghu-kinmen-matsu-no-2-tpkm2;taiwan-penghu-kinmen-matsu-no-3-tpkm3,0.0,0,0,廈門 Xiamen,2026-09-05T00:28:43.331771+00:00,,,54.6,,24.272427,118.913715,eez,2026-09-07T10:32:14.025579+00:00
412444548,963639,fishing,,412,China,中國,20,critical,7,0.7,,0,taiwan-penghu-kinmen-matsu-no-2-tpkm2;taiwan-penghu-kinmen-matsu-no-3-tpkm3,0.0,0,0,廈門 Xiamen,2026-08-21T07:14:54.129608+00:00,,,736.6,,24.3086,118.50113,eez,2026-09-21T00:40:54.264899+00:00
412703860,HUA XIN 858,cargo,,412,China,中國,20,critical,7,0.7,,0,taiwan-penghu-kinmen-matsu-no-2-tpkm2;taiwan-penghu-kinmen-matsu-no-3-tpkm3;taiwan-strait-express-1-tse-1,0.0,0,0,廈門 Xiamen,2026-09-20T15:16:51.207587+00:00,廈門 Xiamen,2026-09-21T04:27:30.978051+00:00,3.5,,24.44174,118.028093,eez,2026-09-21T04:27:30.978051+00:00
413697050,SHUN ZHOU 99,tanker,,413,China,中國,20,critical,3,3.3,0.0,1,cross-straits-cable-network,0.0,0,0,深滬灣/圍頭東 Shenhu,2026-09-17T21:50:39.945319+00:00,大嶝/圍頭灣 Weitou,2026-09-18T09:56:57.204478+00:00,3.3,,24.53305,118.238937,eez,2026-09-21T04:27:30.978051+00:00
413875054,CHINACOASTGUARD 2504,coastguard,coastguard,413,China,中國,20,critical,1,0,,0,taiwan-penghu-kinmen-matsu-no-3-tpkm3,0.0,0,0,廈門 Xiamen,2026-09-04T04:00:17.162565+00:00,,,24.3,,23.17258,118.48986,eez,2026-09-18T15:39:03.535122+00:00
416003617,HE JHOU,special,,416,Taiwan,台灣,20,critical,3,21.1,0.0,1,taiwan-penghu-kinmen-matsu-no-3-tpkm3;taiwan-strait-express-1-tse-1,0.0,0,0,白沙漁港 Baisha,2026-09-19T22:35:05.123562+00:00,白沙漁港 Baisha,2026-09-21T04:27:30.978051+00:00,14.8,,26.210095,119.963263,eez,2026-09-21T04:27:30.978051+00:00
416006752,TA YU,cargo,,416,Taiwan,台灣,20,critical,2,2.6,,0,taiwan-penghu-kinmen-matsu-no-2-tpkm2;taiwan-penghu-kinmen-matsu-no-3-tpkm3,0.0,0,0,前鎮漁港 Qianzhen,2026-09-20T13:20:28.204361+00:00,,,0.0,,22.599067,120.2884,internal_waters,2026-09-20T15:16:51.207587+00:00
416168900,HAI YANG NO 8,special,,416,Taiwan,台灣,20,critical,4,55.3,0.4,0,taiwan-matsu-no-4;taiwan-penghu-kinmen-matsu-no-2-tpkm2;taiwan-penghu-kinmen-matsu-no-3-tpkm3;taiwan-strait-express-1-tse-1,0.0,0,0,上竹里漁港 Shangzhuli,2026-09-05T04:42:29.611877+00:00,,,366.1,,26.339757,120.212357,eez,2026-09-20T15:16:51.207587+00:00
416450000,TAIWAN,tanker,,416,Taiwan,台灣,20,critical,1,0,,0,eac-c2c;seamewe-3;taiwan-penghu-kinmen-matsu-no-2-tpkm2,0.0,0,0,小港臨海新村漁港 Xiaogang,2026-09-07T10:32:14.025579+00:00,,,71.9,,22.58647,120.234283,internal_waters,2026-09-20T15:16:51.207587+00:00
477769400,M/V YUSHEN,cargo,,477,Hong Kong,香港,20,critical,7,0,,0,apcn-2;eac-c2c;taiwan-matsu-no-4;taiwan-penghu-kinmen-matsu-no-3-tpkm3;taiwan-strait-express-1-tse-1,0.0,0,0,台北港 Taipei,2026-09-18T04:56:09.149862+00:00,,,53.3,,25.293048,121.22431,territorial_sea,2026-09-20T15:16:51.207587+00:00
538011041,EL SEGUNDO VOYAGER,tanker,,538,Marshall Is,馬紹爾群島,20,critical,1,7.1,0.9,4,taiwan-penghu-kinmen-matsu-no-3-tpkm3,3.0,0,0,,,,,71.9,未觀測到靠港,25.257447,120.920838,contiguous_zone,2026-09-20T15:16:51.207587+00:00
538011332,SEAWAYS MIA,tanker,,538,Marshall Is,馬紹爾群島,20,critical,4,11.2,0.3,0,apcn-2;asia-united-gateway-east-aug-east;eac-c2c;taiwan-matsu-no-4;taiwan-penghu-kinmen-matsu-no-3-tpkm3,0.0,0,0,鳳鼻頭漁港 Fengbitou,2026-09-07T10:32:14.025579+00:00,,,71.9,,23.958418,121.61608,internal_waters,2026-09-20T15:16:51.207587+00:00
677067100,ALBATROS 1,cargo,,677,Tanzania,坦尚尼亞,20,critical,7,0,,0,,7.6,1,1,,,,,758.8,未觀測到靠港,23.521298,117.335505,eez,2026-09-21T04:27:30.978051+00:00
312234000,GREAT GLORY,cargo,,312,Belize,貝里斯,19,critical,3,0,,0,apcn-2,9.7,1,0,前鎮漁港 Qianzhen,2026-09-05T04:42:29.611877+00:00,,,379.3,,22.606165,120.238928,internal_waters,2026-09-21T04:27:30.978051+00:00
312672000,SUMMER BAY,cargo,,312,Belize,貝里斯,19,critical,7,0,,0,,20.0,1,0,,,,,898.7,未觀測到靠港,22.698728,120.169827,internal_waters,2026-09-21T04:27:30.978051+00:00
341379002,AURA,cargo,,341,St Kitts Nevis,聖克里斯多福,19,critical,3,0,,0,taiwan-penghu-kinmen-matsu-no-3-tpkm3,20.9,1,0,台中港 Taichung,2026-09-04T09:46:09.453323+00:00,,,396.8,,22.755637,120.169495,internal_waters,2026-09-21T04:27:30.978051+00:00
412442272,MINLIANYU61736,fishing,,412,China,中國,19,critical,7,4.3,2.3,0,eac-c2c;taiwan-matsu-no-4;taiwan-penghu-kinmen-matsu-no-2-tpkm2;taiwan-penghu-kinmen-matsu-no-3-tpkm3;taiwan-strait-express-1-tse-1,0.0,0,0,,,,,672.2,未觀測到靠港,26.44374,120.49654,eez,2026-09-21T04:27:30.978051+00:00
412442398,MINLIANYUYUN65387,fishing,,412,China,中國,19,critical,7,10.0,1.3,0,taiwan-matsu-no-4;taiwan-penghu-kinmen-matsu-no-2-tpkm2;taiwan-penghu-kinmen-matsu-no-3-tpkm3,0.0,0,0,,,,,536.6,未觀測到靠港,26.49726,121.00171,eez,2026-09-20T15:16:51.207587+00:00
412442739,MINLIANYU61875,fishing,,412,China,中國,19,critical,7,4.0,3.8,1,taiwan-matsu-no-4;taiwan-penghu-kinmen-matsu-no-2-tpkm2;taiwan-penghu-kinmen-matsu-no-3-tpkm3;taiwan-strait-express-1-tse-1,0.0,0,0,,,,,672.2,未觀測到靠港,26.13681,120.86147,eez,2026-09-21T04:27:30.978051+00:00
412444321,MINLONGYU66829,fishing,,412,China,中國,19,critical,7,9.8,3.1,2,taiwan-penghu-kinmen-matsu-no-3-tpkm3,0.0,0,0,,,,,672.2,未觀測到靠港,24.2704,118.63017,eez,2026-09-21T04:27:30.978051+00:00
412447638,MINLIANYU60999,fishing,,412,China,中國,19,critical,7,15.7,3.4,0,taiwan-matsu-no-4;taiwan-penghu-kinmen-matsu-no-3-tpkm3;taiwan-strait-express-1-tse-1,0.0,0,0,,,,,661.6,未觀測到靠港,26.41336,121.70471,eez,2026-09-20T17:48:31.226510+00:00
412473350,HUI JIN QIAO 11,cargo,,412,China,中國,19,critical,7,0,,0,apcn-2;southeast-asia-japan-cable-sjc;taiwan-penghu-kinmen-matsu-no-2-tpkm2;taiwan-penghu-kinmen-matsu-no-3-tpkm3;taiwan-strait-express-1-tse-1,0.0,0,0,福州馬尾 Fuzhou-Mawei,2026-09-17T16:03:57.751884+00:00,,,38.9,,22.88325,116.434827,eez,2026-09-19T09:38:25.125307+00:00
412476560,SHUN QI 16,cargo,,412,China,中國,19,critical,1,0,,0,taiwan-penghu-kinmen-matsu-no-3-tpkm3;taiwan-strait-express-1-tse-1,0.0,0,0,,,,,872.8,未觀測到靠港,25.31654,119.524413,eez,2026-09-18T15:39:03.535122+00:00
412501760,JIN HANG CHANG,cargo,,412,China,中國,19,critical,7,0,,0,taiwan-penghu-kinmen-matsu-no-2-tpkm2;taiwan-penghu-kinmen-matsu-no-3-tpkm3;taiwan-strait-express-1-tse-1,0.0,0,0,福州馬尾 Fuzhou-Mawei,2026-09-01T10:15:55.563560+00:00,,,452.1,,23.4138,117.177153,eez,2026-09-20T09:54:18.045676+00:00
412704020,HAI GONG 166,tanker,,412,China,中國,19,critical,7,0,,0,cross-straits-cable-network;taiwan-penghu-kinmen-matsu-no-3-tpkm3,8.0,0,0,廈門 Xiamen,2026-09-18T17:58:30.098529+00:00,廈門 Xiamen,2026-09-19T04:10:10.354503+00:00,0.0,,24.430298,118.03744,eez,2026-09-21T04:27:30.978051+00:00
413206690,HAIXIAFANGZHOU,cargo,,413,China,中國,19,critical,7,0,,0,taiwan-penghu-kinmen-matsu-no-2-tpkm2;taiwan-penghu-kinmen-matsu-no-3-tpkm3,0.0,0,0,廈門 Xiamen,2026-09-19T04:48:00.298551+00:00,,,42.8,,24.772295,118.93112,eez,2026-09-21T04:27:30.978051+00:00
413209460,XIMAJIANGHAI1HAO,cargo,,413,China,中國,19,critical,7,0,,0,taiwan-strait-express-1-tse-1,0.0,0,0,福清灣/海壇 Fuqing,2026-09-02T04:48:40.622480+00:00,,,47.9,,27.010825,120.349918,eez,2026-09-04T13:01:24.739239+00:00
413223720,HENG FENG YOU 15,tanker,,413,China,中國,19,critical,7,0,,0,taiwan-penghu-kinmen-matsu-no-3-tpkm3;taiwan-strait-express-1-tse-1,5.6,0,0,福清灣/海壇 Fuqing,2026-08-28T05:01:48.482487+00:00,,,569.5,,26.270223,119.79552,eez,2026-09-21T04:27:30.978051+00:00
413231260,HAI XIANG 558,cargo,,413,China,中國,19,critical,7,0,,0,taiwan-strait-express-1-tse-1,3.3,0,0,,,,,737.2,未觀測到靠港,26.309408,119.871307,eez,2026-09-21T04:27:30.978051+00:00
413236330,QI HANG DA,cargo,,413,China,中國,19,critical,1,0,,0,taiwan-penghu-kinmen-matsu-no-3-tpkm3;taiwan-strait-express-1-tse-1,0.0,0,0,深滬灣/圍頭東 Shenhu,2026-09-02T13:05:35.852197+00:00,,,416.7,,27.763712,121.013612,eez,2026-09-20T00:31:18.688825+00:00
413239110,HONGYUANCHANGSHENG,cargo,,413,China,中國,19,critical,7,15.5,0.4,0,taiwan-penghu-kinmen-matsu-no-2-tpkm2;taiwan-penghu-kinmen-matsu-no-3-tpkm3;taiwan-strait-express-1-tse-1,0.0,0,0,福州馬尾 Fuzhou-Mawei,2026-09-06T00:23:27.934172+00:00,,,30.5,,26.202995,119.834435,eez,2026-09-07T10:32:14.025579+00:00
413242210,SHUN AN 668,cargo,,413,China,中國,19,critical,7,0,,0,taiwan-strait-express-1-tse-1,14.1,0,0,,,,,894.9,未觀測到靠港,26.268487,119.899987,eez,2026-09-21T00:40:54.264899+00:00
413254270,SHOU XIANG,cargo,,413,China,中國,19,critical,3,0,,0,taiwan-penghu-kinmen-matsu-no-3-tpkm3;taiwan-strait-express-1-tse-1,6.9,0,0,,,,,883.3,未觀測到靠港,25.7392,119.695017,eez,2026-09-19T15:11:46.365307+00:00
413266620,XINGFA628,cargo,,413,China,中國,19,critical,7,0,,0,taiwan-penghu-kinmen-matsu-no-2-tpkm2,0.0,0,0,汕頭港外 Shantou-appr,2026-09-03T15:37:40.614154+00:00,汕頭港外 Shantou-appr,2026-09-18T04:12:56.781029+00:00,61.4,,23.217213,116.761613,eez,2026-09-20T21:08:32.217333+00:00
413360650,PING AN LUN,cargo,,413,China,中國,19,critical,1,0,,0,taiwan-penghu-kinmen-matsu-no-3-tpkm3;taiwan-strait-express-1-tse-1,0.0,0,0,湄洲灣泉港 Meizhouwan,2026-09-07T10:32:14.025579+00:00,,,41.4,,26.408795,119.940292,eez,2026-09-19T15:11:46.365307+00:00
413366110,XIN HUA 628,cargo,,413,China,中國,19,critical,7,0,,0,taiwan-penghu-kinmen-matsu-no-2-tpkm2;taiwan-penghu-kinmen-matsu-no-3-tpkm3,0.0,0,0,汕頭港外 Shantou-appr,2026-09-07T10:32:14.025579+00:00,,,74.4,,27.700975,120.945335,eez,2026-09-20T17:48:31.226510+00:00
413405390,ZHONG HAI YOU 698,tanker,,413,China,中國,19,critical,7,8.8,0.8,0,taiwan-penghu-kinmen-matsu-no-2-tpkm2;taiwan-penghu-kinmen-matsu-no-3-tpkm3;taiwan-strait-express-1-tse-1,5.1,0,0,閩江口錨地 Minjiangkou,2026-08-24T07:34:00.582328+00:00,,,280.8,,26.136178,119.807533,eez,2026-09-06T04:04:01.481536+00:00
413500220,YUANSHUNDA8,cargo,,413,China,中國,19,critical,7,2.3,,0,taiwan-penghu-kinmen-matsu-no-2-tpkm2;taiwan-penghu-kinmen-matsu-no-3-tpkm3;taiwan-strait-express-1-tse-1,0.0,0,0,莆田湄洲灣 Putian,2026-09-20T05:05:13.918990+00:00,,,15.1,,26.676807,120.227347,eez,2026-09-21T04:27:30.978051+00:00
413597850,SHENG HANG HUA 18,tanker,,413,China,中國,19,critical,7,0,,0,apcn-2;taiwan-penghu-kinmen-matsu-no-2-tpkm2;taiwan-penghu-kinmen-matsu-no-3-tpkm3,0.0,0,0,湄洲灣泉港 Meizhouwan,2026-09-03T03:58:51.917263+00:00,,,356.1,,23.455558,117.28204,eez,2026-09-18T00:54:25.501237+00:00
413693120,SHENGDA6,cargo,,413,China,中國,19,critical,7,12.0,0.7,0,taiwan-penghu-kinmen-matsu-no-3-tpkm3;taiwan-strait-express-1-tse-1,0.0,0,0,福州馬尾 Fuzhou-Mawei,2026-09-21T00:40:54.264899+00:00,,,0.0,,26.093527,119.695215,eez,2026-09-21T04:27:30.978051+00:00
413704840,JIA WANG 8,cargo,,413,China,中國,19,critical,2,0,,0,taiwan-penghu-kinmen-matsu-no-2-tpkm2;taiwan-penghu-kinmen-matsu-no-3-tpkm3;taiwan-strait-express-1-tse-1,0.0,0,0,汕頭港外 Shantou-appr,2026-09-05T20:49:42.874052+00:00,汕頭港外 Shantou-appr,2026-09-18T13:16:21.388960+00:00,299.5,,23.311342,116.770427,eez,2026-09-18T13:16:21.388960+00:00
413816049,WANHUAIYUANGYOU998,cargo,,413,China,中國,19,critical,7,7.9,0.2,0,taiwan-penghu-kinmen-matsu-no-3-tpkm3,0.0,0,0,,,,,318.6,未觀測到靠港,26.211227,119.810415,eez,2026-08-30T14:06:31.206236+00:00
414352370,XING FA 68,cargo,,414,China,中國,19,critical,1,0,,0,taiwan-strait-express-1-tse-1,0.0,0,0,閩江口錨地 Minjiangkou,2026-08-19T07:12:47.553747+00:00,,,457.5,,26.821358,120.246347,eez,2026-09-07T10:32:14.025579+00:00
416000157,I HSIN,cargo,,416,Taiwan,台灣,19,critical,2,138.0,0.0,0,eac-c2c;taiwan-matsu-no-4;taiwan-penghu-kinmen-matsu-no-3-tpkm3;taiwan-strait-express-1-tse-1,6.8,0,0,馬祖福澳港 Matsu,2026-09-20T00:31:18.688825+00:00,,,0.0,,26.145708,120.033003,eez,2026-09-20T04:29:26.367004+00:00
416004802,YNG MAAN NO.2,fishing,,416,Taiwan,台灣,19,critical,4,27.3,3.8,1,apcn-2;eac-c2c;faster;southeast-asia-japan-cable-2-sjc2,0.0,0,0,正濱漁港 Zhengbin,2026-09-07T04:03:02.203275+00:00,,,335.5,,25.863867,122.064752,contiguous_zone,2026-09-21T04:27:30.978051+00:00
477118100,SWAN LAKE,cargo,,477,Hong Kong,香港,19,critical,4,15.7,0.4,0,apcn-2;eac-c2c;faster;taiwan-matsu-no-4;taiwan-penghu-kinmen-matsu-no-2-tpkm2;taiwan-penghu-kinmen-matsu-no-3-tpkm3,0.0,0,0,廈門 Xiamen,2026-09-20T00:31:18.688825+00:00,,,10.8,,24.888768,120.574028,territorial_sea,2026-09-20T15:16:51.207587+00:00
477407600,FENG ZE YUAN,cargo,,477,Hong Kong,香港,19,critical,7,5.5,0.0,0,eac-c2c;taiwan-penghu-kinmen-matsu-no-2-tpkm2;taiwan-penghu-kinmen-matsu-no-3-tpkm3,0.0,0,0,泉州 Quanzhou,2026-09-19T04:48:00.298551+00:00,,,29.6,,24.689022,119.400493,eez,2026-09-20T15:16:51.207587+00:00
538011302,MMSI-538011302,cargo,,538,Marshall Is,馬紹爾群島,19,critical,7,5.8,0.8,0,apcn-2;asia-pacific-gateway-apg;flag-north-asia-loopreach-north-asia-loop;taiwan-penghu-kinmen-matsu-no-2-tpkm2;taiwan-penghu-kinmen-matsu-no-3-tpkm3,8.6,0,0,,,,,246.0,未觀測到靠港,20.626378,121.178868,eez,2026-08-31T18:36:53.316921+00:00
620800182,GEMS,cargo,,620,Comoros,葛摩,19,critical,7,0,,0,taiwan-penghu-kinmen-matsu-no-2-tpkm2,25.9,1,0,,,,,898.7,未觀測到靠港,22.687383,120.1974,internal_waters,2026-09-21T04:27:30.978051+00:00
667001354,XIANG FA,cargo,,667,Sierra Leone,獅子山,19,critical,7,0,,0,taiwan-penghu-kinmen-matsu-no-2-tpkm2,11.5,1,0,,,,,672.2,未觀測到靠港,22.69856,120.17727,internal_waters,2026-09-21T04:27:30.978051+00:00
667002605,MMSI-667002605,tanker,,667,Sierra Leone,獅子山,19,critical,7,61.3,0.6,0,eac-c2c;taiwan-penghu-kinmen-matsu-no-3-tpkm3;taiwan-strait-express-1-tse-1;trans-pacific-express-tpe-cable-system,0.0,1,0,,,,,898.7,未觀測到靠港,25.839682,121.593312,eez,2026-09-21T04:27:30.978051+00:00
273124720,SFEN,tanker,,273,Russia,俄羅斯,18,critical,7,0,,0,asia-united-gateway-east-aug-east,4.4,1,1,,,,,173.6,未觀測到靠港,24.039713,118.648985,eez,2026-09-07T10:32:14.025579+00:00
352003481,COUNTESS 9,tanker,,352,Panama,巴拿馬,18,critical,7,0,,0,apcn-2;eac-c2c;flag-europe-asia-fea;flag-north-asia-loopreach-north-asia-loop;seamewe-3;southeast-asia-japan-cable-2-sjc2;taiwan-penghu-kinmen-matsu-no-2-tpkm2;taiwan-penghu-kinmen-matsu-no-3-tpkm3,0.0,0,0,麗水漁港 Lishui,2026-08-27T21:40:15.702771+00:00,,,245.5,,24.258578,120.471347,internal_waters,2026-09-07T10:32:14.025579+00:00
352005538,NERIDA,cargo,,352,Panama,巴拿馬,18,critical,7,32.9,0.7,1,apcn-2;eac-c2c;faster;southeast-asia-japan-cable-2-sjc2;taiwan-penghu-kinmen-matsu-no-2-tpkm2;taiwan-penghu-kinmen-matsu-no-3-tpkm3,0.0,0,0,,,,,891.4,未觀測到靠港,25.7642,121.681778,contiguous_zone,2026-09-20T21:08:32.217333+00:00
412440000,00372,fishing,,412,China,中國,18,critical,3,0,,0,taiwan-strait-express-1-tse-1,0.0,0,0,,,,,746.6,未觀測到靠港,25.88701,119.96317,eez,2026-09-06T00:23:27.934172+00:00
412441433,MINLIANYU62666,fishing,,412,China,中國,18,critical,4,2.4,,0,taiwan-penghu-kinmen-matsu-no-3-tpkm3,0.0,0,0,,,,,371.3,未觀測到靠港,26.31758,119.88221,eez,2026-09-07T10:32:14.025579+00:00
412441438,MINLIANYU61868,passenger,,412,China,中國,18,critical,1,3.3,0.7,0,taiwan-matsu-no-4;taiwan-penghu-kinmen-matsu-no-3-tpkm3;taiwan-strait-express-1-tse-1,0.0,0,0,,,,,637.6,未觀測到靠港,25.92225,120.29498,eez,2026-09-20T15:16:51.207587+00:00
412441873,MINGLIANYU65392,fishing,,412,China,中國,18,critical,5,6.7,3.8,0,taiwan-matsu-no-4;taiwan-penghu-kinmen-matsu-no-3-tpkm3;taiwan-strait-express-1-tse-1,0.0,0,0,,,,,362.3,未觀測到靠港,25.86466,120.25812,eez,2026-09-07T04:03:02.203275+00:00
412442115,MINLIANYU60982,fishing,,412,China,中國,18,critical,7,19.4,3.6,0,taiwan-matsu-no-4;taiwan-strait-express-1-tse-1,0.0,0,0,,,,,662.1,未觀測到靠港,25.98657,120.72343,eez,2026-09-20T13:20:28.204361+00:00
412442988,MINLIANYU60966,fishing,,412,China,中國,18,critical,7,7.5,3.3,0,taiwan-matsu-no-4;taiwan-penghu-kinmen-matsu-no-2-tpkm2;taiwan-penghu-kinmen-matsu-no-3-tpkm3;taiwan-strait-express-1-tse-1;trans-pacific-express-tpe-cable-system,0.0,0,0,,,,,653.7,未觀測到靠港,26.47808,121.84701,eez,2026-09-20T09:54:18.045676+00:00
412444236,MINLONGYU09832-----,fishing,,412,China,中國,18,critical,3,3.8,1.4,0,taiwan-penghu-kinmen-matsu-no-3-tpkm3,0.0,0,0,廈門 Xiamen,2026-09-04T00:32:15.198838+00:00,,,408.5,,24.30025,118.23303,eez,2026-09-21T04:27:30.978051+00:00
412444368,63829,fishing,,412,China,中國,18,critical,7,0,,0,taiwan-penghu-kinmen-matsu-no-3-tpkm3,0.0,0,0,,,,,653.7,未觀測到靠港,24.41541,117.97137,eez,2026-09-20T09:54:18.045676+00:00
412444568,09828,fishing,,412,China,中國,18,critical,7,0,,0,taiwan-penghu-kinmen-matsu-no-2-tpkm2;taiwan-penghu-kinmen-matsu-no-3-tpkm3,0.0,0,0,廈門 Xiamen,2026-08-24T09:36:53.209692+00:00,,,554.4,,24.28056,118.33721,eez,2026-09-20T13:20:28.204361+00:00
412444577,MINLONGYU09875,fishing,,412,China,中國,18,critical,3,0,,0,taiwan-penghu-kinmen-matsu-no-3-tpkm3,0.0,0,0,大嶝/圍頭灣 Weitou,2026-08-31T16:32:04.528899+00:00,,,459.0,,24.284183,118.326392,eez,2026-09-18T15:39:03.535122+00:00
412445533,01285,cargo,,412,China,中國,18,critical,2,7.8,3.0,1,taiwan-penghu-kinmen-matsu-no-2-tpkm2;taiwan-penghu-kinmen-matsu-no-3-tpkm3,1.5,0,0,,,,,624.7,未觀測到靠港,24.26837,118.68081,eez,2026-09-19T04:10:10.354503+00:00
412447433,MINLONGYU65786,fishing,,412,China,中國,18,critical,7,0,,0,taiwan-penghu-kinmen-matsu-no-2-tpkm2;taiwan-penghu-kinmen-matsu-no-3-tpkm3,0.0,0,0,廈門 Xiamen,2026-09-04T09:46:09.453323+00:00,,,399.4,,24.705452,119.163847,eez,2026-08-24T04:13:24.721954+00:00
412447545,MINLIANYU60997,fishing,,412,China,中國,18,critical,7,9.4,3.1,0,taiwan-matsu-no-4;taiwan-penghu-kinmen-matsu-no-2-tpkm2;taiwan-penghu-kinmen-matsu-no-3-tpkm3;taiwan-strait-express-1-tse-1,0.0,0,0,,,,,657.1,未觀測到靠港,26.44502,121.58227,eez,2026-09-20T13:20:28.204361+00:00
412447746,MINLIANYU60408,fishing,,412,China,中國,18,critical,7,6.3,3.1,0,taiwan-matsu-no-4;taiwan-penghu-kinmen-matsu-no-2-tpkm2;taiwan-penghu-kinmen-matsu-no-3-tpkm3;taiwan-strait-express-1-tse-1,0.0,0,0,,,,,657.1,未觀測到靠港,26.52972,121.59187,eez,2026-09-20T13:20:28.204361+00:00
412448947,MINXIAYU01106,fishing,,412,China,中國,18,critical,7,0,,0,eac-c2c;trans-pacific-express-tpe-cable-system,0.0,0,0,,,,,656.2,未觀測到靠港,26.40302,121.86986,eez,2026-09-20T17:48:31.226510+00:00
412450124,MIN LIAN YU YUN61478,fishing,,412,China,中國,18,critical,7,3.5,2.6,0,taiwan-matsu-no-4;taiwan-penghu-kinmen-matsu-no-2-tpkm2;taiwan-penghu-kinmen-matsu-no-3-tpkm3;taiwan-strait-express-1-tse-1,0.0,0,0,,,,,648.0,未觀測到靠港,26.31813,119.88224,eez,2026-09-19T15:11:46.365307+00:00
412451155,MIN LIAN YU61581,fishing,,412,China,中國,18,critical,7,8.6,1.7,0,taiwan-matsu-no-4;taiwan-penghu-kinmen-matsu-no-3-tpkm3,0.0,0,0,,,,,605.8,未觀測到靠港,26.11465,120.34618,eez,2026-09-20T15:16:51.207587+00:00
412704030,HAI GONG 169,tanker,,412,China,中國,18,critical,3,0,,0,taiwan-penghu-kinmen-matsu-no-2-tpkm2;taiwan-penghu-kinmen-matsu-no-3-tpkm3,1.7,0,0,泉州 Quanzhou,2026-09-19T12:47:06.687156+00:00,廈門 Xiamen,2026-09-20T04:29:26.367004+00:00,9.3,,24.430213,118.037333,eez,2026-09-21T04:27:30.978051+00:00
412888888,00088,fishing,,412,China,中國,18,critical,6,0,,0,taiwan-penghu-kinmen-matsu-no-3-tpkm3,0.0,0,0,,,,,886.7,未觀測到靠港,26.30549,120.141723,eez,2026-09-21T04:27:30.978051+00:00
412999999,XING GANG 8880,unknown,,412,China,中國,18,critical,7,2.2,,0,taiwan-penghu-kinmen-matsu-no-2-tpkm2;taiwan-penghu-kinmen-matsu-no-3-tpkm3,0.0,0,0,泉州 Quanzhou,2026-09-02T03:59:47.596863+00:00,,,418.4,,25.746133,119.620517,eez,2026-09-19T15:11:46.365307+00:00
413274360,JING HONG 37,cargo,,413,China,中國,18,critical,1,0,,0,cross-straits-cable-network;taiwan-penghu-kinmen-matsu-no-2-tpkm2;taiwan-penghu-kinmen-matsu-no-3-tpkm3,0.0,0,0,深滬灣/圍頭東 Shenhu,2026-09-19T04:48:00.298551+00:00,深滬灣/圍頭東 Shenhu,2026-09-19T22:35:05.123562+00:00,9.5,,24.539402,118.378467,eez,2026-09-20T15:16:51.207587+00:00
413315130,LONG MEN ZHI XING,cargo,,413,China,中國,18,critical,1,0,,0,cross-straits-cable-network;taiwan-penghu-kinmen-matsu-no-2-tpkm2;taiwan-penghu-kinmen-matsu-no-3-tpkm3,0.0,0,0,深滬灣/圍頭東 Shenhu,2026-09-17T21:50:39.945319+00:00,深滬灣/圍頭東 Shenhu,2026-09-18T13:16:21.388960+00:00,9.0,,24.538925,118.377733,eez,2026-09-18T15:39:03.535122+00:00
413376260,XING LONG 29,cargo,,413,China,中國,18,critical,2,0,,0,cross-straits-cable-network;taiwan-penghu-kinmen-matsu-no-2-tpkm2;taiwan-penghu-kinmen-matsu-no-3-tpkm3;taiwan-strait-express-1-tse-1,0.0,0,0,閩江口錨地 Minjiangkou,2026-09-19T04:48:00.298551+00:00,廈門 Xiamen,2026-09-20T09:54:18.045676+00:00,19.4,,24.520225,118.081,eez,2026-09-20T15:16:51.207587+00:00
413451656,MMSI-413451656,cargo,,413,China,中國,18,critical,7,5.7,3.1,1,taiwan-penghu-kinmen-matsu-no-2-tpkm2;taiwan-penghu-kinmen-matsu-no-3-tpkm3,0.0,0,0,,,,,860.6,未觀測到靠港,24.72788,119.136167,eez,2026-09-21T04:27:30.978051+00:00
416001117,NO366 JIN FU BAO,fishing,,416,Taiwan,台灣,18,critical,4,15.0,0.3,3,apcn-2;asia-pacific-gateway-apg;eac-c2c;h2-cable;pacific-light-cable-network-plcn;southeast-asia-japan-cable-2-sjc2,0.0,0,0,蘇澳港 Suao,2026-08-24T02:03:27.398663+00:00,,,60.4,,24.581328,122.241623,contiguous_zone,2026-09-20T04:29:26.367004+00:00
538008593,SC MONTREUX,cargo,,538,Marshall Is,馬紹爾群島,18,critical,7,13.0,2.7,0,apcn-2;eac-c2c,0.0,0,0,基隆港 Keelung,2026-09-03T21:31:20.880272+00:00,,,408.1,,20.332248,120.983832,eez,2026-09-21T00:40:54.264899+00:00
636021200,EVER COMMAND,cargo,,636,Liberia,賴比瑞亞,18,critical,7,0,,0,eac-c2c;taiwan-penghu-kinmen-matsu-no-2-tpkm2;taiwan-penghu-kinmen-matsu-no-3-tpkm3;taiwan-strait-express-1-tse-1;trans-pacific-express-tpe-cable-system,0.0,0,0,小港臨海新村漁港 Xiaogang,2026-08-24T09:36:53.209692+00:00,,,111.6,,26.458427,119.915905,eez,2026-08-29T02:56:44.800599+00:00
667001650,HUIXIN,tanker,,667,Sierra Leone,獅子山,18,critical,3,19.2,0.5,0,eac-c2c;trans-pacific-express-tpe-cable-system,0.0,1,0,,,,,881.1,未觀測到靠港,24.794227,120.18032,contiguous_zone,2026-09-20T21:08:32.217333+00:00
668116281,DING FONT,tanker,,668,Sao Tome Principe,聖多美,18,critical,7,0,,0,,9.6,1,0,,,,,894.9,未觀測到靠港,22.737597,120.173052,internal_waters,2026-09-21T00:40:54.264899+00:00
352003243,ITX HIGO,cargo,,352,Panama,巴拿馬,17,critical,2,0,,0,e2a;eac-c2c;taiwan-penghu-kinmen-matsu-no-2-tpkm2;taiwan-strait-express-1-tse-1,0.0,0,0,小港臨海新村漁港 Xiaogang,2026-09-19T04:48:00.298551+00:00,,,9.5,,23.067313,122.75249,eez,2026-09-19T19:05:56.114966+00:00
354118000,LOS ANDES BRIDGE,cargo,,354,Panama,巴拿馬,17,critical,7,0.8,,0,h2-cable;taiwan-penghu-kinmen-matsu-no-2-tpkm2;taiwan-penghu-kinmen-matsu-no-3-tpkm3;taiwan-strait-express-1-tse-1;trans-pacific-express-tpe-cable-system,0.0,0,0,廈門 Xiamen,2026-09-07T10:32:14.025579+00:00,,,18.6,,24.210823,118.510238,eez,2026-09-21T04:27:30.978051+00:00
412060089,MINLIANYU60089,fishing,,412,China,中國,17,critical,7,6.3,0.7,0,taiwan-penghu-kinmen-matsu-no-3-tpkm3;taiwan-strait-express-1-tse-1,0.0,0,0,,,,,549.8,未觀測到靠港,26.12752,119.79622,eez,2026-09-21T04:27:30.978051+00:00
412060779,MINLONGYU60779,fishing,,412,China,中國,17,critical,7,3.8,2.3,0,taiwan-penghu-kinmen-matsu-no-2-tpkm2;taiwan-penghu-kinmen-matsu-no-3-tpkm3,0.0,0,0,,,,,672.2,未觀測到靠港,24.24947,118.40806,eez,2026-09-21T04:27:30.978051+00:00
412357090,XIN HONG 998,cargo,,412,China,中國,17,critical,7,0,,0,taiwan-strait-express-1-tse-1,3.1,0,0,閩江口錨地 Minjiangkou,2026-08-20T05:00:09.722056+00:00,,,385.9,,27.745445,121.001488,eez,2026-09-05T09:11:06.137565+00:00
412371670,SHUN TAI 88,cargo,,412,China,中國,17,critical,1,0,,0,apcn-2;taiwan-penghu-kinmen-matsu-no-2-tpkm2,0.0,0,0,廈門 Xiamen,2026-09-19T16:10:04.172949+00:00,,,10.0,,23.294517,116.964533,eez,2026-09-20T05:05:13.918990+00:00
412380660,TUAN JIE FANG ZHOU,cargo,,412,China,中國,17,critical,7,0,,0,taiwan-penghu-kinmen-matsu-no-2-tpkm2;taiwan-penghu-kinmen-matsu-no-3-tpkm3;taiwan-strait-express-1-tse-1,0.0,0,0,廈門 Xiamen,2026-09-19T19:05:56.114966+00:00,福州馬尾 Fuzhou-Mawei,2026-09-20T17:48:31.226510+00:00,16.7,,26.002617,119.47732,eez,2026-09-21T04:27:30.978051+00:00
412440213,MINLIANYU60456,fishing,,412,China,中國,17,critical,7,8.6,3.1,0,eac-c2c;taiwan-matsu-no-4;taiwan-penghu-kinmen-matsu-no-2-tpkm2;taiwan-penghu-kinmen-matsu-no-3-tpkm3;taiwan-strait-express-1-tse-1;trans-pacific-express-tpe-cable-system,0.0,0,0,,,,,661.6,未觀測到靠港,26.49919,121.8524,eez,2026-09-20T17:48:31.226510+00:00
412441066,MINLIANYU65391,fishing,,412,China,中國,17,critical,7,6.7,3.5,0,taiwan-matsu-no-4;taiwan-penghu-kinmen-matsu-no-3-tpkm3;taiwan-strait-express-1-tse-1,0.0,0,0,,,,,334.9,未觀測到靠港,25.87034,120.25431,eez,2026-09-07T04:03:02.203275+00:00
412441139,MINLIANYU,fishing,,412,China,中國,17,critical,7,17.8,1.6,0,taiwan-matsu-no-4;taiwan-penghu-kinmen-matsu-no-3-tpkm3,0.0,0,0,,,,,672.2,未觀測到靠港,26.4144,120.36361,eez,2026-09-21T04:27:30.978051+00:00
412441242,MINLIANYU60497,fishing,,412,China,中國,17,critical,1,0.8,,0,taiwan-matsu-no-4;taiwan-penghu-kinmen-matsu-no-3-tpkm3,0.0,0,0,,,,,568.9,未觀測到靠港,26.2902,120.50295,eez,2026-09-21T04:27:30.978051+00:00
412441313,MIN LIAN YU 60458,fishing,,412,China,中國,17,critical,7,6.5,0.9,1,taiwan-penghu-kinmen-matsu-no-3-tpkm3,0.0,0,0,,,,,535.0,未觀測到靠港,26.36954,119.98422,eez,2026-09-20T09:54:18.045676+00:00
412441684,MIN LIAN YU 60981,fishing,,412,China,中國,17,critical,6,11.7,3.9,0,taiwan-matsu-no-4;taiwan-penghu-kinmen-matsu-no-3-tpkm3;taiwan-strait-express-1-tse-1,0.0,0,0,,,,,672.2,未觀測到靠港,26.12945,120.23674,eez,2026-08-24T05:07:50.163540+00:00
412442126,MINLIANYUYUN61189,fishing,,412,China,中國,17,critical,3,5.3,0.5,0,taiwan-matsu-no-4;taiwan-penghu-kinmen-matsu-no-3-tpkm3;taiwan-strait-express-1-tse-1,0.0,0,0,,,,,543.2,未觀測到靠港,26.31063,120.053,eez,2026-09-21T04:27:30.978051+00:00
412442515,MINXIAYU08221,fishing,,412,China,中國,17,critical,7,9.7,3.9,0,taiwan-strait-express-1-tse-1,0.0,0,0,,,,,530.1,未觀測到靠港,26.01282,119.74222,eez,2026-09-20T05:05:13.918990+00:00
412442708,MINLIANYU61878,fishing,,412,China,中國,17,critical,7,7.9,4.0,1,taiwan-matsu-no-4;taiwan-penghu-kinmen-matsu-no-2-tpkm2;taiwan-penghu-kinmen-matsu-no-3-tpkm3;taiwan-strait-express-1-tse-1,0.0,0,0,,,,,672.2,未觀測到靠港,26.13855,120.86468,eez,2026-09-21T04:27:30.978051+00:00
412443943,MINFUZHOUYU65895,fishing,,412,China,中國,17,critical,6,19.7,1.4,0,taiwan-penghu-kinmen-matsu-no-3-tpkm3;taiwan-strait-express-1-tse-1,0.0,0,0,閩江口錨地 Minjiangkou,2026-08-25T09:06:24.201787+00:00,,,495.0,,26.06254,120.13577,eez,2026-09-18T17:58:30.098529+00:00
412444172,MIN LONG YU 60229,fishing,,412,China,中國,17,critical,5,11.9,3.8,1,taiwan-penghu-kinmen-matsu-no-3-tpkm3,0.0,0,0,,,,,597.4,未觀測到靠港,24.26776,118.6084,eez,2026-09-18T00:54:25.501237+00:00
412444244,MIN LONG YU 61296,fishing,,412,China,中國,17,critical,2,0.9,,0,taiwan-penghu-kinmen-matsu-no-3-tpkm3,0.0,0,0,,,,,639.6,未觀測到靠港,24.0319,118.29596,eez,2026-09-19T19:05:56.114966+00:00
412444574,MINLONGYUYUN60730,fishing,,412,China,中國,17,critical,1,7.6,2.2,0,taiwan-penghu-kinmen-matsu-no-2-tpkm2;taiwan-penghu-kinmen-matsu-no-3-tpkm3,0.0,0,0,,,,,660.7,未觀測到靠港,24.81396,119.69644,eez,2026-09-20T17:48:31.226510+00:00
412444629,MINLONGYU63883,fishing,,412,China,中國,17,critical,3,3.5,1.2,2,taiwan-penghu-kinmen-matsu-no-2-tpkm2,0.0,0,0,廈門 Xiamen,2026-09-01T04:37:22.691006+00:00,,,399.8,,24.29094,118.25317,eez,2026-09-20T13:20:28.204361+00:00
412444641,09803,fishing,,412,China,中國,17,critical,2,0.7,,0,taiwan-penghu-kinmen-matsu-no-2-tpkm2;taiwan-penghu-kinmen-matsu-no-3-tpkm3,0.0,0,0,廈門 Xiamen,2026-09-01T18:03:58.033746+00:00,,,388.0,,24.18585,118.308342,eez,2026-09-01T10:15:55.563560+00:00
412444707,MINLONGYU09801,fishing,,412,China,中國,17,critical,1,0,,0,taiwan-penghu-kinmen-matsu-no-3-tpkm3,0.0,0,0,,,,,792.3,未觀測到靠港,24.227063,118.324035,eez,2026-08-20T23:17:11.148940+00:00
412444945,MINLONGYU65888,fishing,,412,China,中國,17,critical,1,0,,0,taiwan-penghu-kinmen-matsu-no-2-tpkm2,0.0,0,0,,,,,637.9,未觀測到靠港,24.33787,118.60065,eez,2026-09-18T15:39:03.535122+00:00
412444989,MINLIANYUYUN60066,fishing,,412,China,中國,17,critical,5,4.9,3.5,0,taiwan-matsu-no-4;taiwan-penghu-kinmen-matsu-no-3-tpkm3;taiwan-strait-express-1-tse-1,0.0,0,0,,,,,635.5,未觀測到靠港,26.93937,121.88505,eez,2026-09-18T13:16:21.388960+00:00
412444997,MINLIANYU60036,fishing,,412,China,中國,17,critical,7,14.0,3.0,0,taiwan-matsu-no-4;taiwan-penghu-kinmen-matsu-no-2-tpkm2;taiwan-penghu-kinmen-matsu-no-3-tpkm3;taiwan-strait-express-1-tse-1,0.0,0,0,,,,,672.2,未觀測到靠港,26.36002,119.99903,eez,2026-09-21T04:27:30.978051+00:00
412445058,60572,fishing,,412,China,中國,17,critical,1,0,,0,taiwan-penghu-kinmen-matsu-no-3-tpkm3,0.0,0,0,廈門 Xiamen,2026-09-02T04:48:40.622480+00:00,,,425.8,,24.30572,118.13428,eez,2026-09-20T15:16:51.207587+00:00
412445637,MINLIANYU60011,fishing,,412,China,中國,17,critical,7,8.5,3.1,0,taiwan-matsu-no-4;taiwan-penghu-kinmen-matsu-no-2-tpkm2;taiwan-penghu-kinmen-matsu-no-3-tpkm3;taiwan-strait-express-1-tse-1;trans-pacific-express-tpe-cable-system,0.0,0,0,,,,,661.6,未觀測到靠港,26.43425,121.73018,eez,2026-09-20T17:48:31.226510+00:00
412446421,MINLIANYU62167,fishing,,412,China,中國,17,critical,7,8.1,4.3,1,taiwan-matsu-no-4;taiwan-penghu-kinmen-matsu-no-3-tpkm3;taiwan-strait-express-1-tse-1,0.0,0,0,,,,,659.1,未觀測到靠港,26.00399,120.33077,eez,2026-09-21T04:27:30.978051+00:00
412510058,MINLONGWENYU65186,fishing,,412,China,中國,17,critical,7,3.4,2.3,2,cross-straits-cable-network,0.0,0,0,廈門 Xiamen,2026-08-24T09:10:07.742639+00:00,,,516.6,,24.44531,118.19679,eez,2026-09-21T04:27:30.978051+00:00
412521070,FU FENG 6,cargo,,412,China,中國,17,critical,1,5.4,0.6,1,asia-united-gateway-east-aug-east;faster;taiwan-strait-express-1-tse-1,0.0,0,0,高雄港 Kaohsiung,2026-09-06T04:52:03.960094+00:00,,,354.9,,25.16068,121.396308,internal_waters,2026-09-21T04:27:30.978051+00:00
412570730,HAI YING 16,cargo,,412,China,中國,17,critical,7,0,,0,taiwan-strait-express-1-tse-1,0.0,0,0,福清灣/海壇 Fuqing,2026-08-28T11:34:06.990542+00:00,福清灣/海壇 Fuqing,2026-09-06T04:52:03.960094+00:00,199.6,,25.940783,119.3841,eez,2026-09-07T10:32:14.025579+00:00
412704040,TAI GANG,cargo,,412,China,中國,17,critical,1,0,,0,taiwan-penghu-kinmen-matsu-no-2-tpkm2;taiwan-penghu-kinmen-matsu-no-3-tpkm3,8.6,0,0,廈門 Xiamen,2026-09-17T15:23:12.849902+00:00,,,12.1,,24.516222,118.55789,eez,2026-09-18T04:12:56.781029+00:00
413221780,HUA XIN CHANG HE,cargo,,413,China,中國,17,critical,7,0,,0,taiwan-penghu-kinmen-matsu-no-2-tpkm2;taiwan-penghu-kinmen-matsu-no-3-tpkm3;taiwan-strait-express-1-tse-1,0.0,0,0,廈門 Xiamen,2026-09-05T15:42:59.107474+00:00,,,369.8,,26.320025,119.872987,eez,2026-09-21T04:27:30.978051+00:00
413240370,HUIYING169,cargo,,413,China,中國,17,critical,7,6.1,1.1,0,southeast-asia-japan-cable-sjc;taiwan-penghu-kinmen-matsu-no-2-tpkm2;taiwan-penghu-kinmen-matsu-no-3-tpkm3;taiwan-strait-express-1-tse-1,0.0,0,0,汕頭 Shantou,2026-09-04T09:46:09.453323+00:00,,,59.5,,26.479342,119.87184,eez,2026-09-07T00:30:10.743445+00:00
413254970,LIAN SHENG 869,cargo,,413,China,中國,17,critical,6,0,,0,taiwan-strait-express-1-tse-1,25.8,0,0,,,,,879.2,未觀測到靠港,24.431658,117.86864,eez,2026-09-19T04:10:10.354503+00:00
413277380,HEHUI,cargo,,413,China,中國,17,critical,7,0,,0,eac-c2c;taiwan-penghu-kinmen-matsu-no-2-tpkm2;taiwan-penghu-kinmen-matsu-no-3-tpkm3;taiwan-strait-express-1-tse-1,6.4,0,0,台北港 Taipei,2026-08-16T07:06:24.471320+00:00,,,845.5,,27.011705,121.37297,eez,2026-09-20T13:20:28.204361+00:00
413330880,HAICHUAN8,cargo,,413,China,中國,17,critical,2,0.9,,0,taiwan-penghu-kinmen-matsu-no-2-tpkm2;taiwan-penghu-kinmen-matsu-no-3-tpkm3;taiwan-strait-express-1-tse-1,0.0,0,0,廈門 Xiamen,2026-09-03T15:37:40.614154+00:00,,,394.2,,27.745125,120.994387,eez,2026-09-20T04:29:26.367004+00:00
413351880,JIA NAN 33,cargo,,413,China,中國,17,critical,7,0,,0,taiwan-penghu-kinmen-matsu-no-2-tpkm2,0.0,0,0,湄洲灣泉港 Meizhouwan,2026-09-19T19:05:56.114966+00:00,湄洲灣泉港 Meizhouwan,2026-09-21T00:40:54.264899+00:00,19.2,,24.903178,119.07912,eez,2026-09-21T00:40:54.264899+00:00
413371410,BAO XIN HAI,cargo,,413,China,中國,17,critical,7,15.5,0.2,0,taiwan-penghu-kinmen-matsu-no-2-tpkm2;taiwan-penghu-kinmen-matsu-no-3-tpkm3,0.0,0,0,深滬灣/圍頭東 Shenhu,2026-08-29T13:14:06.253758+00:00,,,193.8,,27.01433,120.553558,eez,2026-09-06T15:54:14.180092+00:00
413400630,HAI XIN YOU 602,tanker,,413,China,中國,17,critical,2,0,,0,southeast-asia-japan-cable-sjc;taiwan-penghu-kinmen-matsu-no-2-tpkm2;taiwan-penghu-kinmen-matsu-no-3-tpkm3,1.3,0,0,同安灣/廈門灣北 Tongan,2026-09-19T04:48:00.298551+00:00,莆田湄洲灣 Putian,2026-09-19T19:05:56.114966+00:00,6.5,,25.05455,119.052157,eez,2026-09-21T00:40:54.264899+00:00
413467310,ZHONG RUI HAI,cargo,,413,China,中國,17,critical,1,0,,0,taiwan-penghu-kinmen-matsu-no-3-tpkm3;taiwan-strait-express-1-tse-1,0.0,0,0,,,,,872.8,未觀測到靠港,27.056038,120.309813,eez,2026-09-18T15:39:03.535122+00:00
413510870,WAI YUN WAN QU 001,cargo,,413,China,中國,17,critical,7,0,,0,taiwan-penghu-kinmen-matsu-no-2-tpkm2;taiwan-penghu-kinmen-matsu-no-3-tpkm3;taiwan-strait-express-1-tse-1,0.0,0,0,廈門 Xiamen,2026-09-20T13:20:28.204361+00:00,,,13.2,,25.264153,119.782933,eez,2026-09-21T04:27:30.978051+00:00
413529220,HE HAI DING BANG,cargo,,413,China,中國,17,critical,6,2.5,,0,asia-direct-cable-adc;seamewe-3;southeast-asia-japan-cable-sjc;taiwan-penghu-kinmen-matsu-no-2-tpkm2;taiwan-penghu-kinmen-matsu-no-3-tpkm3,0.0,0,0,泉州 Quanzhou,2026-09-18T00:54:25.501237+00:00,汕頭港外 Shantou-appr,2026-09-18T21:22:29.428453+00:00,13.8,,23.269613,116.848,eez,2026-09-19T04:48:00.298551+00:00
413587240,HENG ZHOU 005,tanker,,413,China,中國,17,critical,1,0,,0,taiwan-matsu-no-4;taiwan-penghu-kinmen-matsu-no-2-tpkm2;taiwan-penghu-kinmen-matsu-no-3-tpkm3,0.0,0,0,湄洲灣泉港 Meizhouwan,2026-08-22T09:18:02.581605+00:00,湄洲灣泉港 Meizhouwan,2026-09-05T20:49:42.874052+00:00,343.5,,25.01381,119.045827,eez,2026-09-07T04:57:56.102287+00:00
413690810,YING HAI 29,cargo,,413,China,中國,17,critical,1,0,,0,taiwan-penghu-kinmen-matsu-no-2-tpkm2;taiwan-penghu-kinmen-matsu-no-3-tpkm3;taiwan-strait-express-1-tse-1,0.0,0,0,廈門 Xiamen,2026-09-20T00:31:18.688825+00:00,,,0.0,,24.35405,118.2795,eez,2026-09-20T04:29:26.367004+00:00
413697130,DE QI 6,cargo,,413,China,中國,17,critical,1,0,,0,taiwan-penghu-kinmen-matsu-no-2-tpkm2;taiwan-penghu-kinmen-matsu-no-3-tpkm3;taiwan-strait-express-1-tse-1,0.0,0,0,廈門 Xiamen,2026-09-19T12:47:06.687156+00:00,廈門 Xiamen,2026-09-19T22:35:05.123562+00:00,0.0,,24.420937,118.060922,eez,2026-09-20T00:31:18.688825+00:00
413699010,HUA XIN 117,cargo,,413,China,中國,17,critical,7,2.3,,0,taiwan-penghu-kinmen-matsu-no-2-tpkm2;taiwan-penghu-kinmen-matsu-no-3-tpkm3;taiwan-strait-express-1-tse-1,0.0,0,0,廈門 Xiamen,2026-09-20T09:54:18.045676+00:00,,,13.2,,24.452228,117.9828,eez,2026-09-21T04:27:30.978051+00:00
413699940,XING TONG 19,tanker,,413,China,中國,17,critical,5,0,,0,taiwan-penghu-kinmen-matsu-no-2-tpkm2;taiwan-penghu-kinmen-matsu-no-3-tpkm3;taiwan-strait-express-1-tse-1,0.0,0,0,湄洲灣泉港 Meizhouwan,2026-09-20T15:16:51.207587+00:00,漳州東山 Dongshan,2026-09-21T04:27:30.978051+00:00,3.5,,23.710378,117.555382,eez,2026-09-21T04:27:30.978051+00:00
413702550,FU XIN518,cargo,,413,China,中國,17,critical,5,0,,0,taiwan-strait-express-1-tse-1,11.6,0,0,,,,,872.9,未觀測到靠港,24.431922,117.871027,eez,2026-09-19T04:48:00.298551+00:00
413703240,RONGHAI99,cargo,,413,China,中國,17,critical,4,0,,0,taiwan-penghu-kinmen-matsu-no-2-tpkm2;taiwan-penghu-kinmen-matsu-no-3-tpkm3,0.0,0,0,廈門 Xiamen,2026-08-29T07:12:39.299265+00:00,,,5.3,,23.284758,116.96044,eez,2026-08-29T21:24:09.012880+00:00
413703250,QIAN  HAI  83,cargo,,413,China,中國,17,critical,7,0,,0,taiwan-penghu-kinmen-matsu-no-2-tpkm2;taiwan-penghu-kinmen-matsu-no-3-tpkm3,6.6,0,0,泉州 Quanzhou,2026-09-20T04:29:26.367004+00:00,,,0.0,,24.74035,118.801627,eez,2026-09-20T15:16:51.207587+00:00
413706840,FANG ZHOU 33,cargo,,413,China,中國,17,critical,7,0,,0,taiwan-penghu-kinmen-matsu-no-2-tpkm2;taiwan-penghu-kinmen-matsu-no-3-tpkm3,0.0,0,0,湄洲灣泉港 Meizhouwan,2026-09-19T09:38:25.125307+00:00,廈門 Xiamen,2026-09-21T00:40:54.264899+00:00,3.3,,24.441133,118.04016,eez,2026-09-21T04:27:30.978051+00:00
416001418,0,fishing,,416,Taiwan,台灣,17,critical,3,9.8,2.7,1,candle;flag-north-asia-loopreach-north-asia-loop;h2-cable;hong-kong-americas-hka;orca,0.0,0,0,蘇澳港 Suao,2026-09-02T00:40:45.000416+00:00,,,378.2,,24.829888,121.983307,territorial_sea,2026-09-19T04:10:10.354503+00:00
416004998,WU ZHOU CHUANG YUAN,cargo,,416,Taiwan,台灣,17,critical,1,0,,0,taiwan-penghu-kinmen-matsu-no-3-tpkm3,0.0,0,0,廈門 Xiamen,2026-09-07T04:57:56.102287+00:00,前鎮漁港 Qianzhen,2026-09-18T00:54:25.501237+00:00,251.3,,22.593648,120.291567,internal_waters,2026-09-19T15:11:46.365307+00:00
416014641,960067,cargo,,416,Taiwan,台灣,17,critical,1,0,,0,,0.0,0,0,風櫃西漁港 Fenggui_W,2026-09-07T04:57:56.102287+00:00,東嶼坪漁港 Dongyuping,2026-09-18T04:12:56.781029+00:00,254.4,,23.257048,119.511703,internal_waters,2026-09-18T04:12:56.781029+00:00
440187000,JN IRIS,tanker,,440,Korea,韓國,17,critical,7,12.6,0.0,0,eac-c2c;taiwan-strait-express-1-tse-1;trans-pacific-express-tpe-cable-system,0.0,1,0,台中港 Taichung,2026-08-21T05:00:30.100916+00:00,,,30.5,,26.362333,122.208433,eez,2026-08-22T12:26:21.545854+00:00
477271500,DONG FANG FUZHOU,cargo,,477,Hong Kong,香港,17,critical,7,0,,0,taiwan-penghu-kinmen-matsu-no-2-tpkm2;taiwan-penghu-kinmen-matsu-no-3-tpkm3,0.0,0,0,廈門 Xiamen,2026-09-18T17:58:30.098529+00:00,廈門 Xiamen,2026-09-21T00:40:54.264899+00:00,47.8,,24.50353,118.074172,eez,2026-09-21T04:27:30.978051+00:00
477524300,MILD TUNE,cargo,,477,Hong Kong,香港,17,critical,7,6.6,1.2,0,taiwan-matsu-no-4;taiwan-penghu-kinmen-matsu-no-2-tpkm2;taiwan-penghu-kinmen-matsu-no-3-tpkm3,0.0,0,0,廈門 Xiamen,2026-09-20T00:31:18.688825+00:00,,,0.6,,23.657182,117.71169,eez,2026-09-20T05:05:13.918990+00:00
563312900,EVER WORLD,cargo,,563,Singapore,新加坡,17,critical,6,0,,0,eac-c2c;faster;taiwan-matsu-no-4;taiwan-penghu-kinmen-matsu-no-2-tpkm2;taiwan-penghu-kinmen-matsu-no-3-tpkm3;trans-pacific-express-tpe-cable-system,0.0,0,0,鳳鼻頭漁港 Fengbitou,2026-09-19T04:48:00.298551+00:00,,,6.5,,21.774208,118.50923,eez,2026-09-19T16:10:04.172949+00:00
620800141,SHUN FONG,cargo,,620,Comoros,葛摩,17,critical,7,0,,0,taiwan-penghu-kinmen-matsu-no-2-tpkm2;taiwan-penghu-kinmen-matsu-no-3-tpkm3,6.7,1,0,,,,,514.0,未觀測到靠港,22.681672,120.178898,internal_waters,2026-09-05T09:11:06.137565+00:00
620999903,MAGICIAN 66,cargo,,620,Comoros,葛摩,17,critical,7,36.0,0.4,0,eac-c2c;taiwan-penghu-kinmen-matsu-no-3-tpkm3;taiwan-strait-express-1-tse-1;trans-pacific-express-tpe-cable-system,0.0,1,0,,,,,813.3,未觀測到靠港,22.690902,120.156107,internal_waters,2026-09-21T04:27:30.978051+00:00
620999966,HAI XIN,cargo,,620,Comoros,葛摩,17,critical,7,0,,0,,18.6,1,0,旗津漁港 Qijin,2026-09-05T00:28:43.331771+00:00,,,384.5,,22.879238,120.074017,internal_waters,2026-09-21T04:27:30.978051+00:00
631010157,HUIZHOU,tanker,,631,Equ. Guinea,赤道幾內亞,17,critical,7,22.1,1.3,0,eac-c2c;taiwan-penghu-kinmen-matsu-no-2-tpkm2;taiwan-penghu-kinmen-matsu-no-3-tpkm3;taiwan-strait-express-1-tse-1;trans-pacific-express-tpe-cable-system,0.0,1,0,,,,,392.7,未觀測到靠港,25.478192,120.633558,eez,2026-09-05T03:57:25.117144+00:00
667001413,FUSHUN8,tanker,,667,Sierra Leone,獅子山,17,critical,7,47.7,0.3,1,eac-c2c;taiwan-matsu-no-4;taiwan-penghu-kinmen-matsu-no-2-tpkm2;taiwan-penghu-kinmen-matsu-no-3-tpkm3;taiwan-strait-express-1-tse-1;trans-pacific-express-tpe-cable-system,0.0,1,0,,,,,898.7,未觀測到靠港,22.715245,120.185612,internal_waters,2026-09-21T04:27:30.978051+00:00
677072200,VIVI,cargo,,677,Tanzania,坦尚尼亞,17,critical,7,19.0,0.6,0,taiwan-penghu-kinmen-matsu-no-3-tpkm3,17.3,1,0,,,,,721.8,未觀測到靠港,22.707027,120.053902,internal_waters,2026-09-19T19:05:56.114966+00:00
205433000,MMSI-205433000,cargo,,205,Belgium,比利時,16,critical,7,17.4,1.1,0,eac-c2c;taiwan-penghu-kinmen-matsu-no-2-tpkm2;taiwan-penghu-kinmen-matsu-no-3-tpkm3;taiwan-strait-express-1-tse-1;trans-pacific-express-tpe-cable-system,0.0,1,0,麗水漁港 Lishui,2026-08-16T15:12:17.466969+00:00,,,176.9,,27.034815,121.981958,eez,2026-08-24T02:03:27.398663+00:00
312960000,TA CHIN,cargo,,312,Belize,貝里斯,16,critical,7,5.2,4.4,0,eac-c2c;taiwan-matsu-no-4;taiwan-penghu-kinmen-matsu-no-2-tpkm2;taiwan-penghu-kinmen-matsu-no-3-tpkm3;trans-pacific-express-tpe-cable-system,0.0,1,0,高雄港 Kaohsiung,2026-09-04T13:01:24.739239+00:00,,,396.8,,22.77489,120.156402,internal_waters,2026-09-21T04:27:30.978051+00:00
352004467,JUI HO,cargo,,352,Panama,巴拿馬,16,critical,7,6.0,0.2,0,asia-united-gateway-east-aug-east;eac-c2c;flag-north-asia-loopreach-north-asia-loop;taiwan-penghu-kinmen-matsu-no-2-tpkm2;tpu,0.0,0,0,台中港 Taichung,2026-09-02T13:05:35.852197+00:00,,,444.6,,22.606233,120.284083,internal_waters,2026-09-21T04:27:30.978051+00:00
352005250,EARTH TWIN,cargo,,352,Panama,巴拿馬,16,critical,6,0,,0,apcn-2;asia-united-gateway-east-aug-east;eac-c2c;faster;taiwan-penghu-kinmen-matsu-no-3-tpkm3;taiwan-strait-express-1-tse-1,0.0,0,0,前鎮漁港 Qianzhen,2026-08-27T04:09:01.110749+00:00,,,46.5,,23.236757,122.737195,eez,2026-08-29T07:12:39.299265+00:00
370359000,C.S EXPLORATION,cargo,,370,Panama,巴拿馬,16,critical,7,3.8,1.4,0,taiwan-penghu-kinmen-matsu-no-2-tpkm2;taiwan-penghu-kinmen-matsu-no-3-tpkm3,0.0,1,0,,,,,190.5,未觀測到靠港,22.52485,120.252627,internal_waters,2026-09-07T10:32:14.025579+00:00
412000008,DONDXIDONGYANG008,fishing,,412,China,中國,16,critical,1,0,,0,,0.0,0,0,漳州東山 Dongshan,2026-08-24T02:03:27.398663+00:00,,,593.3,,23.598813,117.602495,eez,2026-09-05T14:24:01.115311+00:00
412061157,61157,unknown,,412,China,中國,16,critical,7,5.7,3.9,0,taiwan-penghu-kinmen-matsu-no-2-tpkm2;taiwan-penghu-kinmen-matsu-no-3-tpkm3,0.0,0,0,,,,,342.3,未觀測到靠港,24.00007,118.64202,eez,2026-09-07T10:32:14.025579+00:00
412063180,MIN DONG YU 63180,fishing,,412,China,中國,16,critical,1,0,,0,,0.0,0,0,漳州東山 Dongshan,2026-09-06T12:28:17.682022+00:00,,,274.1,,23.57923,117.50118,eez,2026-09-18T00:54:25.501237+00:00
412066758,66758,unknown,,412,China,中國,16,critical,6,2.6,,0,taiwan-penghu-kinmen-matsu-no-2-tpkm2;taiwan-penghu-kinmen-matsu-no-3-tpkm3,0.0,0,0,,,,,650.8,未觀測到靠港,24.12883,118.85129,eez,2026-09-20T04:29:26.367004+00:00
412441122,MINLIANYU60197,fishing,,412,China,中國,16,critical,2,8.9,0.9,2,taiwan-matsu-no-4;taiwan-penghu-kinmen-matsu-no-3-tpkm3,0.0,0,0,,,,,535.0,未觀測到靠港,26.25522,120.36732,eez,2026-09-20T09:54:18.045676+00:00
412441235,MINLIANYU61757,fishing,,412,China,中國,16,critical,1,2.9,,0,taiwan-matsu-no-4;taiwan-penghu-kinmen-matsu-no-2-tpkm2;taiwan-penghu-kinmen-matsu-no-3-tpkm3,0.0,0,0,,,,,643.9,未觀測到靠港,26.05092,120.85258,eez,2026-09-19T04:48:00.298551+00:00
412441236,MINLIANYU68975,fishing,,412,China,中國,16,critical,5,4.7,0.6,1,taiwan-matsu-no-4;taiwan-penghu-kinmen-matsu-no-2-tpkm2;taiwan-penghu-kinmen-matsu-no-3-tpkm3;taiwan-strait-express-1-tse-1,0.0,0,0,,,,,852.6,未觀測到靠港,23.499292,117.472762,eez,2026-09-07T04:57:56.102287+00:00
412441268,MINLIANYU61518,fishing,,412,China,中國,16,critical,4,12.9,2.8,6,taiwan-matsu-no-4;taiwan-penghu-kinmen-matsu-no-3-tpkm3;taiwan-strait-express-1-tse-1,0.0,0,0,,,,,650.5,未觀測到靠港,26.30967,120.33286,eez,2026-09-21T04:27:30.978051+00:00
412441325,MINLIANYU60085,fishing,,412,China,中國,16,critical,7,8.1,3.4,1,taiwan-matsu-no-4;taiwan-penghu-kinmen-matsu-no-2-tpkm2;taiwan-penghu-kinmen-matsu-no-3-tpkm3;taiwan-strait-express-1-tse-1,0.0,0,0,,,,,672.2,未觀測到靠港,25.87494,120.66399,eez,2026-09-21T04:27:30.978051+00:00
412441388,MINLIANYU68863,fishing,,412,China,中國,16,critical,2,11.5,0.6,0,taiwan-matsu-no-4;taiwan-penghu-kinmen-matsu-no-3-tpkm3;taiwan-strait-express-1-tse-1,0.0,0,0,,,,,672.2,未觀測到靠港,26.01208,119.82524,eez,2026-09-21T04:27:30.978051+00:00
412441444,MINLIANYU60066,fishing,,412,China,中國,16,critical,7,4.1,2.8,0,taiwan-matsu-no-4;taiwan-penghu-kinmen-matsu-no-3-tpkm3;taiwan-strait-express-1-tse-1,0.0,0,0,,,,,672.2,未觀測到靠港,25.93077,120.6641,eez,2026-09-21T04:27:30.978051+00:00
412441602,MINLIANYU60935,fishing,,412,China,中國,16,critical,6,10.9,2.4,0,taiwan-matsu-no-4;taiwan-penghu-kinmen-matsu-no-2-tpkm2;taiwan-penghu-kinmen-matsu-no-3-tpkm3;taiwan-strait-express-1-tse-1,0.0,0,0,,,,,651.9,未觀測到靠港,26.61239,121.58528,eez,2026-09-19T12:47:06.687156+00:00
412441638,MINLIANYUYUN60430,cargo,,412,China,中國,16,critical,2,0,,0,taiwan-penghu-kinmen-matsu-no-2-tpkm2;taiwan-penghu-kinmen-matsu-no-3-tpkm3;taiwan-strait-express-1-tse-1,0.0,0,0,,,,,613.5,未觀測到靠港,26.41588,120.05963,eez,2026-09-19T22:35:05.123562+00:00
412441655,MINLIANYU60487,fishing,,412,China,中國,16,critical,6,5.2,3.4,0,taiwan-matsu-no-4;taiwan-penghu-kinmen-matsu-no-2-tpkm2;taiwan-penghu-kinmen-matsu-no-3-tpkm3;taiwan-strait-express-1-tse-1,0.0,0,0,泉州 Quanzhou,2026-09-03T00:53:07.140559+00:00,,,351.7,,24.4581,118.80402,eez,2026-09-18T09:56:57.204478+00:00
412441699,MIN LIAN YU 68888,fishing,,412,China,中國,16,critical,7,10.6,3.1,0,taiwan-matsu-no-4;taiwan-penghu-kinmen-matsu-no-2-tpkm2;taiwan-penghu-kinmen-matsu-no-3-tpkm3;taiwan-strait-express-1-tse-1,0.0,0,0,,,,,668.5,未觀測到靠港,26.15676,121.13166,eez,2026-09-21T00:40:54.264899+00:00
412442105,MINLIANYU68896,fishing,,412,China,中國,16,critical,6,15.4,1.7,0,taiwan-matsu-no-4;taiwan-penghu-kinmen-matsu-no-2-tpkm2;taiwan-penghu-kinmen-matsu-no-3-tpkm3,0.0,0,0,,,,,628.4,未觀測到靠港,26.78794,121.81141,eez,2026-09-18T13:16:21.388960+00:00
412442406,MINLIANYUYUN66156,unknown,,412,China,中國,16,critical,4,3.3,1.1,0,taiwan-matsu-no-4;taiwan-penghu-kinmen-matsu-no-2-tpkm2;taiwan-penghu-kinmen-matsu-no-3-tpkm3;taiwan-strait-express-1-tse-1,0.0,0,0,,,,,380.1,未觀測到靠港,25.87067,120.25269,eez,2026-09-07T04:57:56.102287+00:00
412442463,MINCHANGYU23166,fishing,,412,China,中國,16,critical,6,21.8,1.6,0,taiwan-penghu-kinmen-matsu-no-3-tpkm3;taiwan-strait-express-1-tse-1,0.0,0,0,閩江口錨地 Minjiangkou,2026-08-26T16:10:14.987861+00:00,,,522.7,,26.05647,120.13155,eez,2026-09-19T15:11:46.365307+00:00
412442975,MINLIANYU60415,fishing,,412,China,中國,16,critical,2,4.5,2.5,0,taiwan-matsu-no-4;taiwan-penghu-kinmen-matsu-no-2-tpkm2;taiwan-penghu-kinmen-matsu-no-3-tpkm3;taiwan-strait-express-1-tse-1,0.0,0,0,,,,,672.2,未觀測到靠港,26.308787,120.877767,eez,2026-09-20T21:08:32.217333+00:00
412443018,MINCHANGYU-23018,fishing,,412,China,中國,16,critical,1,0,,0,taiwan-strait-express-1-tse-1,0.0,0,0,閩江口錨地 Minjiangkou,2026-08-31T16:32:04.528899+00:00,,,394.8,,26.03555,119.67269,eez,2026-09-17T15:23:12.849902+00:00
412443024,MINCHANGYU23165,fishing,,412,China,中國,16,critical,5,3.8,1.7,0,taiwan-matsu-no-4;taiwan-penghu-kinmen-matsu-no-3-tpkm3;taiwan-strait-express-1-tse-1,0.0,0,0,閩江口錨地 Minjiangkou,2026-09-06T20:57:13.599682+00:00,閩江口錨地 Minjiangkou,2026-09-17T16:03:57.751884+00:00,244.8,,26.04815,119.59778,eez,2026-09-17T16:03:57.751884+00:00
412443321,MINLIANYU60224,fishing,,412,China,中國,16,critical,6,4.0,2.5,0,taiwan-matsu-no-4;taiwan-penghu-kinmen-matsu-no-2-tpkm2;taiwan-penghu-kinmen-matsu-no-3-tpkm3;taiwan-strait-express-1-tse-1,0.0,0,0,,,,,645.0,未觀測到靠港,26.35317,119.93725,eez,2026-09-19T04:10:10.354503+00:00
412443550,AN ZHOU JIN  CHENG,cargo,,412,China,中國,16,critical,6,0,,0,taiwan-penghu-kinmen-matsu-no-2-tpkm2;taiwan-penghu-kinmen-matsu-no-3-tpkm3;taiwan-strait-express-1-tse-1,0.0,0,0,廈門 Xiamen,2026-09-18T17:58:30.098529+00:00,廈門 Xiamen,2026-09-20T17:48:31.226510+00:00,41.9,,24.447693,118.004913,eez,2026-09-21T04:27:30.978051+00:00
412444201,00C,fishing,,412,China,中國,16,critical,3,9.5,3.7,1,taiwan-penghu-kinmen-matsu-no-3-tpkm3,0.0,0,0,,,,,668.5,未觀測到靠港,24.31197,118.67151,eez,2026-09-21T00:40:54.264899+00:00
412444273,MINLONGYU09857,fishing,,412,China,中國,16,critical,7,6.8,2.1,0,taiwan-penghu-kinmen-matsu-no-2-tpkm2;taiwan-penghu-kinmen-matsu-no-3-tpkm3,0.0,0,0,廈門 Xiamen,2026-08-25T01:57:17.245352+00:00,,,560.0,,24.31889,118.50252,eez,2026-09-21T04:27:30.978051+00:00
412444396,MINLIANYU60269,fishing,,412,China,中國,16,critical,6,13.2,3.5,0,taiwan-matsu-no-4;taiwan-penghu-kinmen-matsu-no-2-tpkm2;taiwan-penghu-kinmen-matsu-no-3-tpkm3;taiwan-strait-express-1-tse-1,0.0,0,0,,,,,661.6,未觀測到靠港,26.38273,121.60116,eez,2026-09-20T17:48:31.226510+00:00
412444578,S,fishing,,412,China,中國,16,critical,7,6.0,0.8,0,taiwan-penghu-kinmen-matsu-no-2-tpkm2;taiwan-penghu-kinmen-matsu-no-3-tpkm3,0.0,0,0,廈門 Xiamen,2026-08-25T01:57:17.245352+00:00,,,569.5,,24.437097,118.593147,eez,2026-09-20T13:20:28.204361+00:00
412444733,62688,fishing,,412,China,中國,16,critical,6,5.4,2.8,1,taiwan-penghu-kinmen-matsu-no-2-tpkm2;taiwan-penghu-kinmen-matsu-no-3-tpkm3,0.0,0,0,廈門 Xiamen,2026-09-02T03:59:47.596863+00:00,,,442.5,,24.29264,118.53681,eez,2026-09-20T15:16:51.207587+00:00
412444880,XING DONG 18,cargo,,412,China,中國,16,critical,4,52.4,0.3,0,cross-straits-cable-network;taiwan-penghu-kinmen-matsu-no-2-tpkm2;taiwan-penghu-kinmen-matsu-no-3-tpkm3,0.0,0,0,廈門 Xiamen,2026-09-18T04:56:09.149862+00:00,,,66.5,,23.520205,119.636833,internal_waters,2026-09-21T04:27:30.978051+00:00
412445497,MIN LONG YU61029,fishing,,412,China,中國,16,critical,1,0,,0,taiwan-penghu-kinmen-matsu-no-3-tpkm3,0.0,0,0,,,,,672.2,未觀測到靠港,24.28866,118.63512,eez,2026-09-21T04:27:30.978051+00:00
412446197,MINZHANGYU60098,fishing,,412,China,中國,16,critical,4,0,,0,apcn-2,0.0,0,0,,,,,375.6,未觀測到靠港,23.19361,117.42413,eez,2026-09-07T04:03:02.203275+00:00
412447678,01298,fishing,,412,China,中國,16,critical,7,14.1,3.0,0,eac-c2c;taiwan-matsu-no-4;taiwan-penghu-kinmen-matsu-no-2-tpkm2;taiwan-penghu-kinmen-matsu-no-3-tpkm3;taiwan-strait-express-1-tse-1,0.0,0,0,,,,,672.2,未觀測到靠港,26.81057,121.7412,eez,2026-09-21T04:27:30.978051+00:00
412451090,GOLDEN PINE,tanker,,412,China,中國,16,critical,7,0,,0,taiwan-strait-express-1-tse-1,0.0,0,0,閩江口錨地 Minjiangkou,2026-08-17T05:04:35.473703+00:00,福州馬尾 Fuzhou-Mawei,2026-08-20T05:53:01.460793+00:00,71.1,,25.996208,119.474102,eez,2026-08-20T08:02:10.021418+00:00
412451853,MINLIANYU62966,fishing,,412,China,中國,16,critical,2,5.4,1.2,0,taiwan-matsu-no-4;taiwan-penghu-kinmen-matsu-no-3-tpkm3;taiwan-strait-express-1-tse-1,0.0,0,0,,,,,654.3,未觀測到靠港,26.09145,119.96687,eez,2026-09-19T15:11:46.365307+00:00
412454290,XIN RONG HAI 3,cargo,,412,China,中國,16,critical,7,0,,0,apcn-2;taiwan-penghu-kinmen-matsu-no-2-tpkm2;taiwan-penghu-kinmen-matsu-no-3-tpkm3;taiwan-strait-express-1-tse-1,0.0,0,0,汕頭港外 Shantou-appr,2026-08-21T05:54:15.565293+00:00,,,711.0,,26.230172,119.91572,eez,2026-09-21T04:27:30.978051+00:00
412459820,XING TONG 16,tanker,,412,China,中國,16,critical,5,0,,0,apcn-2;taiwan-penghu-kinmen-matsu-no-3-tpkm3;taiwan-strait-express-1-tse-1,0.0,0,0,閩江口錨地 Minjiangkou,2026-08-20T01:56:34.314431+00:00,,,769.2,,24.982052,119.10955,eez,2026-09-21T04:27:30.978051+00:00
412481492,MINLIANYU60888,fishing,,412,China,中國,16,critical,5,15.1,3.1,0,taiwan-matsu-no-4;taiwan-penghu-kinmen-matsu-no-2-tpkm2;taiwan-penghu-kinmen-matsu-no-3-tpkm3;taiwan-strait-express-1-tse-1,0.0,0,0,,,,,637.9,未觀測到靠港,26.53625,121.59308,eez,2026-09-18T15:39:03.535122+00:00
412509465,MINDONGYU63669,fishing,,412,China,中國,16,critical,4,0,,0,,0.0,0,0,漳州東山 Dongshan,2026-09-06T04:04:01.481536+00:00,,,9.7,,23.6124,117.52834,eez,2026-09-07T00:30:10.743445+00:00
412510046,MINLONGWENYU65039,fishing,,412,China,中國,16,critical,7,7.3,0.7,0,cross-straits-cable-network,0.0,0,0,廈門 Xiamen,2026-08-29T07:12:39.299265+00:00,,,542.4,,24.32262,118.15836,eez,2026-09-21T04:27:30.978051+00:00
412510051,MINLONGWENYU65078,high_speed,,412,China,中國,16,critical,7,6.7,0.1,1,cross-straits-cable-network,0.0,0,0,,,,,668.9,未觀測到靠港,24.4396,118.19683,eez,2026-09-21T04:27:30.978051+00:00
412510055,MINLONGWENYU65152,high_speed,,412,China,中國,16,critical,5,6.5,0.2,2,cross-straits-cable-network,0.0,0,0,,,,,663.1,未觀測到靠港,24.45327,118.18639,eez,2026-09-20T21:08:32.217333+00:00
413207590,XIN BIN YUAN,cargo,,413,China,中國,16,critical,2,0,,0,apcn-2,0.0,0,0,廈門 Xiamen,2026-08-23T13:25:34.381599+00:00,,,624.4,,23.13373,117.005005,eez,2026-09-18T15:39:03.535122+00:00
413235660,ZHONG HAI YOU 568,tanker,,413,China,中國,16,critical,7,26.0,0.4,0,taiwan-penghu-kinmen-matsu-no-2-tpkm2;taiwan-penghu-kinmen-matsu-no-3-tpkm3,0.0,0,0,福州馬尾 Fuzhou-Mawei,2026-09-04T09:46:09.453323+00:00,莆田湄洲灣 Putian,2026-09-19T00:48:37.887228+00:00,69.5,,25.101148,119.136853,eez,2026-09-21T04:27:30.978051+00:00
413333930,FEI YUN HE,cargo,,413,China,中國,16,critical,7,4.0,1.0,0,apcn-2;eac-c2c;faster;h2-cable;southeast-asia-japan-cable-2-sjc2;trans-pacific-express-tpe-cable-system,0.0,0,0,基隆港 Keelung,2026-09-07T04:03:02.203275+00:00,,,322.3,,25.2051,121.739033,internal_waters,2026-09-20T15:16:51.207587+00:00
413358810,XING WANG FA,cargo,,413,China,中國,16,critical,4,0,,0,taiwan-penghu-kinmen-matsu-no-3-tpkm3;taiwan-strait-express-1-tse-1,0.0,0,0,,,,,877.8,未觀測到靠港,26.168745,119.88514,eez,2026-09-20T17:48:31.226510+00:00
413381830,TENG YUN HE,cargo,,413,China,中國,16,critical,7,8.2,2.2,0,apcn-2;eac-c2c;faster;taiwan-matsu-no-4;taiwan-penghu-kinmen-matsu-no-2-tpkm2;taiwan-penghu-kinmen-matsu-no-3-tpkm3;taiwan-strait-express-1-tse-1;trans-pacific-express-tpe-cable-system,0.0,0,0,小港臨海新村漁港 Xiaogang,2026-09-18T09:56:57.204478+00:00,,,15.5,,26.484565,121.749252,eez,2026-09-19T04:48:00.298551+00:00
413455610,MMSI-413455610,cargo,,413,China,中國,16,critical,7,3.2,4.6,0,cross-straits-cable-network;taiwan-penghu-kinmen-matsu-no-2-tpkm2;taiwan-penghu-kinmen-matsu-no-3-tpkm3;taiwan-strait-express-1-tse-1,0.0,0,0,大嶝/圍頭灣 Weitou,2026-09-02T13:05:35.852197+00:00,,,366.0,,25.046318,119.48856,eez,2026-09-17T21:50:39.945319+00:00
413510950,MAO YUE,tanker,,413,China,中國,16,critical,6,0,,0,taiwan-penghu-kinmen-matsu-no-2-tpkm2,0.0,0,0,湄洲灣泉港 Meizhouwan,2026-09-03T00:53:07.140559+00:00,,,11.6,,23.533257,117.41656,eez,2026-09-03T15:37:40.614154+00:00
413551220,CHANGHUI,cargo,,413,China,中國,16,critical,1,2.3,,0,taiwan-penghu-kinmen-matsu-no-2-tpkm2;taiwan-penghu-kinmen-matsu-no-3-tpkm3;taiwan-strait-express-1-tse-1,0.0,0,0,福州馬尾 Fuzhou-Mawei,2026-09-07T10:32:14.025579+00:00,,,6.5,,26.412567,119.943283,eez,2026-09-17T21:50:39.945319+00:00
413610980,XINQIANJIN,tanker,,413,China,中國,16,critical,7,8.8,0.7,0,taiwan-matsu-no-4;taiwan-penghu-kinmen-matsu-no-3-tpkm3;taiwan-strait-express-1-tse-1,0.0,0,0,湄洲灣泉港 Meizhouwan,2026-08-24T07:34:00.582328+00:00,,,619.6,,27.208615,121.079613,eez,2026-09-19T04:48:00.298551+00:00
416000665,Y26Q,fishing,,416,Taiwan,台灣,16,critical,1,4.3,1.3,0,eac-c2c;faster;southeast-asia-japan-cable-2-sjc2,0.0,0,0,八斗子漁港 Badouzi,2026-08-22T07:06:41.885734+00:00,,,632.2,,25.303667,121.745833,internal_waters,2026-09-17T16:03:57.751884+00:00
416000963,JIN YOUNG FA 86,fishing,,416,Taiwan,台灣,16,critical,1,8.3,2.0,0,asia-pacific-gateway-apg;flag-north-asia-loopreach-north-asia-loop;h2-cable,0.0,0,0,大溪漁港 Daxi,2026-09-02T04:48:40.622480+00:00,,,411.2,,24.842405,122.037665,territorial_sea,2026-09-21T00:40:54.264899+00:00
416001062,CHUEN FWU NO.12,fishing,,416,Taiwan,台灣,16,critical,4,6.4,1.2,1,eac-c2c;faster;taiwan-matsu-no-4;taiwan-strait-express-1-tse-1;trans-pacific-express-tpe-cable-system,0.0,0,0,富基漁港 Fuji,2026-09-18T15:39:03.535122+00:00,富基漁港 Fuji,2026-09-20T09:54:18.045676+00:00,28.3,,25.29326,121.534453,internal_waters,2026-09-20T15:16:51.207587+00:00
416003784,CHYUAN MEEI NO.168,fishing,,416,Taiwan,台灣,16,critical,4,4.9,0.7,0,apcn-2;eac-c2c;faster;southeast-asia-japan-cable-2-sjc2,0.0,0,0,深澳漁港 Shenao,2026-09-19T19:05:56.114966+00:00,,,5.9,,25.392915,122.088033,internal_waters,2026-09-20T04:29:26.367004+00:00
416005049,TAIWAN5049,fishing,,416,Taiwan,台灣,16,critical,3,11.6,3.4,2,apcn-2;eac-c2c;faster;southeast-asia-japan-cable-2-sjc2,0.0,0,0,八斗子漁港 Badouzi,2026-09-02T04:48:40.622480+00:00,,,450.7,,25.76962,122.040375,territorial_sea,2026-09-21T04:27:30.978051+00:00
416005616,XIN KING XIANG LOONG,passenger,,416,Taiwan,台灣,16,critical,2,5.4,0.0,0,cross-straits-cable-network,0.0,0,0,同安灣/廈門灣北 Tongan,2026-09-20T09:54:18.045676+00:00,同安灣/廈門灣北 Tongan,2026-09-21T04:27:30.978051+00:00,0.0,,24.534328,118.18892,eez,2026-09-21T04:27:30.978051+00:00
416460016,CT2-4600-16     12V9,unknown,,416,Taiwan,台灣,16,critical,1,0,,0,,0.0,0,0,新港漁港 Xingang,2026-09-19T12:47:06.687156+00:00,,,0.0,,23.07546,121.37294,internal_waters,2026-09-19T15:11:46.365307+00:00
457328000,HAI SHUN,cargo,,457,Mongolia,蒙古,16,critical,5,0,,0,taiwan-penghu-kinmen-matsu-no-2-tpkm2;taiwan-penghu-kinmen-matsu-no-3-tpkm3,12.1,1,0,台中港 Taichung,2026-08-15T08:51:04.503689+00:00,,,810.9,,22.714913,120.158335,internal_waters,2026-09-18T04:12:56.781029+00:00
477189300,COSCO TAICANG,cargo,,477,Hong Kong,香港,16,critical,6,0,,0,taiwan-penghu-kinmen-matsu-no-3-tpkm3,0.0,0,0,廈門 Xiamen,2026-08-24T02:03:27.398663+00:00,,,170.4,,26.026543,120.682087,eez,2026-08-31T05:49:54.519009+00:00
477250700,NEW MINGZHOU 12,cargo,,477,Hong Kong,香港,16,critical,3,1.8,,0,eac-c2c;taiwan-matsu-no-4;taiwan-penghu-kinmen-matsu-no-2-tpkm2;taiwan-penghu-kinmen-matsu-no-3-tpkm3;taiwan-strait-express-1-tse-1;trans-pacific-express-tpe-cable-system,0.0,0,0,基隆港 Keelung,2026-09-07T10:32:14.025579+00:00,,,0.0,,27.812653,121.562807,eez,2026-09-17T16:03:57.751884+00:00
533170107,SHINLINE 15,cargo,,533,Malaysia,馬來西亞,16,critical,7,10.1,1.5,0,apcn-2;eac-c2c;flag-europe-asia-fea;flag-north-asia-loopreach-north-asia-loop;southeast-asia-japan-cable-2-sjc2;taiwan-penghu-kinmen-matsu-no-2-tpkm2;taiwan-penghu-kinmen-matsu-no-3-tpkm3,0.0,1,0,基隆港 Keelung,2026-08-20T09:02:40.913184+00:00,,,41.8,,21.067722,119.856517,eez,2026-08-22T03:12:11.129638+00:00
538006451,UNITY N,cargo,,538,Marshall Is,馬紹爾群島,16,critical,6,0,,0,apcn-2;flag-europe-asia-fea;flag-north-asia-loopreach-north-asia-loop;taiwan-penghu-kinmen-matsu-no-3-tpkm3,4.1,0,0,,,,,139.5,未觀測到靠港,23.140748,117.606488,eez,2026-08-26T18:49:43.036418+00:00
577755000,ACE WIN,cargo,,577,Vanuatu,萬那杜,16,critical,7,8.0,0.6,0,eac-c2c;taiwan-matsu-no-4;taiwan-penghu-kinmen-matsu-no-2-tpkm2;taiwan-penghu-kinmen-matsu-no-3-tpkm3;taiwan-strait-express-1-tse-1;trans-pacific-express-tpe-cable-system,0.0,1,0,,,,,329.8,未觀測到靠港,26.36945,120.980633,eez,2026-08-28T11:34:06.990542+00:00
608683434,07176,cargo,,608,Ascension Is,阿森松島,16,critical,7,5.9,3.9,1,taiwan-penghu-kinmen-matsu-no-3-tpkm3;taiwan-strait-express-1-tse-1,0.0,1,0,,,,,863.5,未觀測到靠港,25.90373,120.064975,eez,2026-09-21T04:27:30.978051+00:00
636026799,MMSI-636026799,tanker,,636,Liberia,賴比瑞亞,16,critical,7,17.3,2.0,0,apcn-2;asia-united-gateway-east-aug-east;eac-c2c;flag-europe-asia-fea;flag-north-asia-loopreach-north-asia-loop;seamewe-3,0.0,0,0,,,,,120.7,未觀測到靠港,23.210035,122.805503,eez,2026-08-27T10:02:50.170976+00:00
667001341,KUN PENG,tanker,,667,Sierra Leone,獅子山,16,critical,1,38.5,1.2,0,taiwan-matsu-no-4;taiwan-penghu-kinmen-matsu-no-2-tpkm2;taiwan-strait-express-1-tse-1,0.0,1,0,麗水漁港 Lishui,2026-09-07T10:32:14.025579+00:00,,,0.7,,25.087428,120.791087,territorial_sea,2026-09-17T16:03:57.751884+00:00
671573100,MT.GOLDEN SUNRISE,tanker,,671,Togo,多哥,16,critical,7,21.9,0.1,3,eac-c2c;taiwan-matsu-no-4;taiwan-penghu-kinmen-matsu-no-2-tpkm2;taiwan-penghu-kinmen-matsu-no-3-tpkm3;taiwan-strait-express-1-tse-1;trans-pacific-express-tpe-cable-system,0.0,1,0,,,,,864.4,未觀測到靠港,25.792867,121.5646,contiguous_zone,2026-09-21T04:27:30.978051+00:00
241673000,SEA EMERALD,tanker,,241,Greece,希臘,15,critical,7,10.9,1.5,0,eac-c2c;taiwan-matsu-no-4;taiwan-penghu-kinmen-matsu-no-2-tpkm2;taiwan-penghu-kinmen-matsu-no-3-tpkm3;taiwan-strait-express-1-tse-1,0.0,1,0,,,,,514.2,未觀測到靠港,21.959813,119.819363,eez,2026-09-05T03:57:25.117144+00:00
255728000,JINLING CONFIDENCE,cargo,,255,Portugal,葡萄牙,15,critical,7,0,,0,eac-c2c;seamewe-3,5.7,1,0,,,,,420.6,未觀測到靠港,22.42152,117.995217,eez,2026-09-18T17:58:30.098529+00:00
257530000,OSHIMANA,cargo,,257,Norway,挪威,15,critical,1,0,,0,apcn-2;taiwan-penghu-kinmen-matsu-no-3-tpkm3,5.9,1,0,,,,,211.7,未觀測到靠港,23.055575,117.429863,eez,2026-09-06T22:39:12.217794+00:00
311001629,SAGA VOYAGER,cargo,,311,Bahamas,巴哈馬,15,critical,6,0,,0,apcn-2,2.6,1,0,,,,,96.3,未觀測到靠港,26.553658,121.733968,eez,2026-08-28T11:34:06.990542+00:00
357981000,UNI POPULAR,cargo,,357,Panama,巴拿馬,15,critical,7,3.3,2.3,0,apcn-2;taiwan-penghu-kinmen-matsu-no-2-tpkm2;taiwan-penghu-kinmen-matsu-no-3-tpkm3;taiwan-strait-express-1-tse-1;trans-pacific-express-tpe-cable-system,0.0,0,0,小港臨海新村漁港 Xiaogang,2026-09-03T18:14:46.249326+00:00,,,3.0,,21.91435,119.5437,eez,2026-09-04T00:32:15.198838+00:00
372534000,ZAMBALES,cargo,,372,Panama,巴拿馬,15,critical,2,17.3,0.0,1,eac-c2c;taiwan-penghu-kinmen-matsu-no-2-tpkm2,0.0,1,0,高雄港 Kaohsiung,2026-08-25T08:04:42.645788+00:00,,,639.6,,22.602467,118.822283,eez,2026-09-21T00:40:54.264899+00:00
374494000,GLOBAL HIGHWAY,cargo,,374,Panama,巴拿馬,15,critical,6,14.6,0.1,0,eac-c2c;faster;taiwan-penghu-kinmen-matsu-no-2-tpkm2;taiwan-penghu-kinmen-matsu-no-3-tpkm3,0.6,1,0,,,,,32.4,未觀測到靠港,26.161648,122.725228,eez,2026-08-14T21:17:18.721815+00:00
410000000,2,fishing,,410,Bhutan,不丹,15,critical,5,0,,0,eac-c2c;taiwan-matsu-no-4,0.0,1,0,漳州東山 Dongshan,2026-09-18T21:22:29.428453+00:00,,,48.3,,26.915847,120.632735,eez,2026-09-20T00:31:18.688825+00:00
412354170,SHENG XIN 99,cargo,,412,China,中國,15,critical,1,0,,0,apcn-2;taiwan-penghu-kinmen-matsu-no-3-tpkm3;taiwan-strait-express-1-tse-1,0.0,0,0,汕頭港外 Shantou-appr,2026-09-01T05:22:35.528216+00:00,,,338.9,,26.738693,119.72888,eez,2026-09-17T16:03:57.751884+00:00
412441956,MINLIANYU60271,fishing,,412,China,中國,15,critical,7,13.2,3.1,0,eac-c2c;taiwan-matsu-no-4;taiwan-penghu-kinmen-matsu-no-2-tpkm2;taiwan-penghu-kinmen-matsu-no-3-tpkm3;taiwan-strait-express-1-tse-1;trans-pacific-express-tpe-cable-system,0.0,0,0,,,,,661.6,未觀測到靠港,26.61417,121.52449,eez,2026-09-20T17:48:31.226510+00:00
412442489,MINCHANGYU23038,fishing,,412,China,中國,15,critical,6,38.4,1.1,0,taiwan-matsu-no-4;taiwan-penghu-kinmen-matsu-no-3-tpkm3;taiwan-strait-express-1-tse-1,0.0,0,0,閩江口錨地 Minjiangkou,2026-09-03T18:14:46.249326+00:00,,,365.4,,25.81607,119.94191,eez,2026-09-19T15:11:46.365307+00:00
412443135,MINLIANYU60959,fishing,,412,China,中國,15,critical,6,6.7,3.0,0,taiwan-matsu-no-4;taiwan-penghu-kinmen-matsu-no-2-tpkm2;taiwan-penghu-kinmen-matsu-no-3-tpkm3;taiwan-strait-express-1-tse-1,0.0,0,0,,,,,637.0,未觀測到靠港,26.42969,121.57305,eez,2026-09-18T17:58:30.098529+00:00
412444335,MINLONGYU61287,fishing,,412,China,中國,15,critical,1,2.8,,0,taiwan-penghu-kinmen-matsu-no-3-tpkm3,0.0,0,0,,,,,649.0,未觀測到靠港,24.00189,118.28648,eez,2026-09-20T04:29:26.367004+00:00
412444643,MINLONGYU09855,fishing,,412,China,中國,15,critical,2,0,,0,taiwan-penghu-kinmen-matsu-no-3-tpkm3,0.0,0,0,廈門 Xiamen,2026-08-25T03:24:02.425571+00:00,,,624.4,,24.20943,118.30553,eez,2026-09-20T04:29:26.367004+00:00
412444807,MINLONGYU09865,fishing,,412,China,中國,15,critical,4,0,,0,taiwan-penghu-kinmen-matsu-no-3-tpkm3,0.0,0,0,廈門 Xiamen,2026-09-01T18:03:58.033746+00:00,廈門 Xiamen,2026-09-06T09:32:13.465682+00:00,96.9,,24.158225,118.291772,eez,2026-09-04T15:36:37.054727+00:00
412445019,MINLONGYU08966,fishing,,412,China,中國,15,critical,1,0.9,,0,taiwan-penghu-kinmen-matsu-no-2-tpkm2;taiwan-penghu-kinmen-matsu-no-3-tpkm3,0.0,0,0,廈門 Xiamen,2026-08-25T07:16:54.436290+00:00,,,644.4,,24.33053,118.50559,eez,2026-09-21T04:27:30.978051+00:00
412445077,MINLONGYU61678,fishing,,412,China,中國,15,critical,1,2.3,,0,taiwan-penghu-kinmen-matsu-no-2-tpkm2;taiwan-penghu-kinmen-matsu-no-3-tpkm3,0.0,0,0,,,,,624.7,未觀測到靠港,24.28749,118.75103,eez,2026-09-19T04:10:10.354503+00:00
412445658,MINLIANYU60012,fishing,,412,China,中國,15,critical,7,20.5,3.1,0,eac-c2c;taiwan-matsu-no-4;taiwan-penghu-kinmen-matsu-no-2-tpkm2;taiwan-penghu-kinmen-matsu-no-3-tpkm3;taiwan-strait-express-1-tse-1,0.0,0,0,,,,,661.6,未觀測到靠港,26.38654,121.73841,eez,2026-09-20T17:48:31.226510+00:00
412446279,64143,cargo,,412,China,中國,15,critical,1,0,,0,,0.0,0,0,,,,,637.0,未觀測到靠港,23.45586,117.81366,eez,2026-09-18T17:58:30.098529+00:00
412446961,MIN DONG YU 63365,fishing,,412,China,中國,15,critical,1,0.7,,0,apcn-2,0.0,0,0,,,,,661.3,未觀測到靠港,23.51506,117.86087,eez,2026-09-20T04:29:26.367004+00:00
412451499,MINLONYU65699,fishing,,412,China,中國,15,critical,2,2.0,,0,taiwan-penghu-kinmen-matsu-no-2-tpkm2;taiwan-penghu-kinmen-matsu-no-3-tpkm3,0.0,0,0,,,,,661.3,未觀測到靠港,24.84158,119.1804,eez,2026-09-20T04:29:26.367004+00:00
412451696,MIN HUI YU 00118,fishing,,412,China,中國,15,critical,1,0,,0,taiwan-penghu-kinmen-matsu-no-2-tpkm2;taiwan-penghu-kinmen-matsu-no-3-tpkm3,0.0,0,0,,,,,385.6,未觀測到靠港,24.66292,119.23291,eez,2026-09-07T10:32:14.025579+00:00
412451957,MINJINYU07999,fishing,,412,China,中國,15,critical,1,3.5,3.9,0,taiwan-penghu-kinmen-matsu-no-2-tpkm2;taiwan-penghu-kinmen-matsu-no-3-tpkm3,0.0,0,0,,,,,608.0,未觀測到靠港,24.58336,118.5379,eez,2026-09-20T15:16:51.207587+00:00
412481538,MINLIANYU60898,fishing,,412,China,中國,15,critical,7,17.6,3.1,0,eac-c2c;taiwan-matsu-no-4;taiwan-penghu-kinmen-matsu-no-2-tpkm2;taiwan-penghu-kinmen-matsu-no-3-tpkm3;taiwan-strait-express-1-tse-1;trans-pacific-express-tpe-cable-system,0.0,0,0,,,,,661.6,未觀測到靠港,26.41677,121.82008,eez,2026-09-20T17:48:31.226510+00:00
412703940,HAIZHIXING358,tanker,,412,China,中國,15,critical,1,0,,0,taiwan-penghu-kinmen-matsu-no-3-tpkm3,0.0,0,0,漳州東山 Dongshan,2026-09-18T00:54:25.501237+00:00,,,9.3,,24.258918,118.335375,eez,2026-09-20T00:31:18.688825+00:00
413272940,YI TAI RONG,cargo,,413,China,中國,15,critical,7,5.3,0.5,0,taiwan-penghu-kinmen-matsu-no-2-tpkm2;taiwan-penghu-kinmen-matsu-no-3-tpkm3,0.0,0,0,漳州東山 Dongshan,2026-09-05T22:29:16.547946+00:00,,,78.0,,23.333377,116.987987,eez,2026-09-21T00:40:54.264899+00:00
413368130,BAO SEN 16,cargo,,413,China,中國,15,critical,6,0,,0,cross-straits-cable-network;taiwan-penghu-kinmen-matsu-no-2-tpkm2,2.7,0,0,深滬灣/圍頭東 Shenhu,2026-09-06T15:54:14.180092+00:00,深滬灣/圍頭東 Shenhu,2026-09-07T04:03:02.203275+00:00,5.8,,24.525615,118.37669,eez,2026-09-20T04:29:26.367004+00:00
413377790,ZHONG HAI YOU 528,tanker,,413,China,中國,15,critical,7,28.0,0.3,0,taiwan-penghu-kinmen-matsu-no-3-tpkm3;taiwan-strait-express-1-tse-1,0.0,0,0,莆田湄洲灣 Putian,2026-09-07T04:57:56.102287+00:00,,,57.8,,26.267698,119.79348,eez,2026-09-20T04:29:26.367004+00:00
413383350,WANHE69,cargo,,413,China,中國,15,critical,2,0,,0,,8.5,0,0,,,,,887.3,未觀測到靠港,26.264957,119.792915,eez,2026-09-20T04:29:26.367004+00:00
413454360,HEBIN,cargo,,413,China,中國,15,critical,7,3.9,2.7,0,apcn-2;eac-c2c;faster;taiwan-penghu-kinmen-matsu-no-3-tpkm3;taiwan-strait-express-1-tse-1;trans-pacific-express-tpe-cable-system,0.0,0,0,小港臨海新村漁港 Xiaogang,2026-09-03T18:14:46.249326+00:00,,,414.9,,25.692945,121.772387,contiguous_zone,2026-09-21T04:27:30.978051+00:00
413486960,MMSI-413486960,cargo,,413,China,中國,15,critical,6,0,,0,cross-straits-cable-network;taiwan-penghu-kinmen-matsu-no-2-tpkm2;taiwan-penghu-kinmen-matsu-no-3-tpkm3,0.0,0,0,深滬灣/圍頭東 Shenhu,2026-09-19T04:48:00.298551+00:00,深滬灣/圍頭東 Shenhu,2026-09-20T00:31:18.688825+00:00,12.9,,24.53674,118.383813,eez,2026-09-20T04:29:26.367004+00:00
413495860,MMSI-413495860,cargo,,413,China,中國,15,critical,6,0,,0,cross-straits-cable-network;taiwan-penghu-kinmen-matsu-no-2-tpkm2;taiwan-penghu-kinmen-matsu-no-3-tpkm3,3.0,0,0,深滬灣/圍頭東 Shenhu,2026-09-19T22:35:05.123562+00:00,,,4.0,,24.332695,118.249227,eez,2026-09-20T04:29:26.367004+00:00
413619710,JIN GUI YUAN,tanker,,413,China,中國,15,critical,3,3.3,3.4,0,taiwan-penghu-kinmen-matsu-no-2-tpkm2;taiwan-penghu-kinmen-matsu-no-3-tpkm3,0.0,0,0,漳州東山 Dongshan,2026-09-05T04:42:29.611877+00:00,,,349.4,,24.91082,119.549482,eez,2026-09-19T22:35:05.123562+00:00
413693580,ZHONGFUSHUN,cargo,,413,China,中國,15,critical,6,0,,0,taiwan-penghu-kinmen-matsu-no-2-tpkm2;taiwan-penghu-kinmen-matsu-no-3-tpkm3;taiwan-strait-express-1-tse-1,0.0,0,0,廈門 Xiamen,2026-09-04T17:54:11.204189+00:00,,,367.3,,25.717733,119.672033,eez,2026-09-20T04:29:26.367004+00:00
413696780,JIN HAI SHUN 5,tanker,,413,China,中國,15,critical,5,0,,0,cross-straits-cable-network,0.0,0,0,廈門 Xiamen,2026-09-18T00:54:25.501237+00:00,廈門 Xiamen,2026-09-18T09:56:57.204478+00:00,0.7,,24.468012,118.03984,eez,2026-09-19T04:10:10.354503+00:00
413701510,XIANG YANG HONG 03,research,research,413,China,中國,15,critical,7,3.7,2.5,0,asia-united-gateway-east-aug-east;candle;h2-cable;seamewe-3,0.0,0,0,,,同安灣/廈門灣北 Tongan,2026-08-31T21:41:57.448444+00:00,172.9,,24.55028,118.09748,eez,2026-09-20T21:08:32.217333+00:00
413875033,CHINACOASTGUARD 2301,coastguard,coastguard,413,China,中國,15,critical,7,3.3,4.8,0,eac-c2c;taiwan-strait-express-1-tse-1;trans-pacific-express-tpe-cable-system,0.0,0,0,,,,,161.7,未觀測到靠港,25.99492,121.62347,eez,2026-09-06T22:39:12.217794+00:00
416000648,YNG MAN NO.1,fishing,,416,Taiwan,台灣,15,critical,4,16.0,2.8,3,apcn-2;eac-c2c;faster;southeast-asia-japan-cable-2-sjc2,0.0,0,0,正濱漁港 Zhengbin,2026-09-20T00:31:18.688825+00:00,,,10.8,,25.818687,122.03785,territorial_sea,2026-09-20T15:16:51.207587+00:00
416003881,YU SHAN NO:166,fishing,,416,Taiwan,台灣,15,critical,4,5.8,0.9,0,apcn-2;eac-c2c;faster;taiwan-penghu-kinmen-matsu-no-3-tpkm3,0.0,0,0,野柳漁港 Yehliu,2026-08-25T17:26:53.997641+00:00,,,525.3,,25.338508,121.786493,internal_waters,2026-09-20T15:16:51.207587+00:00
416003991,WU ZHOU HUI FENG,cargo,,416,Taiwan,台灣,15,critical,1,0,,0,taiwan-penghu-kinmen-matsu-no-2-tpkm2;taiwan-penghu-kinmen-matsu-no-3-tpkm3,0.0,0,0,深滬灣/圍頭東 Shenhu,2026-09-07T04:03:02.203275+00:00,復國墩漁港 Fuguodun,2026-09-07T10:32:14.025579+00:00,0.0,,24.408328,118.423325,eez,2026-09-07T10:32:14.025579+00:00
416004982,YU FUH SHYANA 668,fishing,,416,Taiwan,台灣,15,critical,1,3.3,1.4,0,eac-c2c;faster;trans-pacific-express-tpe-cable-system,0.0,0,0,富基漁港 Fuji,2026-09-04T21:09:37.313817+00:00,,,0.0,,25.308653,121.476293,territorial_sea,2026-09-20T13:20:28.204361+00:00
416005926,SHYANG FA NO.66,fishing,,416,Taiwan,台灣,15,critical,1,11.8,0.8,1,apcn-2;faster;southeast-asia-japan-cable-2-sjc2,0.0,0,0,水尾漁港 Shuiwei,2026-09-19T22:35:05.123562+00:00,,,5.4,,25.657055,121.988372,territorial_sea,2026-09-20T15:16:51.207587+00:00
416006311,LIAN SIA NO.8,passenger,,416,Taiwan,台灣,15,critical,1,0,,0,cross-straits-cable-network;taiwan-penghu-kinmen-matsu-no-3-tpkm3,0.0,0,0,鳥嶼漁港 Niaoyu,2026-08-28T11:34:06.990542+00:00,,,192.1,,23.652395,119.644227,internal_waters,2026-09-07T04:57:56.102287+00:00
422222000,MMSI-422222000,tanker,,422,Iran,伊朗,15,critical,4,0,,0,,0.0,1,1,,,,,474.8,未觀測到靠港,23.271375,117.7078,eez,2026-08-25T04:05:56.477331+00:00
477134400,SEA SILK JINJIANG,cargo,,477,Hong Kong,香港,15,critical,4,0,,0,asia-direct-cable-adc;taiwan-penghu-kinmen-matsu-no-3-tpkm3,0.0,0,0,廈門 Xiamen,2026-08-29T16:03:35.212630+00:00,,,6.9,,22.804,119.251617,contiguous_zone,2026-08-30T00:54:50.080310+00:00
538005805,MARLIN AMMOLITE,tanker,,538,Marshall Is,馬紹爾群島,15,critical,7,10.0,1.5,0,apcn-2;asia-pacific-gateway-apg;eac-c2c;faster;flag-north-asia-loopreach-north-asia-loop;h2-cable;pacific-light-cable-network-plcn;seamewe-3;taiwan-penghu-kinmen-matsu-no-2-tpkm2;trans-pacific-express-tpe-cable-system,0.0,0,0,深澳漁港 Shenao,2026-08-30T00:54:50.080310+00:00,,,181.8,,20.923623,121.428983,eez,2026-09-06T18:44:37.513907+00:00
538006031,SAMATAN,cargo,,538,Marshall Is,馬紹爾群島,15,critical,7,3.5,1.7,0,apcn-2;asia-direct-cable-adc;asia-united-gateway-east-aug-east;candle;eac-c2c;flag-europe-asia-fea;flag-north-asia-loopreach-north-asia-loop;h2-cable,6.6,0,0,,,,,195.9,未觀測到靠港,22.938693,122.890802,eez,2026-09-02T09:45:18.106966+00:00
538006247,LOTUS RISING,cargo,,538,Marshall Is,馬紹爾群島,15,critical,7,7.8,2.6,0,apcn-2;asia-pacific-gateway-apg;asia-united-gateway-east-aug-east;candle;e2a;flag-north-asia-loopreach-north-asia-loop;h2-cable;hong-kong-americas-hka;orca;pacific-light-cable-network-plcn;seamewe-3,6.9,0,0,,,,,185.8,未觀測到靠港,25.990873,122.942605,eez,2026-08-30T00:54:50.080310+00:00
538009233,MMSI-538009233,tanker,,538,Marshall Is,馬紹爾群島,15,critical,7,0,,0,apcn-2;eac-c2c;seamewe-3;taiwan-penghu-kinmen-matsu-no-3-tpkm3,5.5,0,0,,,,,204.3,未觀測到靠港,22.957327,119.79656,internal_waters,2026-08-28T11:34:06.990542+00:00
538009915,TS NAGOYA,cargo,,538,Marshall Is,馬紹爾群島,15,critical,7,5.3,1.1,0,apcn-2;asia-pacific-gateway-apg;eac-c2c;faster;pacific-light-cable-network-plcn;taiwan-matsu-no-4;taiwan-penghu-kinmen-matsu-no-2-tpkm2,0.0,0,0,基隆港 Keelung,2026-08-26T11:20:16.155309+00:00,,,285.9,,25.125382,120.843988,territorial_sea,2026-09-07T10:32:14.025579+00:00
538010175,TS KOBE,cargo,,538,Marshall Is,馬紹爾群島,15,critical,2,5.4,0.8,2,apcn-2;eac-c2c;faster;taiwan-matsu-no-4;taiwan-penghu-kinmen-matsu-no-2-tpkm2;taiwan-penghu-kinmen-matsu-no-3-tpkm3;trans-pacific-express-tpe-cable-system,0.0,0,0,基隆港 Keelung,2026-09-18T04:56:09.149862+00:00,,,66.5,,22.876325,117.334582,eez,2026-09-21T04:27:30.978051+00:00
538010783,TS PUSAN,cargo,,538,Marshall Is,馬紹爾群島,15,critical,4,6.2,1.1,0,apcn-2;eac-c2c;taiwan-penghu-kinmen-matsu-no-2-tpkm2;taiwan-penghu-kinmen-matsu-no-3-tpkm3,0.0,0,0,小港臨海新村漁港 Xiaogang,2026-09-20T09:54:18.045676+00:00,,,1.9,,22.496677,119.754055,contiguous_zone,2026-09-20T15:16:51.207587+00:00
563121900,WAN HAI 277,cargo,,563,Singapore,新加坡,15,critical,7,7.8,0.1,0,eac-c2c;taiwan-matsu-no-4;taiwan-penghu-kinmen-matsu-no-2-tpkm2;taiwan-penghu-kinmen-matsu-no-3-tpkm3,0.0,0,0,小港臨海新村漁港 Xiaogang,2026-09-03T18:14:46.249326+00:00,,,414.9,,22.451268,119.347342,eez,2026-09-21T04:27:30.978051+00:00
563147900,WAN HAI 292,cargo,,563,Singapore,新加坡,15,critical,7,11.4,0.1,0,apcn-2;eac-c2c;faster;taiwan-penghu-kinmen-matsu-no-2-tpkm2;taiwan-penghu-kinmen-matsu-no-3-tpkm3;trans-pacific-express-tpe-cable-system,0.0,0,0,基隆港 Keelung,2026-09-18T09:56:57.204478+00:00,,,52.5,,22.360855,119.845673,contiguous_zone,2026-09-20T17:48:31.226510+00:00
563178000,PRACHI,tanker,,563,Singapore,新加坡,15,critical,7,17.5,1.3,0,apcn-2;eac-c2c,0.0,0,0,,,,,72.7,未觀測到靠港,21.340798,119.851768,eez,2026-08-17T05:56:49.084235+00:00
563255900,SUNNY TRITON,tanker,,563,Singapore,新加坡,15,critical,7,13.7,0.0,0,apcn-2;asia-united-gateway-east-aug-east;eac-c2c;faster;new-cross-pacific-ncp-cable-system;taiwan-matsu-no-4;taiwan-penghu-kinmen-matsu-no-3-tpkm3;trans-pacific-express-tpe-cable-system,0.0,0,0,台北港 Taipei,2026-08-20T23:17:11.148940+00:00,,,152.3,,25.21317,122.563303,eez,2026-08-27T10:02:50.170976+00:00
613424630,MMSI-613424630,tanker,,613,Cameroon,喀麥隆,15,critical,4,0,,0,asia-united-gateway-east-aug-east;eac-c2c;flag-north-asia-loopreach-north-asia-loop;orca;seamewe-3,0.0,1,1,,,,,24.4,未觀測到靠港,20.907955,121.205988,eez,2026-09-06T09:32:13.465682+00:00
613617404,LORIAN,tanker,,613,Cameroon,喀麥隆,15,critical,4,0,,0,apcn-2;asia-united-gateway-east-aug-east;seamewe-3,0.0,1,1,,,,,363.2,未觀測到靠港,21.428465,120.73918,contiguous_zone,2026-09-04T04:48:11.480190+00:00
620800361,PACIFIC_PRINCESS,tanker,,620,Comoros,葛摩,15,critical,7,28.0,2.1,0,apcn-2;asia-united-gateway-east-aug-east;eac-c2c;flag-europe-asia-fea;flag-north-asia-loopreach-north-asia-loop;seamewe-3,0.0,1,0,,,,,269.1,未觀測到靠港,20.998798,119.373867,eez,2026-09-05T09:11:06.137565+00:00
629028482,BEESTA,tanker,,629,Gambia,甘比亞,15,critical,7,17.3,1.1,0,apcn-2;asia-pacific-gateway-apg;asia-united-gateway-east-aug-east;eac-c2c;flag-europe-asia-fea;flag-north-asia-loopreach-north-asia-loop;hong-kong-americas-hka;new-cross-pacific-ncp-cable-system;seamewe-3;southeast-asia-japan-cable-2-sjc2,0.0,1,0,,,,,117.6,未觀測到靠港,21.352258,120.131362,eez,2026-08-19T15:21:52.877359+00:00
636013692,YM UTILITY,cargo,,636,Liberia,賴比瑞亞,15,critical,7,13.2,2.0,0,apcn-2;eac-c2c;faster;southeast-asia-japan-cable-2-sjc2;taiwan-penghu-kinmen-matsu-no-2-tpkm2;trans-pacific-express-tpe-cable-system,0.0,0,0,基隆港 Keelung,2026-09-03T04:47:18.082694+00:00,,,53.7,,26.983067,121.346062,eez,2026-09-05T15:42:59.107474+00:00
636020595,GSL MAREN,cargo,,636,Liberia,賴比瑞亞,15,critical,2,13.1,1.9,2,eac-c2c;faster;taiwan-matsu-no-4;taiwan-penghu-kinmen-matsu-no-2-tpkm2;trans-pacific-express-tpe-cable-system,0.0,0,0,廈門 Xiamen,2026-09-06T00:23:27.934172+00:00,,,349.7,,23.021382,117.531275,eez,2026-09-20T17:48:31.226510+00:00
650000174,ASTRA,tanker,,650,Mozambique,莫三比克,15,critical,4,0,,0,eac-c2c;taiwan-penghu-kinmen-matsu-no-2-tpkm2;taiwan-penghu-kinmen-matsu-no-3-tpkm3,0.0,1,1,,,,,31.0,未觀測到靠港,23.03137,117.739008,eez,2026-08-13T19:52:59.371224+00:00
667001581,HONG TAI,tanker,,667,Sierra Leone,獅子山,15,critical,7,19.4,0.5,3,eac-c2c;trans-pacific-express-tpe-cable-system,0.0,1,0,,,,,898.7,未觀測到靠港,25.62977,121.412228,contiguous_zone,2026-09-21T04:27:30.978051+00:00
677054600,CHENG TAI,cargo,,677,Tanzania,坦尚尼亞,15,critical,7,0,,0,taiwan-penghu-kinmen-matsu-no-2-tpkm2;taiwan-penghu-kinmen-matsu-no-3-tpkm3,17.4,1,0,,,,,555.2,未觀測到靠港,22.636922,119.304985,eez,2026-09-06T14:46:16.922285+00:00
205534000,GOLDEN WAVE,cargo,,205,Belgium,比利時,14,critical,7,0,,0,eac-c2c;flag-europe-asia-fea;flag-north-asia-loopreach-north-asia-loop;taiwan-penghu-kinmen-matsu-no-2-tpkm2,10.6,1,0,麗水漁港 Lishui,2026-08-23T04:58:29.790954+00:00,,,22.4,,21.107493,121.346527,eez,2026-08-24T04:13:24.721954+00:00
269047000,ST-CERGUE,cargo,,269,Switzerland,瑞士,14,critical,4,0,,0,taiwan-penghu-kinmen-matsu-no-2-tpkm2,2.2,1,0,,,,,85.6,未觀測到靠港,23.035392,117.36536,eez,2026-08-19T15:21:52.877359+00:00
273210110,PAMYAT KIROVA,cargo,,273,Russia,俄羅斯,14,critical,7,19.7,0.2,0,taiwan-matsu-no-4;taiwan-penghu-kinmen-matsu-no-2-tpkm2,6.8,1,0,,,,,177.5,未觀測到靠港,26.13517,120.69643,eez,2026-09-07T10:32:14.025579+00:00
351664000,ITX EHIME,cargo,,351,Panama,巴拿馬,14,critical,7,17.2,0.7,0,apcn-2;asia-united-gateway-east-aug-east;e2a;eac-c2c;taiwan-penghu-kinmen-matsu-no-2-tpkm2;tpu,0.0,0,0,小港臨海新村漁港 Xiaogang,2026-08-25T09:25:20.380906+00:00,,,28.9,,22.85479,122.385215,eez,2026-08-26T16:10:14.987861+00:00
352003252,MING XI HAI YANG,cargo,,352,Panama,巴拿馬,14,critical,4,0,,0,apcn-2;taiwan-penghu-kinmen-matsu-no-3-tpkm3,1.6,0,0,高雄港 Kaohsiung,2026-08-25T09:25:20.380906+00:00,,,72.3,,27.44642,122.1562,eez,2026-08-28T11:34:06.990542+00:00
352003509,ORIENT LOONG,cargo,,352,Panama,巴拿馬,14,critical,1,19.8,0.7,0,orca;seamewe-3;taiwan-strait-express-1-tse-1,0.0,0,0,蘇澳港 Suao,2026-08-23T23:11:58.309392+00:00,,,80.3,,25.595282,121.551492,contiguous_zone,2026-08-27T10:02:50.170976+00:00
357527000,STEP FORWARD,cargo,,357,Panama,巴拿馬,14,critical,4,0,,0,asia-pacific-gateway-apg;asia-united-gateway-east-aug-east;seamewe-3,0.0,0,0,蘇澳港 Suao,2026-08-31T05:49:54.519009+00:00,,,4.4,,25.779725,122.251238,contiguous_zone,2026-08-31T18:36:53.316921+00:00
373448000,SEEDIQ BENEFIT,cargo,,373,Panama,巴拿馬,14,critical,5,8.7,2.3,0,asia-pacific-gateway-apg;eac-c2c;flag-north-asia-loopreach-north-asia-loop;h2-cable;hong-kong-americas-hka;new-cross-pacific-ncp-cable-system;orca;pacific-light-cable-network-plcn,0.0,1,0,蘇澳港 Suao,2026-09-20T09:54:18.045676+00:00,,,4.5,,25.65208,122.380042,contiguous_zone,2026-09-20T17:48:31.226510+00:00
412000668,B G M,cargo,,412,China,中國,14,critical,4,0,,0,taiwan-penghu-kinmen-matsu-no-3-tpkm3,0.0,0,0,,,,,508.6,未觀測到靠港,24.245857,118.511493,eez,2026-09-06T09:32:13.465682+00:00
412066824,MINLONGYU66824,fishing,,412,China,中國,14,critical,7,7.8,3.4,0,taiwan-penghu-kinmen-matsu-no-3-tpkm3,0.0,0,0,,,,,342.3,未觀測到靠港,24.30035,118.64664,eez,2026-09-07T10:32:14.025579+00:00
412441075,MINLIANYU61785,fishing,,412,China,中國,14,critical,2,9.0,2.4,0,taiwan-matsu-no-4;taiwan-penghu-kinmen-matsu-no-2-tpkm2;taiwan-penghu-kinmen-matsu-no-3-tpkm3;taiwan-strait-express-1-tse-1,0.0,0,0,,,,,658.7,未觀測到靠港,26.45451,121.60977,eez,2026-09-20T09:54:18.045676+00:00
412441145,MINLIANYU60057,fishing,,412,China,中國,14,critical,1,5.4,1.2,1,taiwan-matsu-no-4;taiwan-penghu-kinmen-matsu-no-3-tpkm3,0.0,0,0,,,,,646.7,未觀測到靠港,26.33763,120.04544,eez,2026-09-21T00:40:54.264899+00:00
412441288,MINLIANYU61189,fishing,,412,China,中國,14,critical,3,6.0,2.3,0,taiwan-matsu-no-4;taiwan-penghu-kinmen-matsu-no-2-tpkm2;taiwan-strait-express-1-tse-1,0.0,0,0,,,,,668.5,未觀測到靠港,26.27104,121.15244,eez,2026-09-21T00:40:54.264899+00:00
412441291,MIN LIAN YU 61088,fishing,,412,China,中國,14,critical,5,15.2,0.6,2,taiwan-matsu-no-4;taiwan-penghu-kinmen-matsu-no-2-tpkm2;taiwan-penghu-kinmen-matsu-no-3-tpkm3,0.0,0,0,,,,,553.5,未觀測到靠港,26.35769,120.77258,eez,2026-09-21T04:27:30.978051+00:00
412441337,MINLIANYU61092,fishing,,412,China,中國,14,critical,1,3.7,1.3,0,taiwan-matsu-no-4;taiwan-strait-express-1-tse-1,0.0,0,0,,,,,223.6,未觀測到靠港,26.13432,120.26245,eez,2026-09-07T10:32:14.025579+00:00
412441362,MIN LIAN YU63888,fishing,,412,China,中國,14,critical,1,9.8,0.9,1,taiwan-matsu-no-4;taiwan-penghu-kinmen-matsu-no-3-tpkm3;taiwan-strait-express-1-tse-1,0.0,0,0,,,,,553.5,未觀測到靠港,26.04603,120.18812,eez,2026-09-21T04:27:30.978051+00:00
412441382,MIN LIAN YU 69997,fishing,,412,China,中國,14,critical,7,9.8,0.7,0,eac-c2c;taiwan-penghu-kinmen-matsu-no-2-tpkm2;taiwan-penghu-kinmen-matsu-no-3-tpkm3;trans-pacific-express-tpe-cable-system,0.0,0,0,,,,,653.7,未觀測到靠港,26.27846,121.6045,eez,2026-09-20T09:54:18.045676+00:00
412441434,MINLIANYU62887,fishing,,412,China,中國,14,critical,2,3.2,4.2,0,taiwan-matsu-no-4;taiwan-penghu-kinmen-matsu-no-3-tpkm3;taiwan-strait-express-1-tse-1,0.0,0,0,閩江口錨地 Minjiangkou,2026-08-25T01:57:17.245352+00:00,,,501.5,,26.25536,119.73195,eez,2026-09-19T04:10:10.354503+00:00
412441628,MINLIANYU60013,fishing,,412,China,中國,14,critical,7,14.3,3.4,1,taiwan-matsu-no-4;taiwan-penghu-kinmen-matsu-no-2-tpkm2;taiwan-penghu-kinmen-matsu-no-3-tpkm3;taiwan-strait-express-1-tse-1,0.0,0,0,,,,,668.5,未觀測到靠港,26.00757,120.69865,eez,2026-09-21T00:40:54.264899+00:00
412441675,MIN LIAN YU 61816,fishing,,412,China,中國,14,critical,7,13.7,1.9,0,taiwan-matsu-no-4;taiwan-penghu-kinmen-matsu-no-2-tpkm2;taiwan-penghu-kinmen-matsu-no-3-tpkm3,0.0,0,0,,,,,657.3,未觀測到靠港,26.10836,120.80184,eez,2026-09-20T00:31:18.688825+00:00
412441715,MINLIANYU60979,fishing,,412,China,中國,14,critical,7,12.0,3.3,0,eac-c2c;taiwan-matsu-no-4;taiwan-penghu-kinmen-matsu-no-2-tpkm2;taiwan-penghu-kinmen-matsu-no-3-tpkm3;taiwan-strait-express-1-tse-1,0.0,0,0,,,,,653.7,未觀測到靠港,26.46551,121.81578,eez,2026-09-20T09:54:18.045676+00:00
412441744,MINLIANYU61735,fishing,,412,China,中國,14,critical,1,3.7,3.0,0,taiwan-matsu-no-4;taiwan-penghu-kinmen-matsu-no-2-tpkm2;taiwan-strait-express-1-tse-1,0.0,0,0,,,,,637.9,未觀測到靠港,26.50639,121.38962,eez,2026-09-18T15:39:03.535122+00:00
412441853,MINLIANYUYUN68868,fishing,,412,China,中國,14,critical,4,3.0,,0,taiwan-matsu-no-4;taiwan-penghu-kinmen-matsu-no-2-tpkm2;taiwan-penghu-kinmen-matsu-no-3-tpkm3;taiwan-strait-express-1-tse-1,0.0,0,0,,,,,385.6,未觀測到靠港,26.31759,119.8823,eez,2026-09-07T10:32:14.025579+00:00
412441977,MINLIANYU61765,fishing,,412,China,中國,14,critical,5,3.3,2.9,0,taiwan-matsu-no-4;taiwan-penghu-kinmen-matsu-no-2-tpkm2;taiwan-penghu-kinmen-matsu-no-3-tpkm3;taiwan-strait-express-1-tse-1,0.0,0,0,,,,,637.9,未觀測到靠港,26.320432,119.881517,eez,2026-08-26T03:29:57.399731+00:00
412442157,MINLIANYU60006,fishing,,412,China,中國,14,critical,7,18.4,3.4,0,taiwan-matsu-no-4;taiwan-penghu-kinmen-matsu-no-3-tpkm3;taiwan-strait-express-1-tse-1,0.0,0,0,,,,,658.7,未觀測到靠港,26.3415,121.3804,eez,2026-09-20T09:54:18.045676+00:00
412442238,MINLIANYUYUN60937,fishing,,412,China,中國,14,critical,7,7.1,0.9,2,taiwan-matsu-no-4;taiwan-penghu-kinmen-matsu-no-3-tpkm3,0.0,0,0,,,,,505.9,未觀測到靠港,26.16351,120.08263,eez,2026-09-19T04:48:00.298551+00:00
412442243,MINLIANYU60436,fishing,,412,China,中國,14,critical,4,10.2,0.8,2,taiwan-matsu-no-4;taiwan-penghu-kinmen-matsu-no-3-tpkm3,0.0,0,0,,,,,510.7,未觀測到靠港,26.20474,120.12385,eez,2026-09-19T09:38:25.125307+00:00
412442244,MINLIANYU62035,fishing,,412,China,中國,14,critical,1,4.2,4.3,1,taiwan-penghu-kinmen-matsu-no-3-tpkm3;taiwan-strait-express-1-tse-1,0.0,0,0,,,,,651.9,未觀測到靠港,26.0849,119.9677,eez,2026-09-19T12:47:06.687156+00:00
412442368,MINLIANYU61728,fishing,,412,China,中國,14,critical,2,18.9,2.7,2,taiwan-matsu-no-4;taiwan-penghu-kinmen-matsu-no-3-tpkm3;taiwan-strait-express-1-tse-1,0.0,0,0,,,,,553.5,未觀測到靠港,26.28854,120.35643,eez,2026-09-21T04:27:30.978051+00:00
412442386,MINLIANYU67777,fishing,,412,China,中國,14,critical,2,9.3,2.8,0,taiwan-matsu-no-4;taiwan-penghu-kinmen-matsu-no-2-tpkm2;taiwan-strait-express-1-tse-1,0.0,0,0,,,,,658.7,未觀測到靠港,26.42347,121.58765,eez,2026-09-20T09:54:18.045676+00:00
412443433,MINLIANYU60413,fishing,,412,China,中國,14,critical,7,3.6,3.4,1,eac-c2c;taiwan-matsu-no-4;taiwan-penghu-kinmen-matsu-no-2-tpkm2;taiwan-penghu-kinmen-matsu-no-3-tpkm3;taiwan-strait-express-1-tse-1,0.0,0,0,,,,,657.1,未觀測到靠港,26.53268,121.56333,eez,2026-09-20T13:20:28.204361+00:00
412443874,MINMINYU61222,fishing,,412,China,中國,14,critical,7,8.5,0.0,0,taiwan-penghu-kinmen-matsu-no-3-tpkm3;taiwan-strait-express-1-tse-1,0.0,0,0,福清灣/海壇 Fuqing,2026-08-25T12:38:09.106164+00:00,,,516.5,,26.01622,120.04806,eez,2026-09-20T09:54:18.045676+00:00
412444124,MINLONGYU66720,fishing,,412,China,中國,14,critical,3,6.5,4.0,1,taiwan-penghu-kinmen-matsu-no-2-tpkm2;taiwan-penghu-kinmen-matsu-no-3-tpkm3,0.0,0,0,,,,,655.3,未觀測到靠港,24.09715,118.61579,eez,2026-09-20T04:29:26.367004+00:00
412444159,MIN LONG YU 61882,fishing,,412,China,中國,14,critical,7,4.5,1.8,0,taiwan-penghu-kinmen-matsu-no-2-tpkm2;taiwan-penghu-kinmen-matsu-no-3-tpkm3,0.0,0,0,,,,,659.1,未觀測到靠港,25.31513,120.04163,eez,2026-09-20T15:16:51.207587+00:00
412444189,MINLONGYU66824,fishing,,412,China,中國,14,critical,6,7.8,3.1,0,taiwan-penghu-kinmen-matsu-no-3-tpkm3,0.0,0,0,,,,,635.0,未觀測到靠港,22.74373,118.71364,eez,2026-09-19T15:11:46.365307+00:00
412444364,MIN LONG YU 66791,fishing,,412,China,中國,14,critical,4,3.5,3.8,0,taiwan-penghu-kinmen-matsu-no-2-tpkm2;taiwan-penghu-kinmen-matsu-no-3-tpkm3,0.0,0,0,,,,,664.9,未觀測到靠港,24.18065,119.01076,eez,2026-09-20T21:08:32.217333+00:00
412444581,MIN LONG YU08882,fishing,,412,China,中國,14,critical,1,6.5,0.8,3,taiwan-penghu-kinmen-matsu-no-2-tpkm2;taiwan-penghu-kinmen-matsu-no-3-tpkm3,0.0,0,0,廈門 Xiamen,2026-09-01T05:22:35.528216+00:00,,,459.8,,24.236428,118.24233,eez,2026-08-22T04:01:45.765640+00:00
412444631,MINZHANGYU60619,fishing,,412,China,中國,14,critical,4,17.7,3.5,0,taiwan-penghu-kinmen-matsu-no-3-tpkm3,0.0,0,0,,,,,635.0,未觀測到靠港,23.28486,118.51022,eez,2026-09-19T15:11:46.365307+00:00
412444699,MINLONGYU09988,fishing,,412,China,中國,14,critical,2,6.8,0.8,3,taiwan-penghu-kinmen-matsu-no-2-tpkm2,0.0,0,0,廈門 Xiamen,2026-09-01T04:37:22.691006+00:00,,,479.1,,24.37596,118.54597,eez,2026-09-21T04:27:30.978051+00:00
412444729,MIN LONG YU09862,fishing,,412,China,中國,14,critical,4,0,,0,taiwan-matsu-no-4;taiwan-penghu-kinmen-matsu-no-2-tpkm2;taiwan-strait-express-1-tse-1,0.0,0,0,,,,,332.3,未觀測到靠港,24.189418,118.314363,eez,2026-08-30T18:16:08.308925+00:00
412444744,62689,unknown,,412,China,中國,14,critical,1,4.0,2.7,0,taiwan-penghu-kinmen-matsu-no-3-tpkm3,0.0,0,0,廈門 Xiamen,2026-09-04T00:32:15.198838+00:00,,,408.5,,24.18792,118.43599,eez,2026-09-21T04:27:30.978051+00:00
412444872,MINLIANYU61968,fishing,,412,China,中國,14,critical,7,4.8,0.4,2,taiwan-matsu-no-4;taiwan-penghu-kinmen-matsu-no-2-tpkm2;taiwan-penghu-kinmen-matsu-no-3-tpkm3;taiwan-strait-express-1-tse-1,0.0,0,0,,,,,672.2,未觀測到靠港,26.0134,119.85678,eez,2026-09-21T04:27:30.978051+00:00
412444941,MIN LONG YU 60375,fishing,,412,China,中國,14,critical,3,3.9,3.4,0,taiwan-penghu-kinmen-matsu-no-2-tpkm2;taiwan-penghu-kinmen-matsu-no-3-tpkm3,0.0,0,0,,,,,668.5,未觀測到靠港,24.1445,118.86215,eez,2026-09-21T00:40:54.264899+00:00
412445025,08875,fishing,,412,China,中國,14,critical,7,3.5,1.9,0,taiwan-penghu-kinmen-matsu-no-2-tpkm2,0.0,0,0,廈門 Xiamen,2026-09-01T04:37:22.691006+00:00,,,479.1,,24.32038,118.50283,eez,2026-09-21T04:27:30.978051+00:00
412445095,MINLIANYU60922,fishing,,412,China,中國,14,critical,7,4.2,3.1,0,eac-c2c;taiwan-matsu-no-4;taiwan-penghu-kinmen-matsu-no-2-tpkm2;taiwan-penghu-kinmen-matsu-no-3-tpkm3;taiwan-strait-express-1-tse-1,0.0,0,0,,,,,672.2,未觀測到靠港,26.78862,121.73564,eez,2026-09-21T04:27:30.978051+00:00
412445168,MINLIANYU60298,fishing,,412,China,中國,14,critical,4,6.3,3.2,0,taiwan-matsu-no-4;taiwan-penghu-kinmen-matsu-no-2-tpkm2;taiwan-penghu-kinmen-matsu-no-3-tpkm3;taiwan-strait-express-1-tse-1,0.0,0,0,,,,,647.2,未觀測到靠港,26.74674,121.74058,eez,2026-09-19T04:10:10.354503+00:00
412447653,MINLIANYU60969,fishing,,412,China,中國,14,critical,7,10.2,2.9,1,taiwan-matsu-no-4;taiwan-penghu-kinmen-matsu-no-2-tpkm2;taiwan-penghu-kinmen-matsu-no-3-tpkm3;taiwan-strait-express-1-tse-1,0.0,0,0,,,,,661.6,未觀測到靠港,26.40239,121.79836,eez,2026-09-20T17:48:31.226510+00:00
412447661,MINLIANYU66555,fishing,,412,China,中國,14,critical,7,8.0,2.6,0,taiwan-matsu-no-4;taiwan-penghu-kinmen-matsu-no-2-tpkm2;taiwan-penghu-kinmen-matsu-no-3-tpkm3;taiwan-strait-express-1-tse-1,0.0,0,0,,,,,672.2,未觀測到靠港,26.64744,121.60609,eez,2026-09-21T04:27:30.978051+00:00
412449838,MINLIANYU61636,fishing,,412,China,中國,14,critical,7,4.9,1.4,0,taiwan-matsu-no-4;taiwan-penghu-kinmen-matsu-no-2-tpkm2;taiwan-penghu-kinmen-matsu-no-3-tpkm3,0.0,0,0,,,,,672.2,未觀測到靠港,26.2567,120.9776,eez,2026-09-21T04:27:30.978051+00:00
412451946,MIN SHI YU 06959,fishing,,412,China,中國,14,critical,7,5.1,2.8,0,e2a;eac-c2c;southeast-asia-japan-cable-2-sjc2;taiwan-matsu-no-4;taiwan-penghu-kinmen-matsu-no-2-tpkm2;taiwan-penghu-kinmen-matsu-no-3-tpkm3;taiwan-strait-express-1-tse-1;trans-pacific-express-tpe-cable-system,0.0,0,0,,,,,661.6,未觀測到靠港,25.9561,121.55268,eez,2026-09-20T17:48:31.226510+00:00
412458888,09219,fishing,,412,China,中國,14,critical,4,0,,0,taiwan-penghu-kinmen-matsu-no-2-tpkm2;taiwan-penghu-kinmen-matsu-no-3-tpkm3,0.0,0,0,,,,,607.4,未觀測到靠港,26.46955,120.669305,eez,2026-09-05T04:42:29.611877+00:00
412686688,MMSI-412686688,unknown,,412,China,中國,14,critical,4,0,,0,,0.0,0,0,,,,,168.4,未觀測到靠港,23.227132,117.915902,eez,2026-08-26T21:29:00.712314+00:00
413046020,DONGHAIJIU113,rescue,rescue,413,China,中國,14,critical,5,7.3,1.1,0,taiwan-penghu-kinmen-matsu-no-2-tpkm2;taiwan-penghu-kinmen-matsu-no-3-tpkm3,0.0,0,0,廈門 Xiamen,2026-09-02T15:49:23.030399+00:00,廈門 Xiamen,2026-09-05T00:28:43.331771+00:00,50.9,,24.48564,118.06905,eez,2026-09-18T15:39:03.535122+00:00
413218790,CHANGRUN229,cargo,,413,China,中國,14,critical,7,0,,0,taiwan-penghu-kinmen-matsu-no-2-tpkm2;taiwan-strait-express-1-tse-1,9.1,0,0,閩江口錨地 Minjiangkou,2026-09-19T22:35:05.123562+00:00,,,17.3,,26.266342,119.79212,eez,2026-09-20T17:48:31.226510+00:00
413233760,HONG RUN 866,cargo,,413,China,中國,14,critical,3,0,,0,,12.7,0,0,,,,,898.7,未觀測到靠港,26.129757,119.718067,eez,2026-09-21T04:27:30.978051+00:00
413246160,XINHAIQIANG,cargo,,413,China,中國,14,critical,4,0,,0,taiwan-penghu-kinmen-matsu-no-2-tpkm2;taiwan-penghu-kinmen-matsu-no-3-tpkm3;taiwan-strait-express-1-tse-1,0.0,0,0,,,,,306.9,未觀測到靠港,27.52098,120.983587,eez,2026-09-01T10:15:55.563560+00:00
413265270,JI XIANG JIN XIU,cargo,,413,China,中國,14,critical,7,14.2,0.7,0,taiwan-penghu-kinmen-matsu-no-2-tpkm2;taiwan-penghu-kinmen-matsu-no-3-tpkm3,0.0,0,0,深滬灣/圍頭東 Shenhu,2026-08-31T14:11:41.168860+00:00,,,132.3,,25.774223,119.80852,eez,2026-09-06T04:52:03.960094+00:00
413272620,XIN ZE QUAN 1,cargo,,413,China,中國,14,critical,4,0,,0,taiwan-penghu-kinmen-matsu-no-2-tpkm2,0.0,0,0,汕頭港外 Shantou-appr,2026-09-02T04:48:40.622480+00:00,汕頭港外 Shantou-appr,2026-09-04T04:00:17.162565+00:00,38.8,,23.258168,116.854115,eez,2026-09-07T10:32:14.025579+00:00
413305640,ZHONG HAI YOU 668,tanker,,413,China,中國,14,critical,7,28.0,0.3,0,taiwan-penghu-kinmen-matsu-no-2-tpkm2;taiwan-penghu-kinmen-matsu-no-3-tpkm3;taiwan-strait-express-1-tse-1,0.0,0,0,閩江口錨地 Minjiangkou,2026-08-30T15:52:29.078583+00:00,,,459.1,,26.718482,119.751213,eez,2026-09-18T21:22:29.428453+00:00
413313110,HAISHENGJIA877,cargo,,413,China,中國,14,critical,7,0,,0,,7.5,0,0,,,,,898.7,未觀測到靠港,26.129898,119.718897,eez,2026-09-21T04:27:30.978051+00:00
413336820,LONG    XIN     99,cargo,,413,China,中國,14,critical,7,5.4,1.3,0,taiwan-penghu-kinmen-matsu-no-2-tpkm2;taiwan-penghu-kinmen-matsu-no-3-tpkm3,0.0,0,0,深滬灣/圍頭東 Shenhu,2026-08-30T15:52:29.078583+00:00,,,184.3,,23.480245,117.492333,eez,2026-09-07T10:32:14.025579+00:00
413354050,JIN MA 88,cargo,,413,China,中國,14,critical,4,0,,0,taiwan-strait-express-1-tse-1,0.0,0,0,福清灣/海壇 Fuqing,2026-09-04T04:48:11.480190+00:00,,,61.4,,27.753395,121.010317,eez,2026-09-07T04:57:56.102287+00:00
413358190,KANGQI68,cargo,,413,China,中國,14,critical,4,0,,0,apcn-2;taiwan-penghu-kinmen-matsu-no-2-tpkm2;taiwan-penghu-kinmen-matsu-no-3-tpkm3;taiwan-strait-express-1-tse-1,0.0,0,0,汕頭 Shantou,2026-09-02T18:14:14.440762+00:00,,,89.0,,27.611617,121.069817,eez,2026-09-06T20:57:13.599682+00:00
413384080,HAI YUN CHANG SHENG,cargo,,413,China,中國,14,critical,4,0,,0,cross-straits-cable-network;taiwan-matsu-no-4;taiwan-penghu-kinmen-matsu-no-2-tpkm2;taiwan-penghu-kinmen-matsu-no-3-tpkm3;taiwan-strait-express-1-tse-1,0.0,0,0,汕頭港外 Shantou-appr,2026-09-05T04:42:29.611877+00:00,,,345.7,,24.1912,118.3128,eez,2026-09-21T04:27:30.978051+00:00
413507220,XIN JIN DONG 8,cargo,,413,China,中國,14,critical,4,0,,0,apcn-2;taiwan-penghu-kinmen-matsu-no-2-tpkm2;taiwan-penghu-kinmen-matsu-no-3-tpkm3;taiwan-strait-express-1-tse-1,0.0,0,0,深滬灣/圍頭東 Shenhu,2026-08-14T03:04:06.113428+00:00,,,581.3,,24.550715,118.504593,eez,2026-09-07T10:32:14.025579+00:00
413519120,BAO LIN HAI,cargo,,413,China,中國,14,critical,7,15.1,1.5,0,taiwan-penghu-kinmen-matsu-no-3-tpkm3,0.0,0,0,,,,,458.9,未觀測到靠港,23.620497,117.67536,eez,2026-09-03T09:58:16.076898+00:00
413562220,HAI XUN 16206,msa,msa,413,China,中國,14,critical,4,0,,0,taiwan-strait-express-1-tse-1,0.0,0,0,閩江口錨地 Minjiangkou,2026-08-23T03:26:36.318836+00:00,福州馬尾 Fuzhou-Mawei,2026-08-23T07:53:27.479080+00:00,3.0,,26.06306,119.50984,eez,2026-09-02T04:48:40.622480+00:00
413698470,HAIGONG167,tanker,,413,China,中國,14,critical,3,0,,0,cross-straits-cable-network,0.0,0,0,廈門 Xiamen,2026-08-24T03:28:45.686051+00:00,廈門 Xiamen,2026-08-24T05:07:50.163540+00:00,0.0,,24.463117,118.038207,eez,2026-09-07T10:32:14.025579+00:00
414336000,HONG BO 3,cargo,,414,China,中國,14,critical,7,0,,0,taiwan-matsu-no-4;taiwan-penghu-kinmen-matsu-no-2-tpkm2;taiwan-penghu-kinmen-matsu-no-3-tpkm3,5.3,0,0,,,,,565.2,未觀測到靠港,24.312237,118.134867,eez,2026-09-07T10:32:14.025579+00:00
416000168,FENG NIAN,fishing,,416,Taiwan,台灣,14,critical,1,5.6,1.0,0,candle;eac-c2c;flag-north-asia-loopreach-north-asia-loop,0.0,0,0,深澳漁港 Shenao,2026-09-04T04:48:11.480190+00:00,,,0.7,,25.879525,122.392078,contiguous_zone,2026-09-17T16:03:57.751884+00:00
416000427,DER SHUEN 26,fishing,,416,Taiwan,台灣,14,critical,3,5.7,2.1,1,apcn-2;eac-c2c;faster;southeast-asia-japan-cable-2-sjc2,0.0,0,0,野柳漁港 Yehliu,2026-09-18T04:56:09.149862+00:00,,,5.7,,25.446178,121.645012,territorial_sea,2026-09-18T15:39:03.535122+00:00
416000703,SHIN FANG 68,fishing,,416,Taiwan,台灣,14,critical,2,7.3,2.7,2,apcn-2;eac-c2c;faster;southeast-asia-japan-cable-2-sjc2;trans-pacific-express-tpe-cable-system,0.0,0,0,淡水第一漁港 Tamsui1,2026-09-18T04:56:09.149862+00:00,,,66.5,,25.6274,122.41719,contiguous_zone,2026-09-21T04:27:30.978051+00:00
416001071,YIH DAH NO.168,fishing,,416,Taiwan,台灣,14,critical,4,31.5,3.3,0,apcn-2;eac-c2c;faster;southeast-asia-japan-cable-2-sjc2,0.0,0,0,正濱漁港 Zhengbin,2026-09-18T21:22:29.428453+00:00,,,42.8,,25.789032,122.024283,territorial_sea,2026-09-21T04:27:30.978051+00:00
416001571,JIA FWU CHERNG NO.1,fishing,,416,Taiwan,台灣,14,critical,2,9.0,2.9,0,apcn-2;eac-c2c;faster;southeast-asia-japan-cable-2-sjc2,0.0,0,0,八斗子漁港 Badouzi,2026-08-15T05:47:12.947340+00:00,,,871.3,,25.864247,122.147652,contiguous_zone,2026-09-21T04:27:30.978051+00:00
416002081,JIN HER JYI 12,fishing,,416,Taiwan,台灣,14,critical,1,8.5,2.7,0,eac-c2c;faster;taiwan-matsu-no-4,0.0,0,0,八斗子漁港 Badouzi,2026-09-01T18:03:58.033746+00:00,,,363.0,,25.623147,121.58293,contiguous_zone,2026-09-17T16:03:57.751884+00:00
416004028,DA LIU MEI NO.68,fishing,,416,Taiwan,台灣,14,critical,5,9.0,2.8,1,eac-c2c;faster;taiwan-penghu-kinmen-matsu-no-3-tpkm3;trans-pacific-express-tpe-cable-system,0.0,0,0,淡水第一漁港 Tamsui1,2026-09-20T00:31:18.688825+00:00,淡水第一漁港 Tamsui1,2026-09-21T00:40:54.264899+00:00,16.7,,25.183745,121.410452,internal_waters,2026-09-21T04:27:30.978051+00:00
416004828,SHENG HE FA,fishing,,416,Taiwan,台灣,14,critical,1,15.3,1.5,0,taiwan-penghu-kinmen-matsu-no-3-tpkm3,0.0,0,0,赤馬漁港 Chima,2026-08-18T17:18:44.348985+00:00,,,406.0,,23.498695,119.39118,internal_waters,2026-09-07T10:32:14.025579+00:00
416004901,JIN REEI YI NO.106,fishing,,416,Taiwan,台灣,14,critical,4,19.1,3.2,1,apcn-2;eac-c2c;faster;southeast-asia-japan-cable-2-sjc2,0.0,0,0,正濱漁港 Zhengbin,2026-09-07T00:30:10.743445+00:00,正濱漁港 Zhengbin,2026-09-20T21:08:32.217333+00:00,325.8,,25.151243,121.764777,internal_waters,2026-09-21T04:27:30.978051+00:00
416005558,QUAN JIA FU 128,fishing,,416,Taiwan,台灣,14,critical,3,6.3,2.1,0,asia-pacific-gateway-apg;e2a;eac-c2c;faster;flag-north-asia-loopreach-north-asia-loop;h2-cable;new-cross-pacific-ncp-cable-system;southeast-asia-japan-cable-2-sjc2,0.0,0,0,長潭里漁港 Changtanli,2026-09-17T21:50:39.945319+00:00,,,45.3,,25.166023,121.852322,internal_waters,2026-09-20T15:16:51.207587+00:00
477769500,FENG SHUN,cargo,,477,Hong Kong,香港,14,critical,7,16.0,1.0,0,eac-c2c;faster;taiwan-penghu-kinmen-matsu-no-2-tpkm2;taiwan-penghu-kinmen-matsu-no-3-tpkm3;taiwan-strait-express-1-tse-1,0.0,0,0,台北港 Taipei,2026-08-21T19:19:16.495479+00:00,,,397.3,,25.965308,119.800368,eez,2026-09-07T10:32:14.025579+00:00
538010555,ROSEWOOD,cargo,,538,Marshall Is,馬紹爾群島,14,critical,7,10.0,0.8,0,flag-europe-asia-fea;flag-north-asia-loopreach-north-asia-loop;seamewe-3;southeast-asia-japan-cable-2-sjc2;taiwan-penghu-kinmen-matsu-no-2-tpkm2,11.5,0,0,台中港 Taichung,2026-09-05T15:42:59.107474+00:00,,,17.8,,20.729783,120.94875,eez,2026-09-06T12:28:17.682022+00:00
563278100,COSCO PRINCE RUPERT,cargo,,563,Singapore,新加坡,14,critical,7,4.3,2.1,0,taiwan-penghu-kinmen-matsu-no-2-tpkm2;taiwan-penghu-kinmen-matsu-no-3-tpkm3,0.0,0,0,,,,,61.2,未觀測到靠港,27.26747,121.516242,eez,2026-09-06T04:52:03.960094+00:00
563287700,HAIPHONG EXPRESS,cargo,,563,Singapore,新加坡,14,critical,7,5.6,1.2,0,seamewe-3;southeast-asia-japan-cable-sjc;taiwan-penghu-kinmen-matsu-no-2-tpkm2,0.0,0,0,廈門 Xiamen,2026-08-24T04:13:24.721954+00:00,,,14.2,,25.83563,121.237277,eez,2026-08-24T19:22:01.181129+00:00
636025397,SHIRAYUKI,tanker,,636,Liberia,賴比瑞亞,14,critical,4,3.0,1.3,0,eac-c2c;flag-europe-asia-fea;flag-north-asia-loopreach-north-asia-loop;taiwan-matsu-no-4;taiwan-penghu-kinmen-matsu-no-3-tpkm3;taiwan-strait-express-1-tse-1,0.0,0,0,,,,,162.3,未觀測到靠港,21.229203,119.673302,eez,2026-08-19T07:12:47.553747+00:00
667001329,FOOK     YUEN,tanker,,667,Sierra Leone,獅子山,14,critical,7,0,,0,taiwan-penghu-kinmen-matsu-no-3-tpkm3,7.1,1,0,,,,,898.7,未觀測到靠港,22.702808,120.18936,internal_waters,2026-09-21T04:27:30.978051+00:00
668116329,VENUS,tanker,,668,Sao Tome Principe,聖多美,14,critical,5,0,,0,,14.4,1,0,台中港 Taichung,2026-09-20T05:05:13.918990+00:00,,,10.6,,22.711997,120.152215,internal_waters,2026-09-21T04:27:30.978051+00:00
677011100,HAI FA,cargo,,677,Tanzania,坦尚尼亞,14,critical,7,0,,0,taiwan-penghu-kinmen-matsu-no-2-tpkm2,14.8,1,0,,,安平商港區 Anping-basin,2026-09-05T12:13:46.310257+00:00,513.0,,22.97844,120.17369,internal_waters,2026-09-21T00:40:54.264899+00:00
231904000,SKIPANES,cargo,,231,Faroe Is,法羅群島,13,critical,7,7.3,0.6,0,taiwan-penghu-kinmen-matsu-no-2-tpkm2;taiwan-penghu-kinmen-matsu-no-3-tpkm3,2.2,1,0,同安灣/廈門灣北 Tongan,2026-09-07T10:32:14.025579+00:00,,,0.0,,22.320608,116.060295,eez,2026-09-17T18:42:40.833805+00:00
311002209,MMSI-311002209,cargo,,311,Bahamas,巴哈馬,13,critical,6,64.4,0.1,0,taiwan-penghu-kinmen-matsu-no-2-tpkm2;taiwan-penghu-kinmen-matsu-no-3-tpkm3;taiwan-strait-express-1-tse-1,2.7,1,0,廈門 Xiamen,2026-08-19T17:22:27.669589+00:00,,,10.6,,22.990913,117.4388,eez,2026-08-20T05:53:01.460793+00:00
352001978,SKOON A,cargo,,352,Panama,巴拿馬,13,critical,7,18.8,0.5,0,apcn-2;asia-united-gateway-east-aug-east;eac-c2c;flag-north-asia-loopreach-north-asia-loop;taiwan-matsu-no-4;taiwan-penghu-kinmen-matsu-no-3-tpkm3;trans-pacific-express-tpe-cable-system,4.2,0,0,,,,,559.7,未觀測到靠港,24.54574,122.448187,eez,2026-09-07T04:57:56.102287+00:00
355837000,ESTEEM ASTRO,tanker,,355,Panama,巴拿馬,13,critical,7,0,,0,seamewe-3,12.1,0,0,,,,,308.2,未觀測到靠港,21.771837,119.74062,eez,2026-08-28T05:01:48.482487+00:00
371930000,ASAKAZE,cargo,,371,Panama,巴拿馬,13,critical,7,7.6,0.1,0,apcn-2;eac-c2c,0.0,1,0,基隆港 Keelung,2026-08-31T05:49:54.519009+00:00,,,38.6,,23.1106,117.336318,eez,2026-09-02T04:48:40.622480+00:00
412441014,MINLIANYU63458,fishing,,412,China,中國,13,critical,4,3.4,1.2,0,taiwan-penghu-kinmen-matsu-no-3-tpkm3;taiwan-strait-express-1-tse-1,0.0,0,0,,,,,213.3,未觀測到靠港,26.13592,119.78209,eez,2026-09-07T10:32:14.025579+00:00
412441076,MINLIANYU68858,fishing,,412,China,中國,13,critical,7,13.8,1.9,0,taiwan-matsu-no-4;taiwan-penghu-kinmen-matsu-no-3-tpkm3;taiwan-strait-express-1-tse-1,0.0,0,0,,,,,609.0,未觀測到靠港,26.9726,121.85385,eez,2026-09-18T13:16:21.388960+00:00
412441149,00C,fishing,,412,China,中國,13,critical,7,4.1,2.7,0,taiwan-matsu-no-4;taiwan-penghu-kinmen-matsu-no-3-tpkm3;taiwan-strait-express-1-tse-1,0.0,0,0,,,,,668.5,未觀測到靠港,26.155107,120.111195,eez,2026-08-24T21:25:38.952973+00:00
412441175,MINLIANYU61876,fishing,,412,China,中國,13,critical,1,5.0,1.5,0,taiwan-matsu-no-4;taiwan-penghu-kinmen-matsu-no-2-tpkm2;taiwan-penghu-kinmen-matsu-no-3-tpkm3,0.0,0,0,,,,,635.5,未觀測到靠港,26.60732,121.81401,eez,2026-09-18T13:16:21.388960+00:00
412441225,58852,fishing,,412,China,中國,13,critical,6,15.5,0.8,2,taiwan-matsu-no-4;taiwan-penghu-kinmen-matsu-no-3-tpkm3,0.0,0,0,,,,,553.5,未觀測到靠港,26.31161,120.59348,eez,2026-09-21T04:27:30.978051+00:00
412441266,MINMINYU13777,fishing,,412,China,中國,13,critical,7,13.2,0.5,1,taiwan-strait-express-1-tse-1,0.0,0,0,閩江口錨地 Minjiangkou,2026-09-05T12:13:46.310257+00:00,,,369.0,,26.05767,119.8525,eez,2026-09-21T00:40:54.264899+00:00
412441296,MIN LIAN YU 60915,fishing,,412,China,中國,13,critical,2,8.0,1.5,2,taiwan-matsu-no-4;taiwan-penghu-kinmen-matsu-no-3-tpkm3,0.0,0,0,,,,,553.5,未觀測到靠港,26.28109,120.4596,eez,2026-09-21T04:27:30.978051+00:00
412441297,MINLIANYU60081,fishing,,412,China,中國,13,critical,7,12.8,3.6,0,taiwan-matsu-no-4;taiwan-penghu-kinmen-matsu-no-3-tpkm3;taiwan-strait-express-1-tse-1,0.0,0,0,,,,,650.3,未觀測到靠港,25.738242,120.263155,eez,2026-09-05T00:28:43.331771+00:00
412441298,MINLIANYU68965,fishing,,412,China,中國,13,critical,7,7.8,1.6,0,taiwan-penghu-kinmen-matsu-no-3-tpkm3;taiwan-strait-express-1-tse-1,0.0,0,0,,,,,283.3,未觀測到靠港,24.67453,119.54609,eez,2026-09-05T00:28:43.331771+00:00
412441368,MIN LIAN YU 61715,fishing,,412,China,中國,13,critical,5,8.2,3.1,0,taiwan-matsu-no-4;taiwan-penghu-kinmen-matsu-no-2-tpkm2;taiwan-penghu-kinmen-matsu-no-3-tpkm3;taiwan-strait-express-1-tse-1,0.0,0,0,,,,,637.9,未觀測到靠港,26.46207,121.34504,eez,2026-09-18T15:39:03.535122+00:00
412441472,MIN LIAN YU 61958,fishing,,412,China,中國,13,critical,7,15.7,2.8,0,eac-c2c;taiwan-matsu-no-4;taiwan-penghu-kinmen-matsu-no-2-tpkm2;taiwan-penghu-kinmen-matsu-no-3-tpkm3;taiwan-strait-express-1-tse-1,0.0,0,0,,,,,653.7,未觀測到靠港,26.45626,121.69592,eez,2026-09-20T09:54:18.045676+00:00
412441574,MINLIANYU61598,fishing,,412,China,中國,13,critical,7,3.5,1.5,0,taiwan-matsu-no-4;taiwan-penghu-kinmen-matsu-no-3-tpkm3;taiwan-strait-express-1-tse-1,0.0,0,0,,,,,315.3,未觀測到靠港,25.93498,120.15642,eez,2026-09-07T04:57:56.102287+00:00
412441601,MINLIANYU61768,fishing,,412,China,中國,13,critical,5,13.0,2.6,0,taiwan-matsu-no-4;taiwan-penghu-kinmen-matsu-no-2-tpkm2;taiwan-penghu-kinmen-matsu-no-3-tpkm3;taiwan-strait-express-1-tse-1,0.0,0,0,,,,,635.5,未觀測到靠港,26.66034,121.43569,eez,2026-09-18T13:16:21.388960+00:00
412441631,MINLIANYU60005,fishing,,412,China,中國,13,critical,7,28.4,3.5,0,taiwan-matsu-no-4;taiwan-penghu-kinmen-matsu-no-3-tpkm3;taiwan-strait-express-1-tse-1,0.0,0,0,,,,,658.7,未觀測到靠港,26.3378,121.37974,eez,2026-09-20T09:54:18.045676+00:00
412441664,QLG0,fishing,,412,China,中國,13,critical,6,7.5,2.4,0,taiwan-matsu-no-4;taiwan-penghu-kinmen-matsu-no-2-tpkm2;taiwan-penghu-kinmen-matsu-no-3-tpkm3;taiwan-strait-express-1-tse-1,0.0,0,0,,,,,651.9,未觀測到靠港,26.52665,121.56039,eez,2026-09-19T12:47:06.687156+00:00
412441719,MINLIANYUYUN60475,fishing,,412,China,中國,13,critical,7,18.9,0.4,1,taiwan-matsu-no-4;taiwan-penghu-kinmen-matsu-no-3-tpkm3,0.0,0,0,,,,,510.1,未觀測到靠港,26.36407,119.92045,eez,2026-09-19T12:47:06.687156+00:00
412441829,MINLIANYUYUN60333,fishing,,412,China,中國,13,critical,6,4.3,2.6,0,taiwan-matsu-no-4;taiwan-penghu-kinmen-matsu-no-2-tpkm2;taiwan-penghu-kinmen-matsu-no-3-tpkm3;taiwan-strait-express-1-tse-1,0.0,0,0,,,,,616.9,未觀測到靠港,26.47525,120.71995,eez,2026-09-17T21:50:39.945319+00:00
412441852,MINLIANYU60368,fishing,,412,China,中國,13,critical,7,12.0,3.2,0,eac-c2c;taiwan-matsu-no-4;taiwan-penghu-kinmen-matsu-no-2-tpkm2;taiwan-penghu-kinmen-matsu-no-3-tpkm3;taiwan-strait-express-1-tse-1,0.0,0,0,,,,,845.8,未觀測到靠港,26.3694,119.934117,eez,2026-08-16T04:05:15.679402+00:00
412442209,MINLIANYU60091,fishing,,412,China,中國,13,critical,7,5.7,2.9,0,taiwan-matsu-no-4;taiwan-penghu-kinmen-matsu-no-3-tpkm3;taiwan-strait-express-1-tse-1,0.0,0,0,,,,,672.2,未觀測到靠港,25.91237,120.64648,eez,2026-09-21T04:27:30.978051+00:00
412442245,MINLIANYU61716,fishing,,412,China,中國,13,critical,7,5.6,1.4,0,taiwan-matsu-no-4;taiwan-penghu-kinmen-matsu-no-2-tpkm2;taiwan-penghu-kinmen-matsu-no-3-tpkm3;taiwan-strait-express-1-tse-1,0.0,0,0,,,,,653.7,未觀測到靠港,26.40713,121.60861,eez,2026-09-20T09:54:18.045676+00:00
412442288,MINLIANYU60039,fishing,,412,China,中國,13,critical,7,5.8,2.2,0,taiwan-matsu-no-4;taiwan-penghu-kinmen-matsu-no-3-tpkm3;taiwan-strait-express-1-tse-1,0.0,0,0,,,,,672.2,未觀測到靠港,26.180145,120.158975,eez,2026-08-29T02:56:44.800599+00:00
412442336,MINLIANYU60010,fishing,,412,China,中國,13,critical,6,5.7,3.0,0,taiwan-matsu-no-4;taiwan-penghu-kinmen-matsu-no-3-tpkm3;taiwan-strait-express-1-tse-1,0.0,0,0,,,,,628.4,未觀測到靠港,26.52719,121.37725,eez,2026-09-18T13:16:21.388960+00:00
412442766,MINLIANYU60058,fishing,,412,China,中國,13,critical,6,3.7,3.2,0,taiwan-matsu-no-4;taiwan-penghu-kinmen-matsu-no-2-tpkm2;taiwan-penghu-kinmen-matsu-no-3-tpkm3;taiwan-strait-express-1-tse-1,0.0,0,0,,,,,632.3,未觀測到靠港,25.896108,120.183612,eez,2026-08-24T13:42:25.715728+00:00
412443229,MINLIANYU60916,fishing,,412,China,中國,13,critical,3,8.2,0.9,2,taiwan-matsu-no-4;taiwan-penghu-kinmen-matsu-no-3-tpkm3,0.0,0,0,,,,,510.7,未觀測到靠港,26.27063,120.08095,eez,2026-09-19T09:38:25.125307+00:00
412443289,MINLIANYU60286,fishing,,412,China,中國,13,critical,6,9.8,3.1,0,taiwan-matsu-no-4;taiwan-penghu-kinmen-matsu-no-2-tpkm2;taiwan-penghu-kinmen-matsu-no-3-tpkm3;taiwan-strait-express-1-tse-1,0.0,0,0,,,,,662.1,未觀測到靠港,26.41512,121.62445,eez,2026-09-20T13:20:28.204361+00:00
412443513,MINLIANYU60967,fishing,,412,China,中國,13,critical,5,14.3,2.5,0,taiwan-matsu-no-4;taiwan-penghu-kinmen-matsu-no-3-tpkm3;taiwan-strait-express-1-tse-1,0.0,0,0,,,,,625.5,未觀測到靠港,26.36587,121.14752,eez,2026-09-17T18:42:40.833805+00:00
412443877,MINLIANYU61713,fishing,,412,China,中國,13,critical,1,9.5,2.8,0,taiwan-matsu-no-4;taiwan-penghu-kinmen-matsu-no-2-tpkm2;taiwan-strait-express-1-tse-1,0.0,0,0,,,,,672.2,未觀測到靠港,26.29504,121.1556,eez,2026-09-21T04:27:30.978051+00:00
412443893,MINLIANYU61753,fishing,,412,China,中國,13,critical,7,9.7,1.6,0,taiwan-matsu-no-4;taiwan-penghu-kinmen-matsu-no-2-tpkm2;taiwan-penghu-kinmen-matsu-no-3-tpkm3;taiwan-strait-express-1-tse-1,0.0,0,0,,,,,667.3,未觀測到靠港,26.14337,120.75179,eez,2026-09-21T04:27:30.978051+00:00
412444179,MIN LONG YU 61157,fishing,,412,China,中國,13,critical,2,3.1,3.9,0,taiwan-penghu-kinmen-matsu-no-2-tpkm2;taiwan-penghu-kinmen-matsu-no-3-tpkm3,0.0,0,0,,,,,663.1,未觀測到靠港,24.28548,118.90696,eez,2026-09-20T21:08:32.217333+00:00
412444644,MINLONGYU09896,fishing,,412,China,中國,13,critical,2,3.4,2.1,1,taiwan-penghu-kinmen-matsu-no-2-tpkm2,0.0,0,0,,,廈門 Xiamen,2026-09-20T21:08:32.217333+00:00,556.4,,24.40609,118.07725,eez,2026-09-20T21:08:32.217333+00:00
412444675,MINLONGYU64968,fishing,,412,China,中國,13,critical,1,3.3,2.9,1,taiwan-penghu-kinmen-matsu-no-2-tpkm2;taiwan-penghu-kinmen-matsu-no-3-tpkm3,0.0,0,0,,,,,636.5,未觀測到靠港,24.810367,119.29518,eez,2026-09-06T00:23:27.934172+00:00
412444966,MINLONGYU61699,fishing,,412,China,中國,13,critical,7,6.6,2.4,0,taiwan-penghu-kinmen-matsu-no-2-tpkm2;taiwan-penghu-kinmen-matsu-no-3-tpkm3,0.0,0,0,,,,,664.9,未觀測到靠港,24.16584,119.15271,eez,2026-09-20T21:08:32.217333+00:00
412444982,MINLIANYU66577,fishing,,412,China,中國,13,critical,2,17.9,3.2,0,taiwan-matsu-no-4;taiwan-penghu-kinmen-matsu-no-2-tpkm2;taiwan-penghu-kinmen-matsu-no-3-tpkm3;taiwan-strait-express-1-tse-1,0.0,0,0,,,,,658.7,未觀測到靠港,26.79543,121.89769,eez,2026-09-20T09:54:18.045676+00:00
412445199,MINLONGYU,fishing,,412,China,中國,13,critical,3,6.5,1.2,2,taiwan-penghu-kinmen-matsu-no-2-tpkm2;taiwan-penghu-kinmen-matsu-no-3-tpkm3,0.0,0,0,廈門 Xiamen,2026-09-01T05:22:35.528216+00:00,,,459.8,,24.35028,118.56388,eez,2026-09-21T04:27:30.978051+00:00
412446434,MINLIANYU60955,fishing,,412,China,中國,13,critical,3,8.7,2.9,0,eac-c2c;taiwan-matsu-no-4;taiwan-penghu-kinmen-matsu-no-2-tpkm2;taiwan-penghu-kinmen-matsu-no-3-tpkm3;taiwan-strait-express-1-tse-1,0.0,0,0,,,,,657.1,未觀測到靠港,26.29067,121.45694,eez,2026-09-20T13:20:28.204361+00:00
412446878,MIN MIN YU 18998,fishing,,412,China,中國,13,critical,5,12.4,1.9,0,taiwan-strait-express-1-tse-1,0.0,0,0,閩江口錨地 Minjiangkou,2026-09-05T12:13:46.310257+00:00,,,37.7,,26.02241,119.77309,eez,2026-09-07T04:03:02.203275+00:00
412447521,MINLIANYU61717,fishing,,412,China,中國,13,critical,7,4.7,0.2,1,eac-c2c;taiwan-penghu-kinmen-matsu-no-2-tpkm2;taiwan-penghu-kinmen-matsu-no-3-tpkm3;trans-pacific-express-tpe-cable-system,0.0,0,0,,,,,653.7,未觀測到靠港,26.22723,121.64158,eez,2026-09-20T09:54:18.045676+00:00
412449534,MINLIANYUYUN60382,fishing,,412,China,中國,13,critical,7,6.6,3.1,0,taiwan-matsu-no-4;taiwan-penghu-kinmen-matsu-no-3-tpkm3;taiwan-strait-express-1-tse-1,0.0,0,0,,,,,657.1,未觀測到靠港,26.36641,119.92951,eez,2026-09-21T04:27:30.978051+00:00
412450915,MINLIANYU62189,fishing,,412,China,中國,13,critical,1,7.8,3.5,0,taiwan-penghu-kinmen-matsu-no-3-tpkm3;taiwan-strait-express-1-tse-1,0.0,0,0,,,,,651.9,未觀測到靠港,26.07529,119.80589,eez,2026-09-19T19:05:56.114966+00:00
412451317,MIN PING YU 61759,fishing,,412,China,中國,13,critical,6,4.7,3.2,0,eac-c2c;taiwan-matsu-no-4;taiwan-penghu-kinmen-matsu-no-2-tpkm2;taiwan-penghu-kinmen-matsu-no-3-tpkm3;taiwan-strait-express-1-tse-1;trans-pacific-express-tpe-cable-system,0.0,0,0,,,,,613.7,未觀測到靠港,25.65623,121.15761,eez,2026-09-17T18:42:40.833805+00:00
412451543,MIN SHI YU 06889,fishing,,412,China,中國,13,critical,7,4.3,1.4,0,eac-c2c;taiwan-matsu-no-4;taiwan-penghu-kinmen-matsu-no-2-tpkm2;taiwan-penghu-kinmen-matsu-no-3-tpkm3;taiwan-strait-express-1-tse-1,0.0,0,0,,,,,656.2,未觀測到靠港,25.73386,121.24681,eez,2026-09-20T09:54:18.045676+00:00
412466279,MMSI-412466279,fishing,,412,China,中國,13,critical,1,4.6,3.4,1,apcn-2,0.0,0,0,,,,,629.8,未觀測到靠港,23.16369,116.90098,eez,2026-09-20T05:05:13.918990+00:00
413220620,MAO YUN 568,cargo,,413,China,中國,13,critical,7,10.1,0.8,0,apcn-2;taiwan-matsu-no-4;taiwan-penghu-kinmen-matsu-no-2-tpkm2;taiwan-penghu-kinmen-matsu-no-3-tpkm3;taiwan-strait-express-1-tse-1,0.0,0,0,,,,,328.7,未觀測到靠港,23.194492,116.84828,eez,2026-09-05T03:57:25.117144+00:00
413225190,YONG SHENG 689,cargo,,413,China,中國,13,critical,6,0,,0,,9.7,0,0,,,,,883.3,未觀測到靠港,26.129277,119.721013,eez,2026-09-19T15:11:46.365307+00:00
413565598,XINGCHENDAHAI,fishing,,413,China,中國,13,critical,3,3.3,3.6,1,eac-c2c;southeast-asia-japan-cable-2-sjc2;taiwan-matsu-no-4;taiwan-penghu-kinmen-matsu-no-3-tpkm3;taiwan-strait-express-1-tse-1;trans-pacific-express-tpe-cable-system,0.0,0,0,,,,,860.6,未觀測到靠港,23.577608,117.51034,eez,2026-09-01T18:03:58.033746+00:00
416001077,MAN TSAI SHIVH,fishing,,416,Taiwan,台灣,13,critical,2,95.2,2.7,0,apcn-2;eac-c2c;faster,0.0,0,0,八斗子漁港 Badouzi,2026-09-06T22:39:12.217794+00:00,,,291.7,,25.872948,122.08112,contiguous_zone,2026-09-19T04:10:10.354503+00:00
416068856,CTR-TT0144,fishing,,416,Taiwan,台灣,13,critical,1,9.2,0.0,0,asia-united-gateway-east-aug-east,0.0,0,0,伽藍漁港 Fugang,2026-09-07T10:32:14.025579+00:00,,,0.0,,22.339558,120.894525,internal_waters,2026-09-17T16:03:57.751884+00:00
440493000,KMTC SINGAPORE,cargo,,440,Korea,韓國,13,critical,5,8.1,0.1,0,apcn-2;eac-c2c;faster;southeast-asia-japan-cable-2-sjc2;taiwan-penghu-kinmen-matsu-no-2-tpkm2;taiwan-penghu-kinmen-matsu-no-3-tpkm3;trans-pacific-express-tpe-cable-system,0.0,1,0,基隆港 Keelung,2026-09-01T05:22:35.528216+00:00,,,0.0,,26.344333,122.335,eez,2026-09-01T10:15:55.563560+00:00
441509000,NEW CHALLENGE,tanker,,441,Korea,韓國,13,critical,6,14.7,0.0,0,apcn-2;eac-c2c;trans-pacific-express-tpe-cable-system,0.0,1,0,台中港 Taichung,2026-08-31T01:00:40.959031+00:00,,,11.6,,25.8149,122.658917,eez,2026-08-31T16:32:04.528899+00:00
574006350,MMSI-574006350,tanker,,574,Vietnam,越南,13,critical,5,37.5,1.5,0,eac-c2c;taiwan-matsu-no-4;trans-pacific-express-tpe-cable-system,0.0,1,0,,,,,46.0,未觀測到靠港,22.82361,117.678733,eez,2026-08-15T04:53:28.629700+00:00
