mmsi,name,vessel_type,gov_category,flag_mid,flag_en,flag_zh,max_risk_score,risk_level,days_seen,cable_loiter_hours,cable_loiter_avg_speed_kn,cable_loiter_events,cables_nearby,offshore_loiter_days,non_top10_flag,sanctioned,departure_port,departure_time_utc,arrival_port,arrival_time_utc,time_at_sea_hours,time_at_sea_note,last_lat,last_lon,last_zone,last_seen_utc
106000000,KKK,cargo,,106,Unknown,未知,36,critical,6,4.0,0.4,0,apcn-2;asia-pacific-gateway-apg;e2a;eac-c2c;flag-north-asia-loopreach-north-asia-loop;taiwan-penghu-kinmen-matsu-no-2-tpkm2;taiwan-penghu-kinmen-matsu-no-3-tpkm3,12.4,1,0,員貝漁港 Yuanbei,2026-09-04T13:01:24.739239+00:00,,,44.9,,22.969108,119.247258,contiguous_zone,2026-09-06T14:46:16.922285+00:00
412522610,YING HAI 59,cargo,,412,China,中國,35,critical,30,66.8,0.2,5,taiwan-penghu-kinmen-matsu-no-2-tpkm2;taiwan-penghu-kinmen-matsu-no-3-tpkm3,6.1,0,0,大嶝/圍頭灣 Weitou,2026-09-24T13:55:47.379231+00:00,復國墩漁港 Fuguodun,2026-09-29T05:56:02.952700+00:00,109.0,,24.413888,118.415408,eez,2026-10-01T01:43:39.850879+00:00
100900000,HOSM AIS TEST SHIP,cargo,,100,Unknown,未知,33,critical,6,18.8,3.0,0,apcn-2;eac-c2c;faster;southeast-asia-japan-cable-2-sjc2;taiwan-penghu-kinmen-matsu-no-2-tpkm2;taiwan-penghu-kinmen-matsu-no-3-tpkm3,0.0,1,0,八斗子漁港 Badouzi,2026-09-06T00:23:27.934172+00:00,,,5.2,,25.097215,119.306218,eez,2026-09-06T14:46:16.922285+00:00
413000000,CCC,fishing,,413,China,中國,32,critical,30,5.8,2.3,2,asia-pacific-gateway-apg;flag-north-asia-loopreach-north-asia-loop;h2-cable;taiwan-penghu-kinmen-matsu-no-2-tpkm2;taiwan-penghu-kinmen-matsu-no-3-tpkm3;taiwan-strait-express-1-tse-1,0.0,0,0,中柱漁港 Zhongzhu,2026-09-29T21:12:35.544512+00:00,,,24.0,,23.122775,119.5146,internal_waters,2026-09-30T15:29:48.217955+00:00
667001298,CHERRY 168,tanker,,667,Sierra Leone,獅子山,31,critical,29,13.6,0.9,3,eac-c2c;faster;taiwan-matsu-no-4;taiwan-penghu-kinmen-matsu-no-2-tpkm2;taiwan-penghu-kinmen-matsu-no-3-tpkm3;taiwan-strait-express-1-tse-1;trans-pacific-express-tpe-cable-system,11.3,1,0,,,,,671.4,未觀測到靠港,24.824843,120.692862,territorial_sea,2026-09-29T17:29:56.900968+00:00
400000000,00000000000000,fishing,,400,Unknown,未知,30,critical,6,10.4,1.4,3,southeast-asia-japan-cable-2-sjc2;taiwan-matsu-no-4;taiwan-penghu-kinmen-matsu-no-3-tpkm3,0.0,1,0,漳州東山 Dongshan,2026-09-04T00:32:15.198838+00:00,,,53.5,,24.334458,118.140353,eez,2026-09-06T09:32:13.465682+00:00
412359140,YANG HAI 668,cargo,,412,China,中國,29,critical,30,3.4,0.9,1,taiwan-matsu-no-4;taiwan-penghu-kinmen-matsu-no-2-tpkm2;taiwan-penghu-kinmen-matsu-no-3-tpkm3;taiwan-strait-express-1-tse-1,0.0,0,0,,,,,658.1,未觀測到靠港,26.240585,120.115362,eez,2026-10-01T01:43:39.850879+00:00
412906383,XINGHAI95,cargo,,412,China,中國,29,critical,24,6.1,1.4,0,taiwan-matsu-no-4;taiwan-penghu-kinmen-matsu-no-3-tpkm3;taiwan-strait-express-1-tse-1,0.0,0,0,青帆漁港 Qingfan,2026-08-27T08:42:36.751075+00:00,,,563.0,,25.980653,119.95667,eez,2026-09-21T17:40:43.383432+00:00
412702620,YU CHANG 8,cargo,,412,China,中國,28,critical,20,120.4,0.3,0,taiwan-penghu-kinmen-matsu-no-2-tpkm2;taiwan-penghu-kinmen-matsu-no-3-tpkm3;taiwan-strait-express-1-tse-1,0.0,0,0,新湖漁港 Xinhu,2026-09-07T00:30:10.743445+00:00,,,254.7,,24.310828,118.165198,eez,2026-09-17T18:42:40.833805+00:00
413005665,SHUNXING056,cargo,,413,China,中國,28,critical,28,3.5,2.4,0,taiwan-strait-express-1-tse-1,0.0,0,0,,,,,611.9,未觀測到靠港,26.026363,119.787307,eez,2026-09-30T05:46:06.800354+00:00
413332760,HUI DE,cargo,,413,China,中國,28,critical,28,11.4,0.9,2,apcn-2;eac-c2c;faster;taiwan-matsu-no-4;taiwan-penghu-kinmen-matsu-no-2-tpkm2;taiwan-penghu-kinmen-matsu-no-3-tpkm3;taiwan-strait-express-1-tse-1;trans-pacific-express-tpe-cable-system,0.0,0,0,基隆港 Keelung,2026-09-30T21:06:57.883108+00:00,,,0.0,,25.896992,121.7649,contiguous_zone,2026-10-01T01:43:39.850879+00:00
457119000,SAFCO,cargo,,457,Mongolia,蒙古,28,critical,30,0,,0,taiwan-penghu-kinmen-matsu-no-2-tpkm2;taiwan-penghu-kinmen-matsu-no-3-tpkm3,18.3,1,0,,,,,541.3,未觀測到靠港,22.718688,120.1916,internal_waters,2026-09-25T05:08:45.914390+00:00
620999315,MEDNA,tanker,,620,Comoros,葛摩,28,critical,24,19.9,1.3,0,apcn-2;asia-pacific-gateway-apg;asia-united-gateway-east-aug-east;candle;eac-c2c;flag-europe-asia-fea;flag-north-asia-loopreach-north-asia-loop;hong-kong-americas-hka;orca;seamewe-3;tpu,0.0,1,1,,,,,149.1,未觀測到靠港,20.914685,120.958228,eez,2026-08-22T07:06:41.885734+00:00
620999902,.MAGICIAN  66,cargo,,620,Comoros,葛摩,27,critical,24,59.8,2.4,0,eac-c2c;taiwan-matsu-no-4;taiwan-penghu-kinmen-matsu-no-2-tpkm2;taiwan-penghu-kinmen-matsu-no-3-tpkm3;taiwan-strait-express-1-tse-1;trans-pacific-express-tpe-cable-system,0.0,1,0,,,,,936.2,未觀測到靠港,22.7314,120.16604,internal_waters,2026-09-24T04:15:53.594592+00:00
667001430,DIANA,tanker,,667,Sierra Leone,獅子山,27,critical,24,3.7,1.8,1,eac-c2c;faster;southeast-asia-japan-cable-2-sjc2;taiwan-penghu-kinmen-matsu-no-2-tpkm2;trans-pacific-express-tpe-cable-system,12.8,1,0,,,,,644.6,未觀測到靠港,25.841352,121.822062,contiguous_zone,2026-09-30T21:06:57.883108+00:00
671368100,LEONA NO.2,tanker,,671,Togo,多哥,27,critical,30,8.5,0.8,2,taiwan-penghu-kinmen-matsu-no-2-tpkm2;taiwan-penghu-kinmen-matsu-no-3-tpkm3,25.9,1,0,,,,,102.6,未觀測到靠港,22.754268,120.151642,internal_waters,2026-09-07T10:32:14.025579+00:00
350179000,MMSI-350179000,tanker,,350,Nicaragua,尼加拉瓜,26,critical,30,6.5,2.6,1,apcn-2;seamewe-3;southeast-asia-japan-cable-sjc;taiwan-matsu-no-4;taiwan-penghu-kinmen-matsu-no-3-tpkm3;taiwan-strait-express-1-tse-1,9.4,1,1,,,,,573.1,未觀測到靠港,26.325248,119.853638,eez,2026-09-27T01:03:54.816309+00:00
412000000,0,fishing,,412,China,中國,26,critical,30,2.4,,0,apcn-2;eac-c2c;faster;taiwan-matsu-no-4;taiwan-penghu-kinmen-matsu-no-2-tpkm2;taiwan-penghu-kinmen-matsu-no-3-tpkm3;taiwan-strait-express-1-tse-1;trans-pacific-express-tpe-cable-system,0.0,0,0,福清灣/海壇 Fuqing,2026-09-24T05:06:41.799739+00:00,,,159.5,,26.206067,119.967883,eez,2026-10-01T01:43:39.850879+00:00
412441932,MINLIANYUYUN62031,cargo,,412,China,中國,26,critical,30,18.9,1.1,8,taiwan-matsu-no-4;taiwan-penghu-kinmen-matsu-no-2-tpkm2;taiwan-penghu-kinmen-matsu-no-3-tpkm3;taiwan-strait-express-1-tse-1,4.3,0,0,,,,,628.6,未觀測到靠港,26.231367,119.825967,eez,2026-09-17T18:42:40.833805+00:00
412442346,MINLIANYU60322,cargo,,412,China,中國,26,critical,30,8.4,3.5,9,taiwan-matsu-no-4;taiwan-penghu-kinmen-matsu-no-2-tpkm2;taiwan-penghu-kinmen-matsu-no-3-tpkm3;taiwan-strait-express-1-tse-1,0.0,0,0,,,,,319.0,未觀測到靠港,26.07864,120.34724,eez,2026-10-01T01:43:39.850879+00:00
412466829,66829,unknown,,412,China,中國,26,critical,30,14.8,3.2,10,taiwan-penghu-kinmen-matsu-no-3-tpkm3,0.0,0,0,,,,,240.8,未觀測到靠港,22.85687,118.57044,eez,2026-09-27T16:13:45.102927+00:00
412592490,HAI YANG 09,cargo,,412,China,中國,26,critical,30,7.7,2.4,0,cross-straits-cable-network;taiwan-penghu-kinmen-matsu-no-2-tpkm2;taiwan-penghu-kinmen-matsu-no-3-tpkm3,0.0,0,0,大嶝/圍頭灣 Weitou,2026-09-29T21:12:35.544512+00:00,大嶝/圍頭灣 Weitou,2026-09-30T12:50:48.525202+00:00,4.0,,24.536325,118.236387,eez,2026-10-01T01:43:39.850879+00:00
416168800,RONG BANG NO 5,special,,416,Taiwan,台灣,26,critical,27,59.5,0.2,7,taiwan-penghu-kinmen-matsu-no-3-tpkm3;taiwan-strait-express-1-tse-1,0.0,0,0,馬祖福澳港 Matsu,2026-09-24T00:59:15.889391+00:00,猛澳漁港 Mengao,2026-10-01T01:43:39.850879+00:00,160.9,,25.957787,119.962603,eez,2026-10-01T01:43:39.850879+00:00
457900638,SHENGJIA,cargo,,457,Mongolia,蒙古,26,critical,27,0,,0,taiwan-penghu-kinmen-matsu-no-3-tpkm3,17.1,1,0,,,,,197.6,未觀測到靠港,22.718257,120.170963,internal_waters,2026-09-07T10:32:14.025579+00:00
477957600,DONG FANG XIAMEN,cargo,,477,Hong Kong,香港,26,critical,28,6.1,0.1,1,eac-c2c;taiwan-penghu-kinmen-matsu-no-2-tpkm2;taiwan-penghu-kinmen-matsu-no-3-tpkm3;taiwan-strait-express-1-tse-1,0.0,0,0,小港臨海新村漁港 Xiaogang,2026-09-29T05:56:02.952700+00:00,福州馬尾 Fuzhou-Mawei,2026-09-30T01:46:05.920397+00:00,8.0,,26.006217,119.478833,eez,2026-09-30T05:08:22.673426+00:00
608683405,83405,cargo,,608,Ascension Is,阿森松島,26,critical,30,6.8,3.4,3,taiwan-matsu-no-4;taiwan-penghu-kinmen-matsu-no-3-tpkm3;taiwan-strait-express-1-tse-1,0.0,1,0,,,,,624.0,未觀測到靠港,25.884478,120.0204,eez,2026-09-30T21:06:57.883108+00:00
620999966,HAI XIN,cargo,,620,Comoros,葛摩,26,critical,26,105.5,0.2,0,taiwan-penghu-kinmen-matsu-no-3-tpkm3,23.2,1,0,旗津漁港 Qijin,2026-09-05T00:28:43.331771+00:00,,,577.4,,22.87796,120.074462,internal_waters,2026-09-29T05:18:27.997969+00:00
667002605,MMSI-667002605,tanker,,667,Sierra Leone,獅子山,26,critical,30,88.1,0.7,5,eac-c2c;taiwan-penghu-kinmen-matsu-no-3-tpkm3;taiwan-strait-express-1-tse-1;trans-pacific-express-tpe-cable-system,3.0,1,0,,,,,553.2,未觀測到靠港,25.840593,121.598265,eez,2026-09-26T05:12:25.017727+00:00
357817958,MMSI-357817958,cargo,,357,Panama,巴拿馬,25,critical,26,0,,0,taiwan-penghu-kinmen-matsu-no-2-tpkm2;taiwan-penghu-kinmen-matsu-no-3-tpkm3,0.0,0,0,,,,,516.5,未觀測到靠港,24.198733,118.684773,eez,2026-09-20T09:54:18.045676+00:00
412440140,SEYCHELLESPROSPERITY,tanker,,412,China,中國,25,critical,24,4.0,3.1,0,apcn-2;taiwan-penghu-kinmen-matsu-no-2-tpkm2;taiwan-penghu-kinmen-matsu-no-3-tpkm3,0.0,0,0,廈門 Xiamen,2026-09-05T00:28:43.331771+00:00,廈門 Xiamen,2026-09-22T04:22:57.752949+00:00,54.6,,24.507055,118.068332,eez,2026-09-22T10:08:12.323441+00:00
412442398,MINLIANYUYUN65387,fishing,,412,China,中國,25,critical,24,10.0,1.3,1,taiwan-matsu-no-4;taiwan-penghu-kinmen-matsu-no-2-tpkm2;taiwan-penghu-kinmen-matsu-no-3-tpkm3,0.0,0,0,,,,,594.4,未觀測到靠港,26.42123,120.30386,eez,2026-09-23T01:05:22.428388+00:00
412447667,MINLIANYU66588,cargo,,412,China,中國,25,critical,29,9.3,1.9,3,eac-c2c;taiwan-matsu-no-4;taiwan-penghu-kinmen-matsu-no-2-tpkm2;taiwan-penghu-kinmen-matsu-no-3-tpkm3;taiwan-strait-express-1-tse-1,0.0,0,0,,,,,319.0,未觀測到靠港,26.13587,120.56374,eez,2026-10-01T01:43:39.850879+00:00
412866688,SHUN DA6668,cargo,,412,China,中國,25,critical,24,10.2,3.0,0,taiwan-penghu-kinmen-matsu-no-2-tpkm2;taiwan-penghu-kinmen-matsu-no-3-tpkm3,0.0,0,0,,,,,533.6,未觀測到靠港,26.404167,120.313365,eez,2026-09-07T10:32:14.025579+00:00
413239110,HONGYUANCHANGSHENG,cargo,,413,China,中國,25,critical,20,15.5,0.4,0,taiwan-penghu-kinmen-matsu-no-2-tpkm2;taiwan-penghu-kinmen-matsu-no-3-tpkm3;taiwan-strait-express-1-tse-1,0.0,0,0,福州馬尾 Fuzhou-Mawei,2026-09-06T00:23:27.934172+00:00,,,30.5,,26.202995,119.834435,eez,2026-09-07T10:32:14.025579+00:00
413498610,NINGYUANYONGAN,cargo,,413,China,中國,25,critical,23,12.1,1.6,0,apcn-2;eac-c2c;faster;taiwan-matsu-no-4;taiwan-penghu-kinmen-matsu-no-2-tpkm2;taiwan-penghu-kinmen-matsu-no-3-tpkm3;taiwan-strait-express-1-tse-1;trans-pacific-express-tpe-cable-system,0.0,0,0,麗水漁港 Lishui,2026-09-23T18:55:58.874562+00:00,,,6.4,,23.211882,119.89164,internal_waters,2026-09-24T04:15:53.594592+00:00
413702940,HUA XIN 116,cargo,,413,China,中國,25,critical,24,8.8,0.2,0,cross-straits-cable-network;taiwan-penghu-kinmen-matsu-no-2-tpkm2;taiwan-penghu-kinmen-matsu-no-3-tpkm3;taiwan-strait-express-1-tse-1,0.0,0,0,福州馬尾 Fuzhou-Mawei,2026-08-29T18:01:43.259492+00:00,同安灣/廈門灣北 Tongan,2026-08-30T21:44:18.641860+00:00,20.9,,24.52132,118.08128,eez,2026-08-31T05:49:54.519009+00:00
477057900,HUA HANG 6,cargo,,477,Hong Kong,香港,25,critical,30,4.6,1.8,2,apcn-2;eac-c2c;faster;taiwan-matsu-no-4;taiwan-penghu-kinmen-matsu-no-2-tpkm2;taiwan-penghu-kinmen-matsu-no-3-tpkm3;taiwan-strait-express-1-tse-1,0.0,0,0,同安灣/廈門灣北 Tongan,2026-09-28T01:21:43.156133+00:00,,,68.8,,26.446377,119.717792,eez,2026-10-01T01:43:39.850879+00:00
677016400,ADA,cargo,,677,Tanzania,坦尚尼亞,25,critical,30,9.5,1.8,3,eac-c2c;taiwan-matsu-no-4;taiwan-penghu-kinmen-matsu-no-2-tpkm2;taiwan-penghu-kinmen-matsu-no-3-tpkm3;trans-pacific-express-tpe-cable-system,0.0,1,0,,,,,665.1,未觀測到靠港,26.344397,122.327653,eez,2026-09-30T21:06:57.883108+00:00
352001221,PRINCE CHARMING,tanker,,352,Panama,巴拿馬,24,critical,26,1.6,,0,taiwan-penghu-kinmen-matsu-no-2-tpkm2;taiwan-penghu-kinmen-matsu-no-3-tpkm3,19.0,0,0,麗水漁港 Lishui,2026-09-25T05:08:45.914390+00:00,,,87.0,,24.43381,120.45852,internal_waters,2026-09-29T05:18:27.997969+00:00
370401000,EXPRESS SAIL,tanker,,370,Panama,巴拿馬,24,critical,28,7.3,3.4,2,taiwan-penghu-kinmen-matsu-no-2-tpkm2;taiwan-penghu-kinmen-matsu-no-3-tpkm3,21.4,1,0,,,,,671.2,未觀測到靠港,24.2589,120.464343,internal_waters,2026-09-30T17:27:25.371366+00:00
412446259,MINLONGYU61688,cargo,,412,China,中國,24,critical,15,6.0,3.4,1,taiwan-penghu-kinmen-matsu-no-3-tpkm3,0.0,0,0,,,,,315.9,未觀測到靠港,24.1379,118.39911,eez,2026-10-01T01:43:39.850879+00:00
413356020,HAIPENG0088,cargo,,413,China,中國,24,critical,30,0,,0,taiwan-penghu-kinmen-matsu-no-2-tpkm2,17.1,0,0,深滬灣/圍頭東 Shenhu,2026-09-30T17:27:25.371366+00:00,,,4.6,,24.546255,118.501975,eez,2026-10-01T01:43:39.850879+00:00
413451656,MMSI-413451656,cargo,,413,China,中國,24,critical,30,5.7,3.1,1,taiwan-penghu-kinmen-matsu-no-2-tpkm2;taiwan-penghu-kinmen-matsu-no-3-tpkm3,0.0,0,0,,,,,573.5,未觀測到靠港,24.406842,118.695902,eez,2026-09-29T13:10:56.347005+00:00
477630400,A KEIGA,cargo,,477,Hong Kong,香港,24,critical,29,9.1,0.4,1,eac-c2c;taiwan-penghu-kinmen-matsu-no-2-tpkm2;taiwan-penghu-kinmen-matsu-no-3-tpkm3;taiwan-strait-express-1-tse-1,0.0,0,0,小港臨海新村漁港 Xiaogang,2026-09-28T23:37:05.236253+00:00,廈門 Xiamen,2026-09-29T21:12:35.544512+00:00,7.9,,24.507323,118.076208,eez,2026-09-30T05:08:22.673426+00:00
477800200,JJ NAGOYA,cargo,,477,Hong Kong,香港,24,critical,29,11.7,0.7,5,apcn-2;eac-c2c;faster;taiwan-matsu-no-4;taiwan-penghu-kinmen-matsu-no-2-tpkm2;taiwan-penghu-kinmen-matsu-no-3-tpkm3;taiwan-strait-express-1-tse-1;trans-pacific-express-tpe-cable-system,0.0,0,0,基隆港 Keelung,2026-09-30T12:50:48.525202+00:00,,,10.2,,24.270078,120.513918,internal_waters,2026-10-01T01:43:39.850879+00:00
620800141,SHUN FONG,cargo,,620,Comoros,葛摩,24,critical,24,0,,0,taiwan-penghu-kinmen-matsu-no-2-tpkm2;taiwan-penghu-kinmen-matsu-no-3-tpkm3,6.7,1,0,,,,,932.4,未觀測到靠港,23.253182,119.817792,internal_waters,2026-09-24T04:15:53.594592+00:00
200042240,MMSI-200042240,cargo,,200,Unknown,未知,23,critical,6,5.8,2.4,0,apcn-2;asia-united-gateway-east-aug-east;flag-north-asia-loopreach-north-asia-loop;seamewe-3,0.0,1,0,蘇澳港 Suao,2026-08-31T01:00:40.959031+00:00,,,153.8,,23.499295,121.700462,territorial_sea,2026-09-06T14:46:16.922285+00:00
219734000,ALVA MAERSK,cargo,,219,Denmark,丹麥,23,critical,24,3.9,0.9,0,eac-c2c;taiwan-penghu-kinmen-matsu-no-2-tpkm2;taiwan-penghu-kinmen-matsu-no-3-tpkm3;taiwan-strait-express-1-tse-1,5.0,1,0,,,,,159.2,未觀測到靠港,23.08979,117.653287,eez,2026-08-22T17:12:26.267485+00:00
311000717,ARRIBA,cargo,,311,Bahamas,巴哈馬,23,critical,22,4.7,1.4,0,taiwan-penghu-kinmen-matsu-no-2-tpkm2;taiwan-penghu-kinmen-matsu-no-3-tpkm3;taiwan-strait-express-1-tse-1;trans-pacific-express-tpe-cable-system,7.3,1,0,台中港 Taichung,2026-09-03T13:07:19.959143+00:00,,,12.4,,22.387355,119.575083,eez,2026-09-04T04:00:17.162565+00:00
312234000,GREAT GLORY,cargo,,312,Belize,貝里斯,23,critical,12,0,,0,apcn-2,10.5,1,0,前鎮漁港 Qianzhen,2026-09-05T04:42:29.611877+00:00,,,572.1,,22.605425,120.238023,internal_waters,2026-09-29T05:18:27.997969+00:00
312960000,TA CHIN,cargo,,312,Belize,貝里斯,23,critical,29,5.2,4.4,0,eac-c2c;taiwan-matsu-no-4;taiwan-penghu-kinmen-matsu-no-2-tpkm2;taiwan-penghu-kinmen-matsu-no-3-tpkm3;trans-pacific-express-tpe-cable-system,7.6,1,0,高雄港 Kaohsiung,2026-09-04T13:01:24.739239+00:00,,,634.1,,23.002517,119.094755,contiguous_zone,2026-10-01T01:43:39.850879+00:00
352003569,FORTUNE GLOBE,tanker,,352,Panama,巴拿馬,23,critical,30,154.2,0.7,3,eac-c2c;faster;taiwan-matsu-no-4;taiwan-penghu-kinmen-matsu-no-2-tpkm2;taiwan-penghu-kinmen-matsu-no-3-tpkm3;taiwan-strait-express-1-tse-1;trans-pacific-express-tpe-cable-system,10.5,0,0,,,,,669.7,未觀測到靠港,24.272427,120.507655,internal_waters,2026-10-01T01:43:39.850879+00:00
403512001,NCC NOOR,tanker,,403,Saudi Arabia,沙烏地阿拉伯,23,critical,19,3.7,0.9,0,eac-c2c;flag-north-asia-loopreach-north-asia-loop;hong-kong-americas-hka;seamewe-3;taiwan-penghu-kinmen-matsu-no-2-tpkm2;taiwan-penghu-kinmen-matsu-no-3-tpkm3;trans-pacific-express-tpe-cable-system,4.8,1,0,莆田湄洲灣 Putian,2026-08-20T11:18:17.276599+00:00,,,711.6,,24.154888,120.069673,internal_waters,2026-09-19T04:10:10.354503+00:00
412355680,HENG CHUN 1,cargo,,412,China,中國,23,critical,14,1.8,,0,taiwan-penghu-kinmen-matsu-no-2-tpkm2;taiwan-penghu-kinmen-matsu-no-3-tpkm3;taiwan-strait-express-1-tse-1,0.0,0,0,廈門 Xiamen,2026-09-30T05:46:06.800354+00:00,,,4.6,,25.07605,119.012867,eez,2026-09-30T17:27:25.371366+00:00
413620090,HUISHI6,cargo,,413,China,中國,23,critical,24,0,,0,taiwan-strait-express-1-tse-1,0.0,0,0,福州馬尾 Fuzhou-Mawei,2026-08-29T07:12:39.299265+00:00,,,608.7,,26.901147,120.265895,eez,2026-09-23T21:54:36.888155+00:00
413701510,XIANG YANG HONG 03,research,research,413,China,中國,23,critical,22,5.9,1.4,0,apcn-2;asia-united-gateway-east-aug-east;candle;eac-c2c;flag-north-asia-loopreach-north-asia-loop;h2-cable;seamewe-3,0.0,0,0,同安灣/廈門灣北 Tongan,2026-09-21T20:43:12.525617+00:00,,,4.6,,23.47957,118.19315,eez,2026-09-22T04:22:57.752949+00:00
538012622,OCEAN VICTORY,cargo,,538,Marshall Is,馬紹爾群島,23,critical,27,11.4,1.4,3,eac-c2c;flag-north-asia-loopreach-north-asia-loop;taiwan-penghu-kinmen-matsu-no-2-tpkm2,7.8,0,0,花蓮港 Hualien,2026-09-19T22:35:05.123562+00:00,,,256.9,,24.823365,120.738918,territorial_sea,2026-09-30T17:27:25.371366+00:00
620999951,NEPTUNE,cargo,,620,Comoros,葛摩,23,critical,30,210.7,0.5,5,apcn-2;eac-c2c;faster;taiwan-matsu-no-4;taiwan-penghu-kinmen-matsu-no-2-tpkm2;taiwan-penghu-kinmen-matsu-no-3-tpkm3;taiwan-strait-express-1-tse-1;trans-pacific-express-tpe-cable-system,0.0,1,0,,,,,669.7,未觀測到靠港,25.196833,121.718587,internal_waters,2026-10-01T01:43:39.850879+00:00
667001839,SHUNXIN77,tanker,,667,Sierra Leone,獅子山,23,critical,29,0,,0,taiwan-penghu-kinmen-matsu-no-2-tpkm2;taiwan-penghu-kinmen-matsu-no-3-tpkm3,25.8,1,0,,,,,560.6,未觀測到靠港,22.486453,118.665772,eez,2026-09-24T13:55:47.379231+00:00
677073600,LYDIA 1,tanker,,677,Tanzania,坦尚尼亞,23,critical,14,19.5,0.5,9,taiwan-penghu-kinmen-matsu-no-2-tpkm2;trans-pacific-express-tpe-cable-system,0.0,1,0,,,,,669.7,未觀測到靠港,25.87015,121.587387,eez,2026-10-01T01:43:39.850879+00:00
200041726,MMSI-200041726,cargo,,200,Unknown,未知,22,critical,6,3.5,1.4,0,taiwan-penghu-kinmen-matsu-no-3-tpkm3,1.1,1,0,講美漁港 Jiangmei,2026-08-26T08:05:51.405078+00:00,,,0.0,,23.757428,119.561433,internal_waters,2026-08-27T04:09:01.110749+00:00
352006010,CHANG YANG DONG FANG,cargo,,352,Panama,巴拿馬,22,critical,27,6.3,2.5,0,eac-c2c;taiwan-matsu-no-4;taiwan-penghu-kinmen-matsu-no-3-tpkm3;trans-pacific-express-tpe-cable-system,0.0,0,0,台北港 Taipei,2026-09-20T00:31:18.688825+00:00,,,251.0,,24.974093,120.156563,eez,2026-09-30T15:29:48.217955+00:00
412061157,61157,unknown,,412,China,中國,22,critical,21,5.7,3.8,1,taiwan-penghu-kinmen-matsu-no-2-tpkm2;taiwan-penghu-kinmen-matsu-no-3-tpkm3,0.0,0,0,,,,,342.3,未觀測到靠港,24.00007,118.64202,eez,2026-09-07T10:32:14.025579+00:00
412204970,DONG SHAN 29,cargo,,412,China,中國,22,critical,28,42.3,0.3,7,cross-straits-cable-network;taiwan-penghu-kinmen-matsu-no-2-tpkm2;taiwan-penghu-kinmen-matsu-no-3-tpkm3,0.0,0,0,廈門 Xiamen,2026-09-26T10:00:01.245943+00:00,,,108.2,,23.666767,119.48756,internal_waters,2026-10-01T01:43:39.850879+00:00
412441873,MINGLIANYU65392,fishing,,412,China,中國,22,critical,18,10.3,3.1,0,e2a;eac-c2c;southeast-asia-japan-cable-2-sjc2;taiwan-matsu-no-4;taiwan-penghu-kinmen-matsu-no-3-tpkm3;taiwan-strait-express-1-tse-1;trans-pacific-express-tpe-cable-system,0.0,0,0,,,,,117.2,未觀測到靠港,26.37738,119.93404,eez,2026-10-01T01:43:39.850879+00:00
412442001,MINLIANYUYUN60403,fishing,,412,China,中國,22,critical,7,5.7,3.0,1,taiwan-matsu-no-4;taiwan-penghu-kinmen-matsu-no-2-tpkm2;taiwan-penghu-kinmen-matsu-no-3-tpkm3;taiwan-strait-express-1-tse-1,0.0,0,0,,,,,380.9,未觀測到靠港,26.15532,120.97203,eez,2026-09-07T04:03:02.203275+00:00
412444368,63829,fishing,,412,China,中國,22,critical,23,0,,0,taiwan-penghu-kinmen-matsu-no-3-tpkm3,0.0,0,0,,,,,692.2,未觀測到靠港,24.32209,118.11966,eez,2026-09-24T04:15:53.594592+00:00
412444880,XING DONG 18,cargo,,412,China,中國,22,critical,14,52.4,0.2,8,cross-straits-cable-network;taiwan-penghu-kinmen-matsu-no-2-tpkm2;taiwan-penghu-kinmen-matsu-no-3-tpkm3,0.0,0,0,湄洲灣泉港 Meizhouwan,2026-09-25T05:08:45.914390+00:00,,,91.0,,24.364715,118.338293,eez,2026-09-29T05:18:27.997969+00:00
412510051,MINLONGWENYU65078,high_speed,,412,China,中國,22,critical,27,6.7,0.2,3,cross-straits-cable-network,0.0,0,0,,,,,287.5,未觀測到靠港,24.45322,118.1877,eez,2026-09-30T17:27:25.371366+00:00
412999999,XING GANG 8880,unknown,,412,China,中國,22,critical,11,2.2,,0,taiwan-penghu-kinmen-matsu-no-2-tpkm2;taiwan-penghu-kinmen-matsu-no-3-tpkm3,0.0,0,0,泉州 Quanzhou,2026-09-02T03:59:47.596863+00:00,,,548.2,,25.746133,119.620517,eez,2026-09-19T15:11:46.365307+00:00
413241050,XIN SHUN HANG 569,cargo,,413,China,中國,22,critical,30,1.9,,0,taiwan-strait-express-1-tse-1,6.6,0,0,閩江口錨地 Minjiangkou,2026-09-30T15:29:48.217955+00:00,,,0.0,,26.111955,119.715627,eez,2026-10-01T01:43:39.850879+00:00
413250840,DONGSHAN 55,cargo,,413,China,中國,22,critical,23,14.2,0.6,0,apcn-2;eac-c2c;faster;taiwan-matsu-no-4;taiwan-penghu-kinmen-matsu-no-2-tpkm2;taiwan-penghu-kinmen-matsu-no-3-tpkm3;taiwan-strait-express-1-tse-1;trans-pacific-express-tpe-cable-system,4.1,0,0,台北港 Taipei,2026-09-24T13:55:47.379231+00:00,,,71.9,,25.543007,121.476547,contiguous_zone,2026-09-27T16:13:45.102927+00:00
413276610,NANHANG757,cargo,,413,China,中國,22,critical,24,15.5,0.9,0,taiwan-penghu-kinmen-matsu-no-2-tpkm2;taiwan-penghu-kinmen-matsu-no-3-tpkm3;taiwan-strait-express-1-tse-1,0.0,0,0,湄洲灣泉港 Meizhouwan,2026-08-25T19:28:24.092970+00:00,,,99.6,,23.530005,117.41812,eez,2026-08-30T00:54:50.080310+00:00
413527370,XIN PENG HAI,cargo,,413,China,中國,22,critical,24,17.3,0.4,0,taiwan-penghu-kinmen-matsu-no-2-tpkm2;taiwan-penghu-kinmen-matsu-no-3-tpkm3;taiwan-strait-express-1-tse-1,0.0,0,0,,,,,758.8,未觀測到靠港,26.772683,119.721733,eez,2026-09-24T04:15:53.594592+00:00
413555110,WAN XIANG 388,cargo,,413,China,中國,22,critical,26,0,,0,cross-straits-cable-network;taiwan-penghu-kinmen-matsu-no-2-tpkm2;taiwan-penghu-kinmen-matsu-no-3-tpkm3,0.0,0,0,大嶝/圍頭灣 Weitou,2026-09-29T21:12:35.544512+00:00,大嶝/圍頭灣 Weitou,2026-09-30T05:08:22.673426+00:00,0.0,,24.490105,118.216157,eez,2026-10-01T01:43:39.850879+00:00
413692490,HUA HANG 3,cargo,,413,China,中國,22,critical,30,3.9,0.4,2,apcn-2;eac-c2c;taiwan-matsu-no-4;taiwan-penghu-kinmen-matsu-no-2-tpkm2;taiwan-penghu-kinmen-matsu-no-3-tpkm3;taiwan-strait-express-1-tse-1,0.0,0,0,小港臨海新村漁港 Xiaogang,2026-09-30T01:46:05.920397+00:00,,,0.0,,23.161863,119.93405,internal_waters,2026-09-30T05:08:22.673426+00:00
413706320,DONG SHAN 25,cargo,,413,China,中國,22,critical,30,111.3,0.0,6,taiwan-penghu-kinmen-matsu-no-2-tpkm2;taiwan-penghu-kinmen-matsu-no-3-tpkm3;taiwan-strait-express-1-tse-1,13.1,0,0,馬祖福澳港 Matsu,2026-09-27T01:03:54.816309+00:00,,,92.9,,26.16051,119.907723,eez,2026-10-01T01:43:39.850879+00:00
413875037,CHINACOASTGUARD2305,coastguard,coastguard,413,China,中國,22,critical,24,0,,0,taiwan-penghu-kinmen-matsu-no-2-tpkm2;taiwan-penghu-kinmen-matsu-no-3-tpkm3;taiwan-strait-express-1-tse-1,0.0,0,0,,,,,66.1,未觀測到靠港,25.7577,120.36907,eez,2026-08-28T11:34:06.990542+00:00
416000014,EC649,special,,416,Taiwan,台灣,22,critical,5,4.1,0.3,0,eac-c2c;taiwan-penghu-kinmen-matsu-no-2-tpkm2;taiwan-penghu-kinmen-matsu-no-3-tpkm3,0.0,0,0,台北港 Taipei,2026-09-01T18:03:58.033746+00:00,,,588.5,,23.684702,119.642932,internal_waters,2026-09-26T10:00:01.245943+00:00
416450000,TAIWAN,fishing,,416,Taiwan,台灣,22,critical,5,1.8,,0,eac-c2c;seamewe-3;taiwan-penghu-kinmen-matsu-no-2-tpkm2;taiwan-penghu-kinmen-matsu-no-3-tpkm3,3.5,0,0,小港臨海新村漁港 Xiaogang,2026-09-25T23:43:08.293870+00:00,,,48.3,,25.149102,121.010933,territorial_sea,2026-09-28T04:53:26.717713+00:00
461000231,ZALIV ANIVA,tanker,,461,Oman,阿曼,22,critical,9,6.2,1.3,0,apcn-2;candle;eac-c2c;flag-north-asia-loopreach-north-asia-loop;seamewe-3,0.0,1,1,,,,,53.4,未觀測到靠港,21.825485,116.031532,eez,2026-09-24T05:06:41.799739+00:00
477271500,DONG FANG FUZHOU,cargo,,477,Hong Kong,香港,22,critical,30,29.1,0.9,1,eac-c2c;taiwan-penghu-kinmen-matsu-no-2-tpkm2;taiwan-penghu-kinmen-matsu-no-3-tpkm3,0.0,0,0,廈門 Xiamen,2026-09-30T21:06:57.883108+00:00,,,0.0,,24.338053,118.273878,eez,2026-10-01T01:43:39.850879+00:00
477769400,M/V YUSHEN,cargo,,477,Hong Kong,香港,22,critical,23,0,,0,apcn-2;eac-c2c;faster;southeast-asia-japan-cable-2-sjc2;taiwan-matsu-no-4;taiwan-penghu-kinmen-matsu-no-3-tpkm3;taiwan-strait-express-1-tse-1,0.0,0,0,台北港 Taipei,2026-09-22T21:44:27.100940+00:00,,,184.4,,24.370248,120.39639,internal_waters,2026-09-30T17:27:25.371366+00:00
563062700,ALS VENUS,cargo,,563,Singapore,新加坡,22,critical,3,3.1,1.1,0,apcn-2;eac-c2c;southeast-asia-japan-cable-2-sjc2;taiwan-matsu-no-4;taiwan-penghu-kinmen-matsu-no-2-tpkm2;taiwan-penghu-kinmen-matsu-no-3-tpkm3;trans-pacific-express-tpe-cable-system,0.0,0,0,台中港 Taichung,2026-08-21T19:19:16.495479+00:00,,,9.9,,22.988268,117.255865,eez,2026-08-22T07:06:41.885734+00:00
563223600,MAERSK EL BANCO,cargo,,563,Singapore,新加坡,22,critical,24,32.3,1.0,0,eac-c2c;taiwan-penghu-kinmen-matsu-no-2-tpkm2;trans-pacific-express-tpe-cable-system,5.5,0,0,廈門 Xiamen,2026-08-23T05:51:54.225811+00:00,,,6.3,,23.195663,117.740982,eez,2026-08-23T13:25:34.381599+00:00
608683434,07176,cargo,,608,Ascension Is,阿森松島,22,critical,24,5.9,3.9,1,taiwan-penghu-kinmen-matsu-no-3-tpkm3;taiwan-strait-express-1-tse-1,0.0,1,0,,,,,461.9,未觀測到靠港,26.071055,119.971945,eez,2026-09-26T10:00:01.245943+00:00
620800182,GEMS,cargo,,620,Comoros,葛摩,22,critical,22,0,,0,taiwan-penghu-kinmen-matsu-no-2-tpkm2,25.9,1,0,,,,,938.2,未觀測到靠港,22.687283,120.197917,internal_waters,2026-09-24T04:15:53.594592+00:00
667002162,HE CHENG 3,cargo,,667,Sierra Leone,獅子山,22,critical,27,0,,0,taiwan-penghu-kinmen-matsu-no-3-tpkm3,17.8,1,0,,,,,654.1,未觀測到靠港,22.693437,120.191193,internal_waters,2026-09-26T18:11:05.265483+00:00
668116209,CHEN YANG,cargo,,668,Sao Tome Principe,聖多美,22,critical,27,0,,0,taiwan-penghu-kinmen-matsu-no-2-tpkm2;taiwan-penghu-kinmen-matsu-no-3-tpkm3,22.5,1,0,,,,,671.4,未觀測到靠港,22.729115,120.150507,internal_waters,2026-09-29T17:29:56.900968+00:00
677067100,ALBATROS 1,tanker,,677,Tanzania,坦尚尼亞,22,critical,30,0,,0,,7.6,1,1,,,,,645.8,未觀測到靠港,23.488395,117.40345,eez,2026-09-30T01:46:05.920397+00:00
341890000,HONG XING,cargo,,341,St Kitts Nevis,聖克里斯多福,21,critical,30,1.2,,0,taiwan-penghu-kinmen-matsu-no-3-tpkm3,17.6,1,0,,,,,664.0,未觀測到靠港,22.741862,120.15204,internal_waters,2026-09-30T01:46:05.920397+00:00
352003481,COUNTESS 9,tanker,,352,Panama,巴拿馬,21,critical,23,0,,0,apcn-2;asia-pacific-gateway-apg;asia-united-gateway-east-aug-east;eac-c2c;flag-europe-asia-fea;flag-north-asia-loopreach-north-asia-loop;seamewe-3;southeast-asia-japan-cable-2-sjc2;taiwan-penghu-kinmen-matsu-no-2-tpkm2;taiwan-penghu-kinmen-matsu-no-3-tpkm3,0.0,0,0,麗水漁港 Lishui,2026-08-27T21:40:15.702771+00:00,,,647.2,,24.240193,120.460077,internal_waters,2026-09-24T04:15:53.594592+00:00
352006886,ZHONG YING CHANGNING,cargo,,352,Panama,巴拿馬,21,critical,3,0,,0,eac-c2c;flag-north-asia-loopreach-north-asia-loop;hong-kong-americas-hka;seamewe-3;southeast-asia-japan-cable-2-sjc2,0.0,0,0,小港臨海新村漁港 Xiaogang,2026-09-22T10:08:12.323441+00:00,,,7.9,,21.021787,121.143542,eez,2026-09-22T21:44:27.100940+00:00
357057000,GOLDEN TIDE,tanker,,357,Panama,巴拿馬,21,critical,24,7.6,2.9,0,taiwan-matsu-no-4;taiwan-penghu-kinmen-matsu-no-2-tpkm2;taiwan-penghu-kinmen-matsu-no-3-tpkm3;taiwan-strait-express-1-tse-1;trans-pacific-express-tpe-cable-system,9.1,0,0,,,,,170.1,未觀測到靠港,24.518263,120.204468,territorial_sea,2026-08-23T04:07:26.915880+00:00
412441477,DMINLIANYUAA60781,fishing,,412,China,中國,21,critical,30,6.4,2.3,2,eac-c2c;taiwan-matsu-no-4;taiwan-penghu-kinmen-matsu-no-2-tpkm2;taiwan-penghu-kinmen-matsu-no-3-tpkm3;taiwan-strait-express-1-tse-1,0.0,0,0,,,,,668.9,未觀測到靠港,26.716202,121.078813,eez,2026-10-01T01:43:39.850879+00:00
412442115,MINLIANYU60982,fishing,,412,China,中國,21,critical,19,19.4,3.6,0,taiwan-matsu-no-4;taiwan-penghu-kinmen-matsu-no-3-tpkm3;taiwan-strait-express-1-tse-1,0.0,0,0,,,,,662.1,未觀測到靠港,25.98657,120.72343,eez,2026-09-20T13:20:28.204361+00:00
412443135,MINLIANYU60959,fishing,,412,China,中國,21,critical,19,8.0,3.0,1,taiwan-matsu-no-4;taiwan-penghu-kinmen-matsu-no-2-tpkm2;taiwan-penghu-kinmen-matsu-no-3-tpkm3;taiwan-strait-express-1-tse-1,0.0,0,0,,,,,637.0,未觀測到靠港,26.42969,121.57305,eez,2026-09-18T17:58:30.098529+00:00
412447638,MINLIANYU60999,fishing,,412,China,中國,21,critical,22,15.7,3.7,2,eac-c2c;taiwan-matsu-no-4;taiwan-penghu-kinmen-matsu-no-2-tpkm2;taiwan-penghu-kinmen-matsu-no-3-tpkm3;taiwan-strait-express-1-tse-1,0.0,0,0,,,,,714.8,未觀測到靠港,25.77965,120.5282,eez,2026-09-24T04:15:53.594592+00:00
412473350,HUI JIN QIAO 11,cargo,,412,China,中國,21,critical,25,0,,0,apcn-2;southeast-asia-japan-cable-sjc;taiwan-penghu-kinmen-matsu-no-2-tpkm2;taiwan-penghu-kinmen-matsu-no-3-tpkm3;taiwan-strait-express-1-tse-1,0.0,0,0,閩江口錨地 Minjiangkou,2026-09-24T10:16:19.934067+00:00,,,26.4,,23.744217,117.712547,eez,2026-09-25T16:20:22.361665+00:00
412481492,MINLIANYU60888,fishing,,412,China,中國,21,critical,20,15.1,3.0,4,eac-c2c;taiwan-matsu-no-4;taiwan-penghu-kinmen-matsu-no-2-tpkm2;taiwan-penghu-kinmen-matsu-no-3-tpkm3;taiwan-strait-express-1-tse-1,0.0,0,0,,,,,309.5,未觀測到靠港,26.18599,120.56451,eez,2026-10-01T01:43:39.850879+00:00
413230740,SHUNHONGHAI 818,cargo,,413,China,中國,21,critical,18,0,,0,cross-straits-cable-network;taiwan-penghu-kinmen-matsu-no-2-tpkm2;taiwan-penghu-kinmen-matsu-no-3-tpkm3,0.0,0,0,深滬灣/圍頭東 Shenhu,2026-09-27T01:03:54.816309+00:00,,,0.0,,24.513892,118.466627,eez,2026-09-27T04:51:19.105185+00:00
413242210,SHUN AN 668,cargo,,413,China,中國,21,critical,24,0,,0,taiwan-strait-express-1-tse-1,18.0,0,0,,,,,890.3,未觀測到靠港,26.442403,119.854093,eez,2026-09-22T04:22:57.752949+00:00
413245230,HONGSHENG998,cargo,,413,China,中國,21,critical,4,0,,0,taiwan-strait-express-1-tse-1,6.2,0,0,,,,,592.3,未觀測到靠港,26.244272,119.7878,eez,2026-09-04T04:00:17.162565+00:00
413305640,ZHONG HAI YOU 668,tanker,,413,China,中國,21,critical,23,28.0,0.3,0,taiwan-penghu-kinmen-matsu-no-2-tpkm2;taiwan-penghu-kinmen-matsu-no-3-tpkm3;taiwan-strait-express-1-tse-1,0.0,0,0,閩江口錨地 Minjiangkou,2026-08-30T15:52:29.078583+00:00,,,562.1,,26.195728,119.811947,eez,2026-09-23T04:20:01.078375+00:00
413313150,QIANG FENG CHANGRONG,cargo,,413,China,中國,21,critical,3,0,,0,apcn-2;seamewe-3;taiwan-penghu-kinmen-matsu-no-2-tpkm2;taiwan-penghu-kinmen-matsu-no-3-tpkm3,0.0,0,0,湄洲灣泉港 Meizhouwan,2026-09-25T01:02:22.277454+00:00,,,0.0,,24.41387,118.57515,eez,2026-09-25T04:28:34.378018+00:00
413361670,HANG JIE 2006,cargo,,413,China,中國,21,critical,10,1.8,,0,cross-straits-cable-network;taiwan-penghu-kinmen-matsu-no-2-tpkm2;taiwan-penghu-kinmen-matsu-no-3-tpkm3,0.0,0,0,大嶝/圍頭灣 Weitou,2026-09-30T05:46:06.800354+00:00,大嶝/圍頭灣 Weitou,2026-09-30T15:29:48.217955+00:00,0.0,,24.537202,118.235338,eez,2026-09-30T17:27:25.371366+00:00
413405390,ZHONG HAI YOU 698,tanker,,413,China,中國,21,critical,25,8.8,0.8,0,taiwan-penghu-kinmen-matsu-no-2-tpkm2;taiwan-penghu-kinmen-matsu-no-3-tpkm3;taiwan-strait-express-1-tse-1,5.1,0,0,,,,,198.4,未觀測到靠港,26.136178,119.807533,eez,2026-09-06T04:04:01.481536+00:00
413510870,WAI YUN WAN QU 001,cargo,,413,China,中國,21,critical,20,0,,0,taiwan-penghu-kinmen-matsu-no-2-tpkm2;taiwan-penghu-kinmen-matsu-no-3-tpkm3;taiwan-strait-express-1-tse-1,0.0,0,0,福州馬尾 Fuzhou-Mawei,2026-09-21T23:45:03.856684+00:00,廈門 Xiamen,2026-09-23T10:10:32.731426+00:00,24.6,,24.446875,118.008827,eez,2026-09-23T15:57:04.675481+00:00
413511880,JIA HONG 33,cargo,,413,China,中國,21,critical,24,24.2,0.4,0,taiwan-penghu-kinmen-matsu-no-2-tpkm2;taiwan-penghu-kinmen-matsu-no-3-tpkm3,0.0,0,0,莆田湄洲灣 Putian,2026-09-22T05:12:21.147253+00:00,莆田湄洲灣 Putian,2026-09-23T04:20:01.078375+00:00,0.0,,25.054953,119.060773,eez,2026-09-23T21:54:36.888155+00:00
413696850,HENGJUN228,cargo,,413,China,中國,21,critical,23,0,,0,taiwan-penghu-kinmen-matsu-no-2-tpkm2;taiwan-penghu-kinmen-matsu-no-3-tpkm3,0.0,0,0,廈門 Xiamen,2026-09-23T15:57:04.675481+00:00,,,3.0,,24.571987,118.714027,eez,2026-09-23T21:54:36.888155+00:00
416000157,I HSIN,cargo,,416,Taiwan,台灣,21,critical,18,159.1,0.0,6,eac-c2c;taiwan-matsu-no-4;taiwan-penghu-kinmen-matsu-no-3-tpkm3;taiwan-strait-express-1-tse-1,6.8,0,0,馬祖福澳港 Matsu,2026-09-20T00:31:18.688825+00:00,復國墩漁港 Fuguodun,2026-09-25T10:20:59.492804+00:00,120.7,,24.407913,118.423837,eez,2026-09-29T17:29:56.900968+00:00
416006175,TONG YEA NO 9,tanker,,416,Taiwan,台灣,21,critical,13,0,,0,taiwan-penghu-kinmen-matsu-no-2-tpkm2;taiwan-penghu-kinmen-matsu-no-3-tpkm3,0.0,0,0,復國墩漁港 Fuguodun,2026-09-18T21:22:29.428453+00:00,小港臨海新村漁港 Xiaogang,2026-09-20T04:29:26.367004+00:00,23.7,,22.565837,120.308777,internal_waters,2026-09-26T04:32:50.104126+00:00
416006752,TA YU,cargo,,416,Taiwan,台灣,21,critical,9,2.6,,0,taiwan-penghu-kinmen-matsu-no-2-tpkm2;taiwan-penghu-kinmen-matsu-no-3-tpkm3,1.5,0,0,前鎮漁港 Qianzhen,2026-09-24T00:59:15.889391+00:00,,,0.0,,22.5991,120.288383,internal_waters,2026-09-24T04:15:53.594592+00:00
477118100,SWAN LAKE,cargo,,477,Hong Kong,香港,21,critical,17,15.7,0.4,2,apcn-2;eac-c2c;faster;taiwan-matsu-no-4;taiwan-penghu-kinmen-matsu-no-2-tpkm2;taiwan-penghu-kinmen-matsu-no-3-tpkm3;trans-pacific-express-tpe-cable-system,0.0,0,0,基隆港 Keelung,2026-09-28T14:16:13.088951+00:00,,,35.9,,25.107273,119.277863,eez,2026-09-30T05:08:22.673426+00:00
477250700,NEW MINGZHOU 12,cargo,,477,Hong Kong,香港,21,critical,12,1.8,,0,apcn-2;eac-c2c;faster;taiwan-matsu-no-4;taiwan-penghu-kinmen-matsu-no-2-tpkm2;taiwan-penghu-kinmen-matsu-no-3-tpkm3;taiwan-strait-express-1-tse-1;trans-pacific-express-tpe-cable-system,0.0,0,0,小港臨海新村漁港 Xiaogang,2026-09-25T01:02:22.277454+00:00,,,141.3,,25.882797,120.511845,eez,2026-10-01T01:43:39.850879+00:00
581037006,HOSN AIS TEST SH11V9,unknown,,581,Unknown,未知,21,critical,3,4.8,2.4,0,eac-c2c;taiwan-matsu-no-4;taiwan-strait-express-1-tse-1,0.0,1,0,淡水第一漁港 Tamsui1,2026-08-14T03:04:06.113428+00:00,淡水第一漁港 Tamsui1,2026-09-01T18:03:58.033746+00:00,51.9,,25.184372,121.40952,internal_waters,2026-09-02T13:05:35.852197+00:00
667001488,GRAND FUTURE,tanker,,667,Sierra Leone,獅子山,21,critical,25,0,,0,taiwan-penghu-kinmen-matsu-no-2-tpkm2,14.6,1,0,,,,,671.4,未觀測到靠港,24.25175,120.4618,internal_waters,2026-09-25T04:28:34.378018+00:00
677025700,LONG AN,cargo,,677,Tanzania,坦尚尼亞,21,critical,25,0,,0,taiwan-penghu-kinmen-matsu-no-2-tpkm2,7.1,1,0,,,,,665.8,未觀測到靠港,22.70338,120.177427,internal_waters,2026-09-25T14:19:32.550957+00:00
13005070,CT2-5070:3       7V9,unknown,,130,Unknown,未知,20,critical,6,8.1,0.1,0,asia-united-gateway-east-aug-east,0.0,1,0,蘇澳港 Suao,2026-08-20T09:02:40.913184+00:00,,,37.8,,24.673907,121.861302,internal_waters,2026-08-21T23:14:38.874928+00:00
13025948,CT2-5948.3       8V0,unknown,,130,Unknown,未知,20,critical,5,6.5,0.6,1,asia-united-gateway-east-aug-east,0.0,1,0,蘇澳港 Suao,2026-09-04T17:54:11.204189+00:00,蘇澳港 Suao,2026-09-05T12:13:46.310257+00:00,0.0,,24.577745,121.869008,internal_waters,2026-09-06T14:46:16.922285+00:00
341607002,SATURN,cargo,,341,St Kitts Nevis,聖克里斯多福,20,critical,13,5.4,0.5,1,taiwan-penghu-kinmen-matsu-no-2-tpkm2,0.0,1,0,高雄港 Kaohsiung,2026-09-19T09:38:25.125307+00:00,,,276.9,,22.651767,120.23335,internal_waters,2026-10-01T01:43:39.850879+00:00
353568000,CHUANG YI,tanker,,353,Panama,巴拿馬,20,critical,28,5.1,2.6,1,taiwan-penghu-kinmen-matsu-no-2-tpkm2;taiwan-penghu-kinmen-matsu-no-3-tpkm3,25.9,0,0,,,,,600.9,未觀測到靠港,22.705882,120.159263,internal_waters,2026-09-27T10:40:47.722453+00:00
412060779,MINLONGYU60779,fishing,,412,China,中國,20,critical,21,3.8,2.3,1,taiwan-penghu-kinmen-matsu-no-2-tpkm2;taiwan-penghu-kinmen-matsu-no-3-tpkm3,0.0,0,0,,,,,672.2,未觀測到靠港,24.24947,118.40806,eez,2026-09-21T04:27:30.978051+00:00
412361790,TIAN YOU12,cargo,,412,China,中國,20,critical,1,0,,0,taiwan-strait-express-1-tse-1,0.0,0,0,福州馬尾 Fuzhou-Mawei,2026-09-17T21:50:39.945319+00:00,,,64.9,,26.890633,120.263283,eez,2026-09-20T17:48:31.226510+00:00
412441638,MINLIANYUYUN60430,cargo,,412,China,中國,20,critical,7,5.5,2.6,0,taiwan-matsu-no-4;taiwan-penghu-kinmen-matsu-no-2-tpkm2;taiwan-penghu-kinmen-matsu-no-3-tpkm3;taiwan-strait-express-1-tse-1,0.0,0,0,,,,,613.5,未觀測到靠港,26.41588,120.05963,eez,2026-09-19T22:35:05.123562+00:00
412442406,MINLIANYUYUN66156,unknown,,412,China,中國,20,critical,14,14.2,1.1,1,e2a;taiwan-matsu-no-4;taiwan-penghu-kinmen-matsu-no-2-tpkm2;taiwan-penghu-kinmen-matsu-no-3-tpkm3;taiwan-strait-express-1-tse-1;trans-pacific-express-tpe-cable-system,0.0,0,0,,,,,380.1,未觀測到靠港,25.87067,120.25269,eez,2026-09-07T04:57:56.102287+00:00
412442708,MINLIANYU61878,fishing,,412,China,中國,20,critical,30,16.4,3.5,4,taiwan-matsu-no-4;taiwan-penghu-kinmen-matsu-no-2-tpkm2;taiwan-penghu-kinmen-matsu-no-3-tpkm3;taiwan-strait-express-1-tse-1,0.0,0,0,,,,,321.7,未觀測到靠港,25.96225,120.35091,eez,2026-10-01T01:43:39.850879+00:00
412442739,MINLIANYU61875,fishing,,412,China,中國,20,critical,30,14.2,3.1,4,taiwan-matsu-no-4;taiwan-penghu-kinmen-matsu-no-2-tpkm2;taiwan-penghu-kinmen-matsu-no-3-tpkm3;taiwan-strait-express-1-tse-1,0.0,0,0,,,,,319.0,未觀測到靠港,25.96124,120.34692,eez,2026-10-01T01:43:39.850879+00:00
412442988,MINLIANYU60966,fishing,,412,China,中國,20,critical,24,7.5,3.1,2,taiwan-matsu-no-4;taiwan-penghu-kinmen-matsu-no-2-tpkm2;taiwan-penghu-kinmen-matsu-no-3-tpkm3;taiwan-strait-express-1-tse-1;trans-pacific-express-tpe-cable-system,0.0,0,0,,,,,690.9,未觀測到靠港,25.82468,120.66551,eez,2026-09-23T04:20:01.078375+00:00
412444548,963639,fishing,,412,China,中國,20,critical,25,18.9,1.1,2,taiwan-penghu-kinmen-matsu-no-2-tpkm2;taiwan-penghu-kinmen-matsu-no-3-tpkm3,0.0,0,0,廈門 Xiamen,2026-09-24T00:59:15.889391+00:00,,,57.2,,24.394917,118.594347,eez,2026-09-26T05:12:25.017727+00:00
412444989,MINLIANYUYUN60066,fishing,,412,China,中國,20,critical,18,4.9,3.5,0,taiwan-matsu-no-4;taiwan-penghu-kinmen-matsu-no-3-tpkm3;taiwan-strait-express-1-tse-1,0.0,0,0,,,,,635.5,未觀測到靠港,26.93937,121.88505,eez,2026-09-18T13:16:21.388960+00:00
412445168,MINLIANYU60298,fishing,,412,China,中國,20,critical,17,6.3,3.1,3,taiwan-matsu-no-4;taiwan-penghu-kinmen-matsu-no-2-tpkm2;taiwan-penghu-kinmen-matsu-no-3-tpkm3;taiwan-strait-express-1-tse-1,0.0,0,0,,,,,647.2,未觀測到靠港,26.74674,121.74058,eez,2026-09-19T04:10:10.354503+00:00
412447674,MINLONGYU08898,unknown,,412,China,中國,20,critical,7,3.8,2.3,1,taiwan-penghu-kinmen-matsu-no-2-tpkm2;taiwan-penghu-kinmen-matsu-no-3-tpkm3,0.0,0,0,深滬灣/圍頭東 Shenhu,2026-09-23T13:58:51.187032+00:00,,,51.1,,24.58988,118.84944,eez,2026-09-25T19:03:12.158891+00:00
412450124,MIN LIAN YU YUN61478,fishing,,412,China,中國,20,critical,21,7.7,2.3,3,taiwan-matsu-no-4;taiwan-penghu-kinmen-matsu-no-2-tpkm2;taiwan-penghu-kinmen-matsu-no-3-tpkm3;taiwan-strait-express-1-tse-1,0.0,0,0,,,,,162.9,未觀測到靠港,26.31791,119.87638,eez,2026-09-24T10:16:19.934067+00:00
412703860,HUA XIN 858,cargo,,412,China,中國,20,critical,21,0.7,,0,taiwan-penghu-kinmen-matsu-no-2-tpkm2;taiwan-penghu-kinmen-matsu-no-3-tpkm3;taiwan-strait-express-1-tse-1,0.0,0,0,閩江口錨地 Minjiangkou,2026-09-22T21:44:27.100940+00:00,廈門 Xiamen,2026-09-23T18:55:58.874562+00:00,14.9,,24.44159,118.03216,eez,2026-09-24T04:15:53.594592+00:00
412704040,TAI GANG,cargo,,412,China,中國,20,critical,8,18.0,0.7,0,taiwan-penghu-kinmen-matsu-no-2-tpkm2;taiwan-penghu-kinmen-matsu-no-3-tpkm3,8.6,0,0,廈門 Xiamen,2026-09-25T10:20:59.492804+00:00,,,99.2,,24.367465,118.3854,eez,2026-09-29T17:29:56.900968+00:00
413266620,XINGFA628,cargo,,413,China,中國,20,critical,20,0,,0,taiwan-penghu-kinmen-matsu-no-2-tpkm2,0.0,0,0,汕頭港外 Shantou-appr,2026-09-23T21:54:36.888155+00:00,,,0.0,,23.522552,117.409627,eez,2026-09-24T04:15:53.594592+00:00
413330880,HAICHUAN8,cargo,,413,China,中國,20,critical,9,0.9,,0,taiwan-penghu-kinmen-matsu-no-2-tpkm2;taiwan-penghu-kinmen-matsu-no-3-tpkm3;taiwan-strait-express-1-tse-1,0.0,0,0,廈門 Xiamen,2026-09-29T17:29:56.900968+00:00,深滬灣/圍頭東 Shenhu,2026-10-01T01:43:39.850879+00:00,23.9,,24.631123,118.432613,eez,2026-10-01T01:43:39.850879+00:00
413354760,SHEN ZHOU 29,cargo,,413,China,中國,20,critical,1,0,,0,taiwan-penghu-kinmen-matsu-no-2-tpkm2;taiwan-penghu-kinmen-matsu-no-3-tpkm3;taiwan-strait-express-1-tse-1,0.0,0,0,閩江口錨地 Minjiangkou,2026-08-28T11:34:06.990542+00:00,,,519.1,,26.906212,120.265027,eez,2026-09-19T12:47:06.687156+00:00
413500220,YUANSHUNDA8,cargo,,413,China,中國,20,critical,24,2.3,,0,taiwan-penghu-kinmen-matsu-no-2-tpkm2;taiwan-penghu-kinmen-matsu-no-3-tpkm3;taiwan-strait-express-1-tse-1,0.0,0,0,莆田湄洲灣 Putian,2026-09-20T05:05:13.918990+00:00,,,83.6,,26.47232,119.998867,eez,2026-09-24T00:59:15.889391+00:00
413697050,SHUN ZHOU 99,tanker,,413,China,中國,20,critical,13,3.3,0.0,1,cross-straits-cable-network,0.0,0,0,大嶝/圍頭灣 Weitou,2026-09-30T21:06:57.883108+00:00,,,0.0,,24.502292,118.355453,eez,2026-10-01T01:43:39.850879+00:00
413703250,QIAN  HAI  83,cargo,,413,China,中國,20,critical,22,0,,0,taiwan-penghu-kinmen-matsu-no-2-tpkm2;taiwan-penghu-kinmen-matsu-no-3-tpkm3,6.6,0,0,泉州 Quanzhou,2026-09-29T21:12:35.544512+00:00,廈門 Xiamen,2026-10-01T01:43:39.850879+00:00,19.3,,24.411317,118.057853,eez,2026-10-01T01:43:39.850879+00:00
413706840,FANG ZHOU 33,cargo,,413,China,中國,20,critical,26,0,,0,taiwan-penghu-kinmen-matsu-no-2-tpkm2;taiwan-penghu-kinmen-matsu-no-3-tpkm3,0.0,0,0,廈門 Xiamen,2026-09-30T21:06:57.883108+00:00,,,0.0,,23.965122,118.01104,eez,2026-10-01T01:43:39.850879+00:00
413875054,CHINACOASTGUARD 2504,coastguard,coastguard,413,China,中國,20,critical,1,0,,0,taiwan-penghu-kinmen-matsu-no-3-tpkm3,0.0,0,0,廈門 Xiamen,2026-09-04T04:00:17.162565+00:00,,,24.3,,23.17258,118.48986,eez,2026-09-18T15:39:03.535122+00:00
416001418,0,fishing,,416,Taiwan,台灣,20,critical,11,9.8,2.2,3,apcn-2;asia-pacific-gateway-apg;candle;faster;flag-north-asia-loopreach-north-asia-loop;h2-cable;hong-kong-americas-hka;orca;taiwan-matsu-no-4;trans-pacific-express-tpe-cable-system,0.0,0,0,蘇澳港 Suao,2026-09-30T01:46:05.920397+00:00,,,20.6,,25.222837,121.177973,territorial_sea,2026-10-01T01:43:39.850879+00:00
416003617,HE JHOU,special,,416,Taiwan,台灣,20,critical,6,21.1,0.0,4,taiwan-penghu-kinmen-matsu-no-3-tpkm3;taiwan-strait-express-1-tse-1,0.0,0,0,白沙漁港 Baisha,2026-09-21T15:30:24.167048+00:00,,,11.9,,26.206463,119.967188,eez,2026-09-25T16:20:22.361665+00:00
416168900,HAI YANG NO 8,special,,416,Taiwan,台灣,20,critical,14,138.5,0.2,0,taiwan-matsu-no-4;taiwan-penghu-kinmen-matsu-no-2-tpkm2;taiwan-penghu-kinmen-matsu-no-3-tpkm3;taiwan-strait-express-1-tse-1,0.0,0,0,上竹里漁港 Shangzhuli,2026-09-05T04:42:29.611877+00:00,上竹里漁港 Shangzhuli,2026-09-23T10:10:32.731426+00:00,427.8,,22.596208,120.284267,internal_waters,2026-09-24T04:15:53.594592+00:00
538011041,EL SEGUNDO VOYAGER,tanker,,538,Marshall Is,馬紹爾群島,20,critical,9,9.4,0.9,6,apcn-2;flag-north-asia-loopreach-north-asia-loop;h2-cable;taiwan-penghu-kinmen-matsu-no-3-tpkm3;trans-pacific-express-tpe-cable-system,4.1,0,0,,,,,262.9,未觀測到靠港,21.23304,119.283758,eez,2026-09-28T14:16:13.088951+00:00
538011332,SEAWAYS MIA,tanker,,538,Marshall Is,馬紹爾群島,20,critical,9,11.2,0.4,1,apcn-2;asia-united-gateway-east-aug-east;eac-c2c;taiwan-matsu-no-4;taiwan-penghu-kinmen-matsu-no-3-tpkm3,0.0,0,0,花蓮港 Hualien,2026-09-29T13:10:56.347005+00:00,,,2.2,,23.634773,121.69368,territorial_sea,2026-09-29T17:29:56.900968+00:00
574006350,MMSI-574006350,tanker,,574,Vietnam,越南,20,critical,18,54.5,1.7,0,eac-c2c;taiwan-matsu-no-4;taiwan-penghu-kinmen-matsu-no-3-tpkm3;taiwan-strait-express-1-tse-1;trans-pacific-express-tpe-cable-system,3.6,1,0,,,,,46.0,未觀測到靠港,22.82361,117.678733,eez,2026-08-15T04:53:28.629700+00:00
667001341,KUN PENG,tanker,,667,Sierra Leone,獅子山,20,critical,15,38.5,1.2,2,eac-c2c;faster;taiwan-matsu-no-4;taiwan-penghu-kinmen-matsu-no-2-tpkm2;taiwan-penghu-kinmen-matsu-no-3-tpkm3;taiwan-strait-express-1-tse-1;trans-pacific-express-tpe-cable-system,5.5,1,0,麗水漁港 Lishui,2026-09-23T04:56:38.976277+00:00,,,183.6,,25.747773,121.743177,contiguous_zone,2026-10-01T01:43:39.850879+00:00
671573100,MT.GOLDEN SUNRISE,tanker,,671,Togo,多哥,20,critical,30,21.9,0.1,8,eac-c2c;taiwan-matsu-no-4;taiwan-penghu-kinmen-matsu-no-2-tpkm2;taiwan-penghu-kinmen-matsu-no-3-tpkm3;taiwan-strait-express-1-tse-1;trans-pacific-express-tpe-cable-system,7.0,1,0,,,,,621.8,未觀測到靠港,25.823367,121.595317,eez,2026-10-01T01:43:39.850879+00:00
677054600,CHENG TAI,cargo,,677,Tanzania,坦尚尼亞,20,critical,27,0,,0,taiwan-penghu-kinmen-matsu-no-2-tpkm2;taiwan-penghu-kinmen-matsu-no-3-tpkm3,21.0,1,0,,,,,669.7,未觀測到靠港,22.708358,120.16978,internal_waters,2026-10-01T01:43:39.850879+00:00
677072200,VIVI,cargo,,677,Tanzania,坦尚尼亞,20,critical,30,19.0,0.6,3,flag-europe-asia-fea;flag-north-asia-loopreach-north-asia-loop;taiwan-penghu-kinmen-matsu-no-3-tpkm3,17.3,1,0,,,,,399.1,未觀測到靠港,22.707027,120.053902,internal_waters,2026-09-19T19:05:56.114966+00:00
200042293,MMSI-200042293,cargo,,200,Unknown,未知,19,critical,3,0,,0,,6.6,1,0,,,,,581.2,未觀測到靠港,22.971452,119.957272,internal_waters,2026-09-05T04:42:29.611877+00:00
311002187,MMSI-311002187,cargo,,311,Bahamas,巴哈馬,19,critical,6,8.7,0.4,2,apcn-2;eac-c2c;taiwan-penghu-kinmen-matsu-no-2-tpkm2;taiwan-strait-express-1-tse-1;trans-pacific-express-tpe-cable-system,0.0,1,0,基隆港 Keelung,2026-09-26T13:30:14.985430+00:00,,,6.2,,26.633645,122.724242,eez,2026-09-26T21:45:02.932353+00:00
312672000,SUMMER BAY,cargo,,312,Belize,貝里斯,19,critical,28,0,,0,,22.0,1,0,,,,,637.4,未觀測到靠港,22.697693,120.169903,internal_waters,2026-09-27T18:47:26.528965+00:00
341379002,AURA,cargo,,341,St Kitts Nevis,聖克里斯多福,19,critical,6,0,,0,taiwan-penghu-kinmen-matsu-no-3-tpkm3,20.9,1,0,台中港 Taichung,2026-09-04T09:46:09.453323+00:00,安平商港區 Anping-basin,2026-09-22T04:22:57.752949+00:00,416.1,,22.97892,120.174733,internal_waters,2026-09-23T04:20:01.078375+00:00
412051010,GUANG XING 978,cargo,,412,China,中國,19,critical,5,0,,0,taiwan-penghu-kinmen-matsu-no-3-tpkm3;taiwan-strait-express-1-tse-1,0.0,0,0,閩江口錨地 Minjiangkou,2026-09-26T04:32:50.104126+00:00,,,116.5,,26.816558,120.24948,eez,2026-10-01T01:43:39.850879+00:00
412354170,SHENG XIN 99,cargo,,412,China,中國,19,critical,4,0,,0,apcn-2;taiwan-penghu-kinmen-matsu-no-2-tpkm2;taiwan-penghu-kinmen-matsu-no-3-tpkm3;taiwan-strait-express-1-tse-1,0.0,0,0,汕頭港外 Shantou-appr,2026-09-01T05:22:35.528216+00:00,,,338.9,,26.738693,119.72888,eez,2026-09-17T16:03:57.751884+00:00
412357250,BAO XING 898,cargo,,412,China,中國,19,critical,1,2.2,,0,taiwan-penghu-kinmen-matsu-no-2-tpkm2;taiwan-penghu-kinmen-matsu-no-3-tpkm3,0.0,0,0,廈門 Xiamen,2026-09-19T15:11:46.365307+00:00,,,60.2,,25.069502,119.245893,eez,2026-09-22T04:22:57.752949+00:00
412441034,MINLIANYU60115,fishing,,412,China,中國,19,critical,9,12.2,2.1,3,taiwan-matsu-no-4;taiwan-penghu-kinmen-matsu-no-3-tpkm3,0.0,0,0,,,,,322.3,未觀測到靠港,26.3574,120.01904,eez,2026-10-01T01:43:39.850879+00:00
412441219,MINLIANYU68994,fishing,,412,China,中國,19,critical,11,8.3,2.2,2,taiwan-penghu-kinmen-matsu-no-3-tpkm3;taiwan-strait-express-1-tse-1,0.0,0,0,,,,,194.3,未觀測到靠港,26.31736,119.88213,eez,2026-09-26T15:33:47.330971+00:00
412441253,MINLIANYU68993,fishing,,412,China,中國,19,critical,10,7.9,1.8,2,taiwan-penghu-kinmen-matsu-no-3-tpkm3;taiwan-strait-express-1-tse-1,0.0,0,0,,,,,206.7,未觀測到靠港,26.31727,119.88212,eez,2026-09-26T15:33:47.330971+00:00
412441444,MINLIANYU60066,fishing,,412,China,中國,19,critical,24,5.3,2.8,2,taiwan-matsu-no-4;taiwan-penghu-kinmen-matsu-no-3-tpkm3;taiwan-strait-express-1-tse-1,0.0,0,0,,,,,300.5,未觀測到靠港,25.92563,120.3673,eez,2026-10-01T01:43:39.850879+00:00
412441543,MINLIANYU60398,fishing,,412,China,中國,19,critical,19,3.8,3.3,1,eac-c2c;taiwan-matsu-no-4;taiwan-penghu-kinmen-matsu-no-2-tpkm2;taiwan-penghu-kinmen-matsu-no-3-tpkm3;taiwan-strait-express-1-tse-1;trans-pacific-express-tpe-cable-system,0.0,0,0,,,,,625.3,未觀測到靠港,25.76192,120.57531,eez,2026-09-24T04:15:53.594592+00:00
412442272,MINLIANYU61736,fishing,,412,China,中國,19,critical,22,4.3,2.3,1,eac-c2c;taiwan-matsu-no-4;taiwan-penghu-kinmen-matsu-no-2-tpkm2;taiwan-penghu-kinmen-matsu-no-3-tpkm3;taiwan-strait-express-1-tse-1,0.0,0,0,,,,,692.7,未觀測到靠港,26.45338,120.50889,eez,2026-09-22T16:06:50.564489+00:00
412444321,MINLONGYU66829,fishing,,412,China,中國,19,critical,30,14.8,3.3,9,taiwan-penghu-kinmen-matsu-no-3-tpkm3,0.0,0,0,,,,,243.4,未觀測到靠港,22.74663,118.60103,eez,2026-09-27T18:47:26.528965+00:00
412444577,MINLONGYU09875,fishing,,412,China,中國,19,critical,11,2.6,,0,cross-straits-cable-network;taiwan-penghu-kinmen-matsu-no-3-tpkm3,0.0,0,0,大嶝/圍頭灣 Weitou,2026-09-30T01:46:05.920397+00:00,,,20.6,,24.297652,118.339905,eez,2026-09-25T14:19:32.550957+00:00
412444926,MINLONGYU64319,fishing,,412,China,中國,19,critical,2,0,,0,taiwan-penghu-kinmen-matsu-no-2-tpkm2;taiwan-penghu-kinmen-matsu-no-3-tpkm3,0.0,0,0,廈門 Xiamen,2026-08-24T15:29:51.857744+00:00,,,109.3,,24.76562,119.11235,eez,2026-09-02T09:45:18.106966+00:00
412451499,MINLONYU65699,fishing,,412,China,中國,19,critical,16,2.0,,0,taiwan-penghu-kinmen-matsu-no-2-tpkm2;taiwan-penghu-kinmen-matsu-no-3-tpkm3,0.0,0,0,,,,,317.7,未觀測到靠港,24.24046,118.51838,eez,2026-09-30T21:06:57.883108+00:00
412473560,FULONG99,cargo,,412,China,中國,19,critical,4,0,,0,taiwan-penghu-kinmen-matsu-no-3-tpkm3;taiwan-strait-express-1-tse-1,0.0,0,0,漳州東山 Dongshan,2026-09-18T17:58:30.098529+00:00,,,175.2,,23.340533,117.34875,eez,2026-09-26T04:32:50.104126+00:00
412476560,SHUN QI 16,cargo,,412,China,中國,19,critical,1,0,,0,taiwan-penghu-kinmen-matsu-no-3-tpkm3;taiwan-strait-express-1-tse-1,0.0,0,0,,,,,872.8,未觀測到靠港,25.31654,119.524413,eez,2026-09-18T15:39:03.535122+00:00
412501760,JIN HANG CHANG,cargo,,412,China,中國,19,critical,12,0,,0,taiwan-penghu-kinmen-matsu-no-2-tpkm2;taiwan-penghu-kinmen-matsu-no-3-tpkm3;taiwan-strait-express-1-tse-1,0.0,0,0,福州馬尾 Fuzhou-Mawei,2026-09-01T10:15:55.563560+00:00,,,452.1,,23.4138,117.177153,eez,2026-09-20T09:54:18.045676+00:00
412592650,JIN SHI 168,tanker,,412,China,中國,19,critical,3,0,,0,seamewe-3,0.0,0,0,廈門 Xiamen,2026-09-07T10:32:14.025579+00:00,,,45.1,,23.615008,117.461007,eez,2026-09-22T21:44:27.100940+00:00
412704020,HAI GONG 166,tanker,,412,China,中國,19,critical,24,0,,0,cross-straits-cable-network;taiwan-penghu-kinmen-matsu-no-2-tpkm2;taiwan-penghu-kinmen-matsu-no-3-tpkm3,9.4,0,0,廈門 Xiamen,2026-09-21T23:45:03.856684+00:00,廈門 Xiamen,2026-09-22T13:47:48.731029+00:00,5.8,,24.44268,118.009067,eez,2026-09-24T04:15:53.594592+00:00
413206690,HAIXIAFANGZHOU,cargo,,413,China,中國,19,critical,18,0,,0,taiwan-penghu-kinmen-matsu-no-2-tpkm2;taiwan-penghu-kinmen-matsu-no-3-tpkm3,0.0,0,0,廈門 Xiamen,2026-09-22T13:47:48.731029+00:00,,,32.9,,25.055453,119.229493,eez,2026-09-24T00:59:15.889391+00:00
413209460,XIMAJIANGHAI1HAO,cargo,,413,China,中國,19,critical,22,0,,0,taiwan-strait-express-1-tse-1,0.0,0,0,福清灣/海壇 Fuqing,2026-09-02T04:48:40.622480+00:00,,,47.9,,27.010825,120.349918,eez,2026-09-04T13:01:24.739239+00:00
413223720,HENG FENG YOU 15,tanker,,413,China,中國,19,critical,24,0,,0,taiwan-penghu-kinmen-matsu-no-3-tpkm3;taiwan-strait-express-1-tse-1,6.9,0,0,福清灣/海壇 Fuqing,2026-08-28T05:01:48.482487+00:00,,,635.0,,26.23304,119.844587,eez,2026-09-23T21:54:36.888155+00:00
413231170,JIA NUO BEI,cargo,,413,China,中國,19,critical,8,2.7,,0,taiwan-penghu-kinmen-matsu-no-3-tpkm3;taiwan-strait-express-1-tse-1,0.0,0,0,深滬灣/圍頭東 Shenhu,2026-09-26T10:00:01.245943+00:00,,,87.6,,26.765973,119.72156,eez,2026-09-30T05:08:22.673426+00:00
413231180,AO DUO JIA,cargo,,413,China,中國,19,critical,6,0,,0,taiwan-penghu-kinmen-matsu-no-2-tpkm2;taiwan-penghu-kinmen-matsu-no-3-tpkm3,0.0,0,0,廈門 Xiamen,2026-09-19T04:10:10.354503+00:00,廈門 Xiamen,2026-09-25T23:43:08.293870+00:00,158.3,,24.418022,118.007133,eez,2026-09-27T04:51:19.105185+00:00
413231260,HAI XIANG 558,cargo,,413,China,中國,19,critical,24,0,,0,taiwan-strait-express-1-tse-1,6.5,0,0,,,,,809.0,未觀測到靠港,26.130848,119.719467,eez,2026-09-24T04:15:53.594592+00:00
413236330,QI HANG DA,cargo,,413,China,中國,19,critical,5,0,,0,taiwan-penghu-kinmen-matsu-no-3-tpkm3;taiwan-strait-express-1-tse-1,0.0,0,0,深滬灣/圍頭東 Shenhu,2026-09-02T13:05:35.852197+00:00,,,416.7,,27.763712,121.013612,eez,2026-09-20T00:31:18.688825+00:00
413254270,SHOU XIANG,cargo,,413,China,中國,19,critical,10,29.3,0.5,0,taiwan-penghu-kinmen-matsu-no-3-tpkm3;taiwan-strait-express-1-tse-1,6.9,0,0,,,,,663.3,未觀測到靠港,26.4102,119.9322,eez,2026-09-26T04:32:50.104126+00:00
413277380,HEHUI,cargo,,413,China,中國,19,critical,19,0,,0,eac-c2c;taiwan-penghu-kinmen-matsu-no-2-tpkm2;taiwan-penghu-kinmen-matsu-no-3-tpkm3;taiwan-strait-express-1-tse-1,6.4,0,0,台北港 Taipei,2026-09-23T04:56:38.976277+00:00,,,18.1,,23.748373,120.126588,internal_waters,2026-09-24T04:15:53.594592+00:00
413358810,XING WANG FA,cargo,,413,China,中國,19,critical,12,0,,0,taiwan-penghu-kinmen-matsu-no-3-tpkm3;taiwan-strait-express-1-tse-1,3.3,0,0,,,,,642.5,未觀測到靠港,25.894097,119.818792,eez,2026-09-27T16:13:45.102927+00:00
413360650,PING AN LUN,cargo,,413,China,中國,19,critical,2,0,,0,taiwan-penghu-kinmen-matsu-no-3-tpkm3;taiwan-strait-express-1-tse-1,0.0,0,0,湄洲灣泉港 Meizhouwan,2026-09-07T10:32:14.025579+00:00,,,41.4,,26.408795,119.940292,eez,2026-09-19T15:11:46.365307+00:00
413365250,JIN PENG 518,cargo,,413,China,中國,19,critical,10,0,,0,apcn-2;cross-straits-cable-network;taiwan-penghu-kinmen-matsu-no-2-tpkm2;taiwan-penghu-kinmen-matsu-no-3-tpkm3,0.0,0,0,深滬灣/圍頭東 Shenhu,2026-09-23T04:56:38.976277+00:00,深滬灣/圍頭東 Shenhu,2026-09-30T12:50:48.525202+00:00,154.8,,24.549663,118.494938,eez,2026-10-01T01:43:39.850879+00:00
413366110,XIN HUA 628,cargo,,413,China,中國,19,critical,24,0,,0,taiwan-penghu-kinmen-matsu-no-2-tpkm2;taiwan-penghu-kinmen-matsu-no-3-tpkm3,0.0,0,0,汕頭港外 Shantou-appr,2026-09-07T10:32:14.025579+00:00,,,156.9,,27.824185,120.872537,eez,2026-09-24T04:15:53.594592+00:00
413377790,ZHONG HAI YOU 528,tanker,,413,China,中國,19,critical,24,28.0,0.3,0,taiwan-penghu-kinmen-matsu-no-3-tpkm3;taiwan-strait-express-1-tse-1,0.0,0,0,莆田湄洲灣 Putian,2026-09-07T04:57:56.102287+00:00,,,57.8,,26.267698,119.79348,eez,2026-09-20T04:29:26.367004+00:00
413534920,FEI HONG DA 17,cargo,,413,China,中國,19,critical,20,5.9,0.1,0,apcn-2;seamewe-3;southeast-asia-japan-cable-sjc;taiwan-matsu-no-4;taiwan-penghu-kinmen-matsu-no-2-tpkm2;taiwan-penghu-kinmen-matsu-no-3-tpkm3;taiwan-strait-express-1-tse-1,0.0,0,0,汕頭港外 Shantou-appr,2026-08-31T18:36:53.316921+00:00,廈門 Xiamen,2026-09-23T01:05:22.428388+00:00,528.0,,24.41133,118.058128,eez,2026-09-23T04:20:01.078375+00:00
413541760,HE HAI JIA ZE,cargo,,413,China,中國,19,critical,1,0,,0,taiwan-penghu-kinmen-matsu-no-2-tpkm2;taiwan-penghu-kinmen-matsu-no-3-tpkm3,0.0,0,0,汕頭港外 Shantou-appr,2026-09-21T05:11:06.924663+00:00,,,55.5,,23.614823,117.579827,eez,2026-09-24T04:15:53.594592+00:00
413542630,CHANG YUAN BO 9,cargo,,413,China,中國,19,critical,6,0,,0,taiwan-penghu-kinmen-matsu-no-3-tpkm3,0.0,0,0,大嶝/圍頭灣 Weitou,2026-09-25T05:08:45.914390+00:00,大嶝/圍頭灣 Weitou,2026-09-25T16:20:22.361665+00:00,4.0,,24.50693,118.218893,eez,2026-09-26T04:32:50.104126+00:00
413545330,AN QIU 5,cargo,,413,China,中國,19,critical,4,0,,0,taiwan-strait-express-1-tse-1,0.0,0,0,閩江口錨地 Minjiangkou,2026-09-21T00:40:54.264899+00:00,,,11.0,,27.021477,120.366883,eez,2026-09-21T15:30:24.167048+00:00
413597850,SHENG HANG HUA 18,tanker,,413,China,中國,19,critical,21,0,,0,apcn-2;taiwan-penghu-kinmen-matsu-no-2-tpkm2;taiwan-penghu-kinmen-matsu-no-3-tpkm3,0.0,0,0,湄洲灣泉港 Meizhouwan,2026-09-03T03:58:51.917263+00:00,,,467.3,,24.418625,118.66576,eez,2026-09-22T16:06:50.564489+00:00
413693120,SHENGDA6,cargo,,413,China,中國,19,critical,24,12.0,0.7,0,taiwan-penghu-kinmen-matsu-no-3-tpkm3;taiwan-strait-express-1-tse-1,0.0,0,0,福州馬尾 Fuzhou-Mawei,2026-09-21T00:40:54.264899+00:00,福州馬尾 Fuzhou-Mawei,2026-09-23T01:05:22.428388+00:00,41.3,,26.013982,119.483922,eez,2026-09-24T04:15:53.594592+00:00
413695760,DONG FANG QIANG,cargo,,413,China,中國,19,critical,2,3.9,2.0,0,apcn-2;eac-c2c;taiwan-penghu-kinmen-matsu-no-2-tpkm2;taiwan-penghu-kinmen-matsu-no-3-tpkm3,0.0,0,0,基隆港 Keelung,2026-09-03T03:58:51.917263+00:00,,,515.5,,26.958863,121.422267,eez,2026-09-24T16:19:49.305902+00:00
413699940,XING TONG 19,tanker,,413,China,中國,19,critical,18,0,,0,taiwan-penghu-kinmen-matsu-no-2-tpkm2;taiwan-penghu-kinmen-matsu-no-3-tpkm3;taiwan-strait-express-1-tse-1,0.0,0,0,漳州東山 Dongshan,2026-09-30T05:08:22.673426+00:00,,,20.0,,23.739435,117.575317,eez,2026-10-01T01:43:39.850879+00:00
413703060,DE SHENG 6,cargo,,413,China,中國,19,critical,8,0,,0,taiwan-penghu-kinmen-matsu-no-2-tpkm2;taiwan-penghu-kinmen-matsu-no-3-tpkm3;taiwan-strait-express-1-tse-1,0.0,0,0,泉州 Quanzhou,2026-09-29T17:29:56.900968+00:00,,,28.5,,26.085832,119.770135,eez,2026-10-01T01:43:39.850879+00:00
413704840,JIA WANG 8,cargo,,413,China,中國,19,critical,2,0,,0,taiwan-penghu-kinmen-matsu-no-2-tpkm2;taiwan-penghu-kinmen-matsu-no-3-tpkm3;taiwan-strait-express-1-tse-1,0.0,0,0,汕頭港外 Shantou-appr,2026-09-05T20:49:42.874052+00:00,汕頭港外 Shantou-appr,2026-09-18T13:16:21.388960+00:00,299.5,,23.311342,116.770427,eez,2026-09-18T13:16:21.388960+00:00
413816049,WANHUAIYUANGYOU998,cargo,,413,China,中國,19,critical,26,7.9,0.2,0,taiwan-penghu-kinmen-matsu-no-3-tpkm3,0.0,0,0,,,,,31.4,未觀測到靠港,26.211227,119.810415,eez,2026-08-30T14:06:31.206236+00:00
414352370,XING FA 68,cargo,,414,China,中國,19,critical,1,0,,0,taiwan-strait-express-1-tse-1,0.0,0,0,閩江口錨地 Minjiangkou,2026-08-19T07:12:47.553747+00:00,,,457.5,,26.821358,120.246347,eez,2026-09-07T10:32:14.025579+00:00
416002679,XIN_SHUN_YI_66,fishing,,416,Taiwan,台灣,19,critical,3,7.3,2.2,1,asia-pacific-gateway-apg;flag-north-asia-loopreach-north-asia-loop;h2-cable,0.0,0,0,大溪漁港 Daxi,2026-09-02T09:45:18.106966+00:00,,,67.7,,24.819302,121.942558,internal_waters,2026-09-07T00:30:10.743445+00:00
416004802,YNG MAAN NO.2,fishing,,416,Taiwan,台灣,19,critical,23,27.3,3.8,4,apcn-2;eac-c2c;faster;southeast-asia-japan-cable-2-sjc2,0.0,0,0,東港鹽埔漁港 Donggang,2026-09-27T01:03:54.816309+00:00,,,72.3,,25.828008,121.99899,contiguous_zone,2026-09-30T05:08:22.673426+00:00
416005061,CHENG EN NO 168,fishing,,416,Taiwan,台灣,19,critical,2,5.5,3.3,3,apcn-2;faster;southeast-asia-japan-cable-2-sjc2,0.0,0,0,,,,,127.4,未觀測到靠港,25.90341,122.1359,contiguous_zone,2026-09-29T05:18:27.997969+00:00
416006839,YE XIN,cargo,,416,Taiwan,台灣,19,critical,2,0,,0,cross-straits-cable-network;taiwan-penghu-kinmen-matsu-no-2-tpkm2;taiwan-penghu-kinmen-matsu-no-3-tpkm3,0.0,0,0,大嶝/圍頭灣 Weitou,2026-09-22T05:12:21.147253+00:00,復國墩漁港 Fuguodun,2026-09-22T13:47:48.731029+00:00,0.0,,24.407905,118.426523,eez,2026-09-27T04:51:19.105185+00:00
417888888,MMSI-417888888,cargo,,417,Sri Lanka,斯里蘭卡,19,critical,1,0,,0,apcn-2,0.0,1,0,,,,,345.7,未觀測到靠港,23.291118,117.651373,eez,2026-08-23T17:12:51.631900+00:00
477407600,FENG ZE YUAN,cargo,,477,Hong Kong,香港,19,critical,30,19.5,0.1,4,eac-c2c;taiwan-penghu-kinmen-matsu-no-2-tpkm2;taiwan-penghu-kinmen-matsu-no-3-tpkm3,0.0,0,0,台北港 Taipei,2026-09-29T05:56:02.952700+00:00,,,28.3,,24.834143,120.061253,eez,2026-09-30T17:27:25.371366+00:00
477928900,BOHAI STAR,cargo,,477,Hong Kong,香港,19,critical,27,3.8,2.5,0,faster;taiwan-matsu-no-4;taiwan-penghu-kinmen-matsu-no-2-tpkm2;taiwan-penghu-kinmen-matsu-no-3-tpkm3;taiwan-strait-express-1-tse-1;trans-pacific-express-tpe-cable-system,0.0,0,0,福州馬尾 Fuzhou-Mawei,2026-09-02T00:40:45.000416+00:00,,,0.8,,26.110167,119.927798,eez,2026-09-02T04:48:40.622480+00:00
538011302,MMSI-538011302,cargo,,538,Marshall Is,馬紹爾群島,19,critical,24,5.8,0.8,0,apcn-2;asia-pacific-gateway-apg;flag-north-asia-loopreach-north-asia-loop;taiwan-penghu-kinmen-matsu-no-2-tpkm2;taiwan-penghu-kinmen-matsu-no-3-tpkm3,8.6,0,0,,,,,246.0,未觀測到靠港,20.626378,121.178868,eez,2026-08-31T18:36:53.316921+00:00
563312900,EVER WORLD,cargo,,563,Singapore,新加坡,19,critical,20,0,,0,eac-c2c;faster;taiwan-matsu-no-4;taiwan-penghu-kinmen-matsu-no-2-tpkm2;taiwan-penghu-kinmen-matsu-no-3-tpkm3;trans-pacific-express-tpe-cable-system,0.0,0,0,鳳鼻頭漁港 Fengbitou,2026-09-19T04:48:00.298551+00:00,,,114.6,,22.447647,120.05899,territorial_sea,2026-09-24T04:15:53.594592+00:00
667001354,XIANG FA,cargo,,667,Sierra Leone,獅子山,19,critical,21,0,,0,taiwan-penghu-kinmen-matsu-no-2-tpkm2,12.8,1,0,,,,,698.4,未觀測到靠港,22.69843,120.1776,internal_waters,2026-09-23T04:20:01.078375+00:00
12005602,CT2-5602-2       7V9,unknown,,120,Unknown,未知,18,critical,6,10.3,1.5,0,apcn-2;asia-pacific-gateway-apg;asia-united-gateway-east-aug-east;candle;e2a;eac-c2c;flag-north-asia-loopreach-north-asia-loop;h2-cable;hong-kong-americas-hka;new-cross-pacific-ncp-cable-system,0.0,1,0,烏石漁港 Wushi,2026-08-31T05:49:54.519009+00:00,,,27.9,,25.256747,122.326088,contiguous_zone,2026-09-01T18:03:58.033746+00:00
200000001,1,fishing,,200,Unknown,未知,18,critical,4,0,,0,taiwan-penghu-kinmen-matsu-no-2-tpkm2;taiwan-penghu-kinmen-matsu-no-3-tpkm3,0.0,1,0,漳州東山 Dongshan,2026-09-05T20:49:42.874052+00:00,,,1.9,,24.14999,118.581827,eez,2026-09-06T00:23:27.934172+00:00
273124720,SFEN,tanker,,273,Russia,俄羅斯,18,critical,27,0,,0,asia-united-gateway-east-aug-east,4.4,1,1,,,,,126.5,未觀測到靠港,24.039713,118.648985,eez,2026-09-07T10:32:14.025579+00:00
29005602,CT2-5602-19      7V8,unknown,,290,Unknown,未知,18,critical,6,12.5,1.4,0,apcn-2;asia-pacific-gateway-apg;e2a;eac-c2c;flag-north-asia-loopreach-north-asia-loop;h2-cable;hong-kong-americas-hka;new-cross-pacific-ncp-cable-system,0.0,1,0,,,,,411.8,未觀測到靠港,24.92226,122.28076,contiguous_zone,2026-08-29T18:01:43.259492+00:00
352005538,NERIDA,cargo,,352,Panama,巴拿馬,18,critical,30,32.9,0.7,4,apcn-2;eac-c2c;faster;southeast-asia-japan-cable-2-sjc2;taiwan-penghu-kinmen-matsu-no-2-tpkm2;taiwan-penghu-kinmen-matsu-no-3-tpkm3;trans-pacific-express-tpe-cable-system,0.0,0,0,,,,,644.6,未觀測到靠港,23.072933,119.96553,internal_waters,2026-09-30T21:06:57.883108+00:00
412060089,MINLIANYU60089,fishing,,412,China,中國,18,critical,26,6.3,0.7,2,taiwan-penghu-kinmen-matsu-no-3-tpkm3;taiwan-strait-express-1-tse-1,0.0,0,0,,,,,317.7,未觀測到靠港,25.96415,119.8412,eez,2026-09-30T21:06:57.883108+00:00
412066758,66758,unknown,,412,China,中國,18,critical,8,2.6,,0,taiwan-penghu-kinmen-matsu-no-2-tpkm2;taiwan-penghu-kinmen-matsu-no-3-tpkm3,0.0,0,0,,,,,650.8,未觀測到靠港,24.12883,118.85129,eez,2026-09-20T04:29:26.367004+00:00
412324651,MMSI-412324651,fishing,,412,China,中國,18,critical,3,4.0,1.6,1,taiwan-penghu-kinmen-matsu-no-3-tpkm3;taiwan-strait-express-1-tse-1,0.0,0,0,,,,,235.7,未觀測到靠港,25.98937,120.08728,eez,2026-09-28T05:38:32.696519+00:00
412400000,MIN DONG YU31822,fishing,,412,China,中國,18,critical,7,2.0,,0,taiwan-penghu-kinmen-matsu-no-3-tpkm3,0.0,0,0,,,,,267.1,未觀測到靠港,23.54543,117.48256,eez,2026-10-01T01:43:39.850879+00:00
412440000,00372,fishing,,412,China,中國,18,critical,3,0,,0,taiwan-strait-express-1-tse-1,0.0,0,0,,,,,746.6,未觀測到靠港,25.88701,119.96317,eez,2026-09-06T00:23:27.934172+00:00
412441236,MINLIANYU68975,fishing,,412,China,中國,18,critical,25,11.5,0.6,10,taiwan-matsu-no-4;taiwan-penghu-kinmen-matsu-no-2-tpkm2;taiwan-penghu-kinmen-matsu-no-3-tpkm3;taiwan-strait-express-1-tse-1,0.0,0,0,,,,,560.5,未觀測到靠港,23.499292,117.472762,eez,2026-09-07T04:57:56.102287+00:00
412441296,MIN LIAN YU 60915,fishing,,412,China,中國,18,critical,12,8.5,1.6,8,taiwan-matsu-no-4;taiwan-penghu-kinmen-matsu-no-3-tpkm3,0.0,0,0,,,,,321.7,未觀測到靠港,26.33917,120.06072,eez,2026-10-01T01:43:39.850879+00:00
412441433,MINLIANYU62666,fishing,,412,China,中國,18,critical,11,2.4,,0,taiwan-penghu-kinmen-matsu-no-3-tpkm3,0.0,0,0,,,,,371.3,未觀測到靠港,26.31758,119.88221,eez,2026-09-07T10:32:14.025579+00:00
412441438,MINLIANYU61868,fishing,,412,China,中國,18,critical,4,3.3,0.7,0,taiwan-matsu-no-4;taiwan-penghu-kinmen-matsu-no-3-tpkm3;taiwan-strait-express-1-tse-1,0.0,0,0,,,,,243.5,未觀測到靠港,25.84849,120.28496,eez,2026-09-28T19:07:47.601617+00:00
412441649,MINLIANYU60266,fishing,,412,China,中國,18,critical,4,10.9,2.9,0,taiwan-matsu-no-4;taiwan-penghu-kinmen-matsu-no-2-tpkm2;taiwan-penghu-kinmen-matsu-no-3-tpkm3;taiwan-strait-express-1-tse-1,0.0,0,0,,,,,358.9,未觀測到靠港,25.81897,120.63657,eez,2026-09-05T03:57:25.117144+00:00
412441974,MINLIANYU61870,fishing,,412,China,中國,18,critical,9,22.2,2.2,0,taiwan-strait-express-1-tse-1;trans-pacific-express-tpe-cable-system,0.0,0,0,,,,,262.6,未觀測到靠港,26.59872,121.1058,eez,2026-09-28T17:15:48.842445+00:00
412444236,MINLONGYU09832-----,fishing,,412,China,中國,18,critical,5,3.8,1.4,1,taiwan-penghu-kinmen-matsu-no-3-tpkm3,0.0,0,0,廈門 Xiamen,2026-09-04T00:32:15.198838+00:00,,,432.4,,24.30841,118.21884,eez,2026-09-22T04:22:57.752949+00:00
412444568,09828,fishing,,412,China,中國,18,critical,17,0,,0,taiwan-penghu-kinmen-matsu-no-2-tpkm2;taiwan-penghu-kinmen-matsu-no-3-tpkm3,0.0,0,0,廈門 Xiamen,2026-08-24T09:36:53.209692+00:00,,,554.4,,24.28056,118.33721,eez,2026-09-20T13:20:28.204361+00:00
412444574,MINLONGYUYUN60730,fishing,,412,China,中國,18,critical,5,7.6,2.4,1,apcn-2;eac-c2c;southeast-asia-japan-cable-2-sjc2;taiwan-penghu-kinmen-matsu-no-2-tpkm2;taiwan-penghu-kinmen-matsu-no-3-tpkm3,0.0,0,0,,,,,667.8,未觀測到靠港,25.56777,122.72053,eez,2026-09-22T05:12:21.147253+00:00
412444578,S,fishing,,412,China,中國,18,critical,29,15.1,0.8,1,taiwan-penghu-kinmen-matsu-no-2-tpkm2;taiwan-penghu-kinmen-matsu-no-3-tpkm3,0.0,0,0,深滬灣/圍頭東 Shenhu,2026-09-24T05:06:41.799739+00:00,,,151.0,,24.249615,118.312475,eez,2026-09-30T17:27:25.371366+00:00
412444609,09851,fishing,,412,China,中國,18,critical,1,0,,0,taiwan-penghu-kinmen-matsu-no-3-tpkm3,0.0,0,0,廈門 Xiamen,2026-09-01T04:37:22.691006+00:00,,,19.3,,24.40591,117.96993,eez,2026-09-02T00:40:45.000416+00:00
412444631,MINZHANGYU60619,fishing,,412,China,中國,18,critical,19,17.7,3.4,3,taiwan-penghu-kinmen-matsu-no-3-tpkm3,0.0,0,0,,,,,698.4,未觀測到靠港,24.30502,118.60875,eez,2026-09-23T04:20:01.078375+00:00
412444674,MINLONGYN63899,fishing,,412,China,中國,18,critical,11,12.2,0.9,4,taiwan-penghu-kinmen-matsu-no-2-tpkm2;taiwan-penghu-kinmen-matsu-no-3-tpkm3,0.0,0,0,,,,,305.7,未觀測到靠港,24.3181,118.12428,eez,2026-09-30T15:29:48.217955+00:00
412445025,08875,fishing,,412,China,中國,18,critical,18,3.5,1.9,2,taiwan-penghu-kinmen-matsu-no-2-tpkm2;taiwan-penghu-kinmen-matsu-no-3-tpkm3,0.0,0,0,深滬灣/圍頭東 Shenhu,2026-09-23T13:58:51.187032+00:00,,,0.0,,24.50526,118.63841,eez,2026-09-23T15:57:04.675481+00:00
412445533,01285,cargo,,412,China,中國,18,critical,5,7.8,3.0,1,taiwan-penghu-kinmen-matsu-no-2-tpkm2;taiwan-penghu-kinmen-matsu-no-3-tpkm3,4.1,0,0,,,,,680.1,未觀測到靠港,24.16299,118.50109,eez,2026-09-21T17:40:43.383432+00:00
412446258,MINDONGYU69563,fishing,,412,China,中國,18,critical,4,3.3,2.5,1,taiwan-penghu-kinmen-matsu-no-3-tpkm3,0.0,0,0,,,,,274.6,未觀測到靠港,23.66832,118.18509,eez,2026-09-29T05:18:27.997969+00:00
412447433,MINLONGYU65786,fishing,,412,China,中國,18,critical,15,0,,0,taiwan-penghu-kinmen-matsu-no-2-tpkm2;taiwan-penghu-kinmen-matsu-no-3-tpkm3,0.0,0,0,廈門 Xiamen,2026-09-04T09:46:09.453323+00:00,,,399.4,,24.705452,119.163847,eez,2026-08-24T04:13:24.721954+00:00
412447545,MINLIANYU60997,fishing,,412,China,中國,18,critical,21,9.4,3.2,3,taiwan-matsu-no-4;taiwan-penghu-kinmen-matsu-no-2-tpkm2;taiwan-penghu-kinmen-matsu-no-3-tpkm3;taiwan-strait-express-1-tse-1,0.0,0,0,,,,,657.1,未觀測到靠港,26.44502,121.58227,eez,2026-09-20T13:20:28.204361+00:00
412447746,MINLIANYU60408,fishing,,412,China,中國,18,critical,24,6.3,3.0,1,taiwan-matsu-no-4;taiwan-penghu-kinmen-matsu-no-2-tpkm2;taiwan-penghu-kinmen-matsu-no-3-tpkm3;taiwan-strait-express-1-tse-1,0.0,0,0,,,,,711.6,未觀測到靠港,26.58168,121.20727,eez,2026-09-24T00:59:15.889391+00:00
412448947,MINXIAYU01106,fishing,,412,China,中國,18,critical,17,0,,0,eac-c2c;trans-pacific-express-tpe-cable-system,0.0,0,0,,,,,686.2,未觀測到靠港,26.34372,121.86214,eez,2026-09-22T16:06:50.564489+00:00
412451155,MIN LIAN YU61581,fishing,,412,China,中國,18,critical,20,8.6,1.7,2,taiwan-matsu-no-4;taiwan-penghu-kinmen-matsu-no-3-tpkm3,0.0,0,0,,,,,322.3,未觀測到靠港,26.13105,120.33685,eez,2026-10-01T01:43:39.850879+00:00
412451853,MINLIANYU62966,fishing,,412,China,中國,18,critical,17,5.4,0.9,3,taiwan-matsu-no-4;taiwan-penghu-kinmen-matsu-no-3-tpkm3;taiwan-strait-express-1-tse-1,0.0,0,0,,,,,256.7,未觀測到靠港,26.31014,119.83023,eez,2026-09-29T17:29:56.900968+00:00
412476880,HAI XIONG YOU 3,tanker,,412,China,中國,18,critical,1,0,,0,apcn-2;taiwan-penghu-kinmen-matsu-no-2-tpkm2;taiwan-strait-express-1-tse-1,0.0,0,0,深滬灣/圍頭東 Shenhu,2026-08-30T05:34:21.607312+00:00,,,95.8,,24.245033,118.4005,eez,2026-09-03T15:37:40.614154+00:00
412704030,HAI GONG 169,tanker,,412,China,中國,18,critical,12,0,,0,taiwan-penghu-kinmen-matsu-no-2-tpkm2;taiwan-penghu-kinmen-matsu-no-3-tpkm3,2.1,0,0,廈門 Xiamen,2026-09-25T05:08:45.914390+00:00,廈門 Xiamen,2026-09-25T14:19:32.550957+00:00,0.0,,24.4321,118.041013,eez,2026-09-26T04:32:50.104126+00:00
412888888,00088,fishing,,412,China,中國,18,critical,22,0,,0,taiwan-penghu-kinmen-matsu-no-3-tpkm3,0.0,0,0,,,,,613.5,未觀測到靠港,26.295833,120.143467,eez,2026-10-01T01:43:39.850879+00:00
413233760,HONG RUN 866,cargo,,413,China,中國,18,critical,8,0,,0,taiwan-strait-express-1-tse-1,15.8,0,0,,,,,898.7,未觀測到靠港,26.129757,119.718067,eez,2026-09-21T04:27:30.978051+00:00
413240370,HUIYING169,cargo,,413,China,中國,18,critical,24,6.1,1.1,0,southeast-asia-japan-cable-sjc;taiwan-penghu-kinmen-matsu-no-2-tpkm2;taiwan-penghu-kinmen-matsu-no-3-tpkm3;taiwan-strait-express-1-tse-1,0.0,0,0,汕頭 Shantou,2026-09-04T09:46:09.453323+00:00,,,59.5,,26.479342,119.87184,eez,2026-09-07T00:30:10.743445+00:00
413246160,XINHAIQIANG,cargo,,413,China,中國,18,critical,5,0,,0,taiwan-penghu-kinmen-matsu-no-2-tpkm2;taiwan-penghu-kinmen-matsu-no-3-tpkm3;taiwan-strait-express-1-tse-1,0.0,0,0,,,,,306.9,未觀測到靠港,27.52098,120.983587,eez,2026-09-01T10:15:55.563560+00:00
413274360,JING HONG 37,cargo,,413,China,中國,18,critical,2,0,,0,cross-straits-cable-network;taiwan-penghu-kinmen-matsu-no-2-tpkm2;taiwan-penghu-kinmen-matsu-no-3-tpkm3,2.0,0,0,大嶝/圍頭灣 Weitou,2026-09-29T15:15:14.517260+00:00,深滬灣/圍頭東 Shenhu,2026-09-29T21:12:35.544512+00:00,0.0,,24.534645,118.429507,eez,2026-09-30T05:08:22.673426+00:00
413313110,HAISHENGJIA877,cargo,,413,China,中國,18,critical,30,0,,0,taiwan-strait-express-1-tse-1,8.7,0,0,,,,,659.5,未觀測到靠港,25.581817,119.691638,eez,2026-09-30T15:29:48.217955+00:00
413315130,LONG MEN ZHI XING,cargo,,413,China,中國,18,critical,9,0,,0,cross-straits-cable-network;taiwan-penghu-kinmen-matsu-no-2-tpkm2;taiwan-penghu-kinmen-matsu-no-3-tpkm3,0.0,0,0,深滬灣/圍頭東 Shenhu,2026-09-21T23:45:03.856684+00:00,深滬灣/圍頭東 Shenhu,2026-09-22T13:47:48.731029+00:00,5.8,,24.534795,118.386693,eez,2026-09-26T04:32:50.104126+00:00
413349090,DONGFANGYUANYUAN_1,cargo,,413,China,中國,18,critical,8,0,,0,apcn-2;taiwan-matsu-no-4;taiwan-penghu-kinmen-matsu-no-2-tpkm2;taiwan-penghu-kinmen-matsu-no-3-tpkm3,0.0,0,0,,,汕頭港外 Shantou-appr,2026-09-29T05:18:27.997969+00:00,477.6,,23.226883,116.770702,eez,2026-10-01T01:43:39.850879+00:00
413376260,XING LONG 29,cargo,,413,China,中國,18,critical,3,0,,0,cross-straits-cable-network;taiwan-penghu-kinmen-matsu-no-2-tpkm2;taiwan-penghu-kinmen-matsu-no-3-tpkm3;taiwan-strait-express-1-tse-1,0.0,0,0,廈門 Xiamen,2026-09-20T15:16:51.207587+00:00,廈門 Xiamen,2026-09-23T21:54:36.888155+00:00,73.1,,24.425158,118.063067,eez,2026-09-24T16:19:49.305902+00:00
413400630,HAI XIN YOU 602,tanker,,413,China,中國,18,critical,6,0,,0,southeast-asia-japan-cable-sjc;taiwan-penghu-kinmen-matsu-no-2-tpkm2;taiwan-penghu-kinmen-matsu-no-3-tpkm3,6.2,0,0,莆田湄洲灣 Putian,2026-09-21T00:40:54.264899+00:00,同安灣/廈門灣北 Tongan,2026-09-24T00:59:15.889391+00:00,52.2,,24.538833,118.0881,eez,2026-09-24T04:15:53.594592+00:00
413442370,HE HUI 18,cargo,,413,China,中國,18,critical,1,0,,0,eac-c2c;taiwan-penghu-kinmen-matsu-no-3-tpkm3;taiwan-strait-express-1-tse-1,0.0,0,0,台北港 Taipei,2026-09-23T04:56:38.976277+00:00,,,11.7,,26.484777,119.854915,eez,2026-09-23T21:54:36.888155+00:00
413486960,MMSI-413486960,cargo,,413,China,中國,18,critical,9,0,,0,cross-straits-cable-network;taiwan-penghu-kinmen-matsu-no-2-tpkm2;taiwan-penghu-kinmen-matsu-no-3-tpkm3,3.1,0,0,深滬灣/圍頭東 Shenhu,2026-09-22T04:22:57.752949+00:00,深滬灣/圍頭東 Shenhu,2026-09-23T01:05:22.428388+00:00,11.6,,24.520695,118.35036,eez,2026-09-26T04:32:50.104126+00:00
413600530,FA XING YOU 168,tanker,,413,China,中國,18,critical,1,2.3,,0,taiwan-penghu-kinmen-matsu-no-2-tpkm2;taiwan-penghu-kinmen-matsu-no-3-tpkm3;taiwan-strait-express-1-tse-1,5.7,0,0,福州馬尾 Fuzhou-Mawei,2026-08-13T09:53:56.518737+00:00,,,552.1,,26.22226,119.816342,eez,2026-09-05T14:24:01.115311+00:00
413875318,14527,coastguard,coastguard,413,China,中國,18,critical,8,0,,0,taiwan-penghu-kinmen-matsu-no-2-tpkm2,0.0,0,0,廈門 Xiamen,2026-09-24T05:06:41.799739+00:00,大嶝/圍頭灣 Weitou,2026-09-28T04:53:26.717713+00:00,72.4,,24.49065,118.21424,eez,2026-10-01T01:43:39.850879+00:00
415000005,MMSI-415000005,cargo,,415,Unknown,未知,18,critical,2,3.3,1.8,1,taiwan-penghu-kinmen-matsu-no-2-tpkm2,0.0,1,0,蚵寮漁港 Keliao_TN,2026-08-19T21:21:16.928605+00:00,,,409.1,,23.377865,120.061827,internal_waters,2026-09-06T00:23:27.934172+00:00
416001077,MAN TSAI SHIVH,fishing,,416,Taiwan,台灣,18,critical,12,95.2,2.5,2,apcn-2;eac-c2c;faster,0.0,0,0,八斗子漁港 Badouzi,2026-09-06T22:39:12.217794+00:00,,,291.7,,25.872948,122.08112,contiguous_zone,2026-09-19T04:10:10.354503+00:00
416001117,NO366 JIN FU BAO,fishing,,416,Taiwan,台灣,18,critical,8,15.0,0.4,5,apcn-2;asia-pacific-gateway-apg;eac-c2c;h2-cable;orca;pacific-light-cable-network-plcn;southeast-asia-japan-cable-2-sjc2,0.0,0,0,蘇澳港 Suao,2026-08-24T02:03:27.398663+00:00,蘇澳港 Suao,2026-09-24T04:15:53.594592+00:00,152.9,,24.585565,121.869083,internal_waters,2026-09-24T04:15:53.594592+00:00
416004982,YU FUH SHYANA 668,fishing,,416,Taiwan,台灣,18,critical,4,3.3,1.4,0,eac-c2c;faster;trans-pacific-express-tpe-cable-system,0.0,0,0,富基漁港 Fuji,2026-09-23T15:57:04.675481+00:00,富基漁港 Fuji,2026-09-24T04:15:53.594592+00:00,0.0,,25.293952,121.5342,internal_waters,2026-09-24T04:15:53.594592+00:00
416005023,CHAU-HSNO.22,special,,416,Taiwan,台灣,18,critical,8,7.9,2.9,0,apcn-2;eac-c2c,0.0,0,0,台北港 Taipei,2026-09-05T00:28:43.331771+00:00,台北港 Taipei,2026-09-07T04:03:02.203275+00:00,0.8,,25.143597,121.376082,internal_waters,2026-09-07T04:57:56.102287+00:00
416006933,JI SHUN NO.10,fishing,,416,Taiwan,台灣,18,critical,2,0,,0,taiwan-penghu-kinmen-matsu-no-3-tpkm3,0.0,0,0,馬祖福澳港 Matsu,2026-09-07T00:30:10.743445+00:00,馬祖福澳港 Matsu,2026-09-18T00:54:25.501237+00:00,0.0,,26.160875,119.942827,eez,2026-09-23T01:05:22.428388+00:00
416042000,TAHO AFRICA,cargo,,416,Taiwan,台灣,18,critical,2,3.3,1.2,1,asia-united-gateway-east-aug-east;eac-c2c;h2-cable;new-cross-pacific-ncp-cable-system;taiwan-penghu-kinmen-matsu-no-3-tpkm3,0.0,0,0,台中港 Taichung,2026-09-24T10:16:19.934067+00:00,,,38.6,,22.606057,120.284052,internal_waters,2026-09-26T04:32:50.104126+00:00
477347200,GLORY TIANJIN,cargo,,477,Hong Kong,香港,18,critical,1,0,,0,apcn-2;taiwan-penghu-kinmen-matsu-no-3-tpkm3;trans-pacific-express-tpe-cable-system,0.0,0,0,小港臨海新村漁港 Xiaogang,2026-09-20T00:31:18.688825+00:00,,,13.3,,26.287022,121.221638,eez,2026-09-20T17:48:31.226510+00:00
511456000,BROADVIEW,tanker,,511,Palau,帛琉,18,critical,5,0,,0,taiwan-penghu-kinmen-matsu-no-3-tpkm3,23.1,1,0,,,,,618.1,未觀測到靠港,22.727135,120.172653,internal_waters,2026-09-07T04:03:02.203275+00:00
538008593,SC MONTREUX,cargo,,538,Marshall Is,馬紹爾群島,18,critical,28,13.0,2.5,2,apcn-2;eac-c2c;southeast-asia-japan-cable-2-sjc2,0.0,0,0,基隆港 Keelung,2026-09-03T21:31:20.880272+00:00,,,408.1,,20.332248,120.983832,eez,2026-09-21T00:40:54.264899+00:00
538009126,W KYRENIA,cargo,,538,Marshall Is,馬紹爾群島,18,critical,1,22.0,0.6,0,taiwan-penghu-kinmen-matsu-no-3-tpkm3,0.0,0,0,,,,,77.7,未觀測到靠港,26.450193,119.88829,eez,2026-08-12T03:01:44.258989+00:00
600956413,1,cargo,,600,Unknown,未知,18,critical,2,0,,0,apcn-2;taiwan-penghu-kinmen-matsu-no-3-tpkm3,0.0,1,0,,,,,444.4,未觀測到靠港,23.753495,118.382812,eez,2026-09-03T18:14:46.249326+00:00
636012797,YM INITIATIVE,cargo,,636,Liberia,賴比瑞亞,18,critical,2,0,,0,asia-united-gateway-east-aug-east;eac-c2c;southeast-asia-japan-cable-2-sjc2;southeast-asia-japan-cable-sjc,0.0,0,0,小港臨海新村漁港 Xiaogang,2026-09-02T00:40:45.000416+00:00,,,24.0,,21.69587,120.877465,territorial_sea,2026-09-03T03:58:51.917263+00:00
636021200,EVER COMMAND,cargo,,636,Liberia,賴比瑞亞,18,critical,25,4.6,0.0,1,eac-c2c;seamewe-3;taiwan-penghu-kinmen-matsu-no-2-tpkm2;taiwan-penghu-kinmen-matsu-no-3-tpkm3;taiwan-strait-express-1-tse-1;trans-pacific-express-tpe-cable-system,0.0,0,0,,,,,24.0,未觀測到靠港,24.079747,120.010355,internal_waters,2026-10-01T01:43:39.850879+00:00
667001260,VICTOR,tanker,,667,Sierra Leone,獅子山,18,critical,13,16.3,0.9,1,eac-c2c;taiwan-penghu-kinmen-matsu-no-2-tpkm2;trans-pacific-express-tpe-cable-system,0.0,1,0,,,,,628.4,未觀測到靠港,25.863307,121.563325,eez,2026-09-30T17:27:25.371366+00:00
667001650,HUIXIN,tanker,,667,Sierra Leone,獅子山,18,critical,9,19.2,1.6,3,eac-c2c;trans-pacific-express-tpe-cable-system,0.0,1,0,,,,,585.8,未觀測到靠港,25.736032,121.66946,contiguous_zone,2026-10-01T01:43:39.850879+00:00
667002352,DALNEGORSK,cargo,,667,Sierra Leone,獅子山,18,critical,2,4.0,0.0,0,seamewe-3,0.0,1,0,,,,,44.9,未觀測到靠港,27.660278,121.570265,eez,2026-08-11T14:14:29.745217+00:00
668116281,DING FONT,tanker,,668,Sao Tome Principe,聖多美,18,critical,20,0,,0,,10.5,1,0,,,,,862.6,未觀測到靠港,22.737597,120.173052,internal_waters,2026-09-21T00:40:54.264899+00:00
668116504,MMSI-668116504,tanker,,668,Sao Tome Principe,聖多美,18,critical,6,0,,0,,8.2,1,1,湄洲灣泉港 Meizhouwan,2026-08-14T06:50:09.036254+00:00,,,134.5,,23.24317,117.733365,eez,2026-08-19T23:14:33.089975+00:00
800123456,56B4S5,fishing,,800,Unknown,未知,18,critical,3,0,,0,taiwan-penghu-kinmen-matsu-no-3-tpkm3;taiwan-strait-express-1-tse-1,0.0,1,0,馬公港 Magong,2026-09-06T00:23:27.934172+00:00,,,8.4,,23.460625,117.364587,eez,2026-09-06T12:28:17.682022+00:00
200041614,MMSI-200041614,cargo,,200,Unknown,未知,17,critical,1,0,,0,,3.1,1,0,花嶼漁港 Huayu,2026-08-29T18:01:43.259492+00:00,,,102.6,,23.660537,119.655432,internal_waters,2026-09-03T03:58:51.917263+00:00
205433000,MMSI-205433000,cargo,,205,Belgium,比利時,17,critical,24,17.4,1.1,0,apcn-2;eac-c2c;taiwan-penghu-kinmen-matsu-no-2-tpkm2;taiwan-penghu-kinmen-matsu-no-3-tpkm3;taiwan-strait-express-1-tse-1;trans-pacific-express-tpe-cable-system,0.0,1,0,麗水漁港 Lishui,2026-08-16T15:12:17.466969+00:00,,,908.8,,22.15544,118.848355,eez,2026-09-23T13:58:51.187032+00:00
352003243,ITX HIGO,cargo,,352,Panama,巴拿馬,17,critical,2,0,,0,e2a;eac-c2c;taiwan-penghu-kinmen-matsu-no-2-tpkm2;taiwan-strait-express-1-tse-1,0.0,0,0,小港臨海新村漁港 Xiaogang,2026-09-19T04:48:00.298551+00:00,,,9.5,,23.067313,122.75249,eez,2026-09-19T19:05:56.114966+00:00
354118000,LOS ANDES BRIDGE,cargo,,354,Panama,巴拿馬,17,critical,24,0.8,,0,eac-c2c;h2-cable;taiwan-penghu-kinmen-matsu-no-2-tpkm2;taiwan-penghu-kinmen-matsu-no-3-tpkm3;taiwan-strait-express-1-tse-1;trans-pacific-express-tpe-cable-system,3.8,0,0,小港臨海新村漁港 Xiaogang,2026-09-23T15:57:04.675481+00:00,,,9.3,,22.555075,120.241605,internal_waters,2026-09-24T04:15:53.594592+00:00
370359000,C.S EXPLORATION,cargo,,370,Panama,巴拿馬,17,critical,28,3.8,1.4,0,taiwan-penghu-kinmen-matsu-no-2-tpkm2;taiwan-penghu-kinmen-matsu-no-3-tpkm3,5.0,1,0,,,,,156.8,未觀測到靠港,22.52485,120.252627,internal_waters,2026-09-07T10:32:14.025579+00:00
412271730,YUANHONGSHUN,cargo,,412,China,中國,17,critical,1,0,,0,taiwan-penghu-kinmen-matsu-no-2-tpkm2;taiwan-penghu-kinmen-matsu-no-3-tpkm3,0.0,0,0,,,,,571.7,未觀測到靠港,23.310517,117.2853,eez,2026-09-02T13:05:35.852197+00:00
412351690,HAI PENG 0089,cargo,,412,China,中國,17,critical,8,0,,0,taiwan-penghu-kinmen-matsu-no-2-tpkm2,8.9,0,0,深滬灣/圍頭東 Shenhu,2026-09-28T14:16:13.088951+00:00,,,12.0,,24.676318,118.452732,eez,2026-09-29T05:18:27.997969+00:00
412357090,XIN HONG 998,cargo,,412,China,中國,17,critical,20,0,,0,taiwan-strait-express-1-tse-1,3.1,0,0,閩江口錨地 Minjiangkou,2026-08-20T05:00:09.722056+00:00,,,385.9,,27.745445,121.001488,eez,2026-09-05T09:11:06.137565+00:00
412371670,SHUN TAI 88,cargo,,412,China,中國,17,critical,7,0,,0,apcn-2;southeast-asia-japan-cable-sjc;taiwan-penghu-kinmen-matsu-no-2-tpkm2;taiwan-penghu-kinmen-matsu-no-3-tpkm3,0.0,0,0,廈門 Xiamen,2026-09-19T16:10:04.172949+00:00,,,141.2,,24.384188,118.10447,eez,2026-09-25T16:20:22.361665+00:00
412380660,TUAN JIE FANG ZHOU,cargo,,412,China,中國,17,critical,24,0,,0,taiwan-penghu-kinmen-matsu-no-2-tpkm2;taiwan-penghu-kinmen-matsu-no-3-tpkm3;taiwan-strait-express-1-tse-1,0.0,0,0,廈門 Xiamen,2026-09-23T01:05:22.428388+00:00,福州馬尾 Fuzhou-Mawei,2026-09-24T00:59:15.889391+00:00,17.6,,26.002017,119.476853,eez,2026-09-24T04:15:53.594592+00:00
412440213,MINLIANYU60456,fishing,,412,China,中國,17,critical,23,8.6,3.3,3,eac-c2c;taiwan-matsu-no-4;taiwan-penghu-kinmen-matsu-no-2-tpkm2;taiwan-penghu-kinmen-matsu-no-3-tpkm3;taiwan-strait-express-1-tse-1;trans-pacific-express-tpe-cable-system,0.0,0,0,,,,,691.8,未觀測到靠港,26.02556,120.95132,eez,2026-09-22T21:44:27.100940+00:00
412441044,MINLIANYU60129,fishing,,412,China,中國,17,critical,6,11.4,1.7,7,taiwan-matsu-no-4;taiwan-penghu-kinmen-matsu-no-3-tpkm3,0.0,0,0,,,,,240.8,未觀測到靠港,26.20727,120.26307,eez,2026-09-27T16:13:45.102927+00:00
412441066,MINLIANYU65391,fishing,,412,China,中國,17,critical,24,6.7,3.5,0,eac-c2c;southeast-asia-japan-cable-2-sjc2;taiwan-matsu-no-4;taiwan-penghu-kinmen-matsu-no-2-tpkm2;taiwan-penghu-kinmen-matsu-no-3-tpkm3;taiwan-strait-express-1-tse-1,0.0,0,0,,,,,306.6,未觀測到靠港,25.87034,120.25431,eez,2026-09-07T04:03:02.203275+00:00
412441139,MINLIANYU,fishing,,412,China,中國,17,critical,30,17.8,1.7,8,taiwan-matsu-no-4;taiwan-penghu-kinmen-matsu-no-3-tpkm3,0.0,0,0,,,,,322.3,未觀測到靠港,26.32471,120.39087,eez,2026-10-01T01:43:39.850879+00:00
412441145,MINLIANYU60057,fishing,,412,China,中國,17,critical,8,11.2,1.3,3,taiwan-matsu-no-4;taiwan-penghu-kinmen-matsu-no-3-tpkm3,0.0,0,0,,,,,262.5,未觀測到靠港,26.28189,120.27231,eez,2026-09-30T21:06:57.883108+00:00
412441242,MINLIANYU60497,fishing,,412,China,中國,17,critical,4,1.3,,0,taiwan-matsu-no-4;taiwan-penghu-kinmen-matsu-no-3-tpkm3,0.0,0,0,,,,,168.9,未觀測到靠港,26.29105,120.51382,eez,2026-09-24T16:19:49.305902+00:00
412441261,MINLIANYU60076,fishing,,412,China,中國,17,critical,6,8.4,3.4,2,taiwan-matsu-no-4;taiwan-penghu-kinmen-matsu-no-3-tpkm3;taiwan-strait-express-1-tse-1,0.0,0,0,,,,,312.8,未觀測到靠港,26.01131,120.34493,eez,2026-10-01T01:43:39.850879+00:00
412441313,MIN LIAN YU 60458,fishing,,412,China,中國,17,critical,24,6.5,0.9,4,taiwan-penghu-kinmen-matsu-no-3-tpkm3,0.0,0,0,,,,,625.3,未觀測到靠港,26.27405,120.08572,eez,2026-09-24T04:15:53.594592+00:00
412441382,MIN LIAN YU 69997,fishing,,412,China,中國,17,critical,21,9.8,0.7,0,eac-c2c;taiwan-penghu-kinmen-matsu-no-2-tpkm2;taiwan-penghu-kinmen-matsu-no-3-tpkm3;trans-pacific-express-tpe-cable-system,0.0,0,0,,,,,653.7,未觀測到靠港,26.27846,121.6045,eez,2026-09-20T09:54:18.045676+00:00
412441474,MINLIANYU61986,fishing,,412,China,中國,17,critical,2,0.9,,0,taiwan-matsu-no-4;taiwan-penghu-kinmen-matsu-no-3-tpkm3,0.0,0,0,,,,,312.8,未觀測到靠港,26.60114,120.79181,eez,2026-10-01T01:43:39.850879+00:00
412441512,MINLIANYU61961,fishing,,412,China,中國,17,critical,1,3.8,0.5,0,taiwan-matsu-no-4;taiwan-penghu-kinmen-matsu-no-2-tpkm2;taiwan-penghu-kinmen-matsu-no-3-tpkm3;trans-pacific-express-tpe-cable-system,0.0,0,0,,,,,303.0,未觀測到靠港,26.15836,121.56341,eez,2026-09-01T04:37:22.691006+00:00
412441602,MINLIANYU60935,fishing,,412,China,中國,17,critical,19,10.9,2.2,1,taiwan-matsu-no-4;taiwan-penghu-kinmen-matsu-no-2-tpkm2;taiwan-penghu-kinmen-matsu-no-3-tpkm3;taiwan-strait-express-1-tse-1,0.0,0,0,,,,,651.9,未觀測到靠港,26.61239,121.58528,eez,2026-09-19T12:47:06.687156+00:00
412441675,MIN LIAN YU 61816,fishing,,412,China,中國,17,critical,27,13.7,1.4,7,taiwan-matsu-no-4;taiwan-penghu-kinmen-matsu-no-2-tpkm2;taiwan-penghu-kinmen-matsu-no-3-tpkm3,0.0,0,0,,,,,321.7,未觀測到靠港,26.13057,120.81848,eez,2026-10-01T01:43:39.850879+00:00
412441684,MIN LIAN YU 60981,fishing,,412,China,中國,17,critical,20,11.7,4.4,1,taiwan-matsu-no-4;taiwan-penghu-kinmen-matsu-no-3-tpkm3;taiwan-strait-express-1-tse-1,0.0,0,0,,,,,672.2,未觀測到靠港,26.12945,120.23674,eez,2026-08-24T05:07:50.163540+00:00
412441719,MINLIANYUYUN60475,fishing,,412,China,中國,17,critical,25,18.9,0.8,5,taiwan-matsu-no-4;taiwan-penghu-kinmen-matsu-no-3-tpkm3,0.0,0,0,,,,,312.8,未觀測到靠港,26.38033,119.98293,eez,2026-10-01T01:43:39.850879+00:00
412441816,MINFUDINGYU03298,fishing,,412,China,中國,17,critical,2,0,,0,,0.0,0,0,,,,,346.7,未觀測到靠港,26.72227,120.5249,eez,2026-09-04T04:00:17.162565+00:00
412442113,MINLIANYUYUN69499,fishing,,412,China,中國,17,critical,5,3.5,0.7,2,taiwan-penghu-kinmen-matsu-no-2-tpkm2;taiwan-penghu-kinmen-matsu-no-3-tpkm3,0.0,0,0,,,,,319.0,未觀測到靠港,26.45768,120.47467,eez,2026-10-01T01:43:39.850879+00:00
412442126,MINLIANYUYUN61189,fishing,,412,China,中國,17,critical,15,5.8,2.0,1,taiwan-matsu-no-4;taiwan-penghu-kinmen-matsu-no-3-tpkm3;taiwan-strait-express-1-tse-1,0.0,0,0,,,,,267.1,未觀測到靠港,26.31577,119.85924,eez,2026-09-28T19:07:47.601617+00:00
412442157,MINLIANYU60006,fishing,,412,China,中國,17,critical,20,18.4,3.9,1,taiwan-matsu-no-4;taiwan-penghu-kinmen-matsu-no-3-tpkm3;taiwan-strait-express-1-tse-1,0.0,0,0,,,,,658.7,未觀測到靠港,26.3415,121.3804,eez,2026-09-20T09:54:18.045676+00:00
412442209,MINLIANYU60091,fishing,,412,China,中國,17,critical,22,6.3,2.8,1,eac-c2c;taiwan-matsu-no-4;taiwan-penghu-kinmen-matsu-no-3-tpkm3;taiwan-strait-express-1-tse-1;trans-pacific-express-tpe-cable-system,0.0,0,0,,,,,704.1,未觀測到靠港,25.8021,120.82913,eez,2026-09-23T13:58:51.187032+00:00
412442288,MINLIANYU60039,fishing,,412,China,中國,17,critical,21,5.8,2.4,2,taiwan-matsu-no-4;taiwan-penghu-kinmen-matsu-no-2-tpkm2;taiwan-penghu-kinmen-matsu-no-3-tpkm3;taiwan-strait-express-1-tse-1,0.0,0,0,,,,,652.2,未觀測到靠港,26.180145,120.158975,eez,2026-08-29T02:56:44.800599+00:00
412442463,MINCHANGYU23166,fishing,,412,China,中國,17,critical,19,21.8,1.6,0,taiwan-penghu-kinmen-matsu-no-3-tpkm3;taiwan-strait-express-1-tse-1,0.0,0,0,閩江口錨地 Minjiangkou,2026-08-26T16:10:14.987861+00:00,,,522.7,,26.05647,120.13155,eez,2026-09-19T15:11:46.365307+00:00
412442515,MINXIAYU08221,fishing,,412,China,中國,17,critical,19,9.7,3.9,2,taiwan-strait-express-1-tse-1,0.0,0,0,,,,,530.1,未觀測到靠港,26.01282,119.74222,eez,2026-09-20T05:05:13.918990+00:00
412442808,MINCHANGYU23037,fishing,,412,China,中國,17,critical,17,44.2,1.8,1,taiwan-penghu-kinmen-matsu-no-3-tpkm3;taiwan-strait-express-1-tse-1,0.0,0,0,,,,,619.0,未觀測到靠港,25.92069,119.8098,eez,2026-09-23T21:54:36.888155+00:00
412442975,MINLIANYU60415,fishing,,412,China,中國,17,critical,8,4.5,2.5,0,taiwan-matsu-no-4;taiwan-penghu-kinmen-matsu-no-2-tpkm2;taiwan-penghu-kinmen-matsu-no-3-tpkm3;taiwan-strait-express-1-tse-1,0.0,0,0,,,,,613.0,未觀測到靠港,26.441822,121.1728,eez,2026-09-23T13:58:51.187032+00:00
412443018,MINCHANGYU-23018,fishing,,412,China,中國,17,critical,5,0,,0,taiwan-penghu-kinmen-matsu-no-3-tpkm3;taiwan-strait-express-1-tse-1,0.0,0,0,閩江口錨地 Minjiangkou,2026-09-29T15:15:14.517260+00:00,,,0.0,,26.03718,119.65207,eez,2026-09-30T05:08:22.673426+00:00
412443943,MINFUZHOUYU65895,fishing,,412,China,中國,17,critical,16,19.7,1.3,4,taiwan-penghu-kinmen-matsu-no-3-tpkm3;taiwan-strait-express-1-tse-1,0.0,0,0,閩江口錨地 Minjiangkou,2026-08-25T09:06:24.201787+00:00,,,569.8,,26.07696,120.1364,eez,2026-09-21T20:43:12.525617+00:00
412444128,60997,fishing,,412,China,中國,17,critical,1,0,,0,taiwan-penghu-kinmen-matsu-no-2-tpkm2;taiwan-penghu-kinmen-matsu-no-3-tpkm3,0.0,0,0,,,,,304.9,未觀測到靠港,24.869045,119.012557,eez,2026-08-31T01:00:40.959031+00:00
412444172,MIN LONG YU 60229,fishing,,412,China,中國,17,critical,22,15.1,3.4,9,taiwan-penghu-kinmen-matsu-no-3-tpkm3,0.0,0,0,,,,,218.8,未觀測到靠港,24.27377,118.48892,eez,2026-09-26T18:11:05.265483+00:00
412444205,MIN LONG YU 66758,fishing,,412,China,中國,17,critical,12,3.5,3.1,1,taiwan-penghu-kinmen-matsu-no-2-tpkm2;taiwan-penghu-kinmen-matsu-no-3-tpkm3,0.0,0,0,,,,,616.9,未觀測到靠港,24.0312,118.72708,eez,2026-09-17T16:03:57.751884+00:00
412444244,MIN LONG YU 61296,fishing,,412,China,中國,17,critical,5,0.9,,0,taiwan-penghu-kinmen-matsu-no-3-tpkm3,0.0,0,0,,,,,162.5,未觀測到靠港,24.00843,118.39423,eez,2026-09-24T16:19:49.305902+00:00
412444423,09866,fishing,,412,China,中國,17,critical,9,0,,0,taiwan-penghu-kinmen-matsu-no-3-tpkm3,0.0,0,0,廈門 Xiamen,2026-09-30T05:46:06.800354+00:00,,,10.2,,24.22186,118.21108,eez,2026-10-01T01:43:39.850879+00:00
412444629,MINLONGYU63883,fishing,,412,China,中國,17,critical,11,3.5,1.2,2,taiwan-penghu-kinmen-matsu-no-2-tpkm2;taiwan-penghu-kinmen-matsu-no-3-tpkm3,0.0,0,0,,,,,264.4,未觀測到靠港,24.44498,118.5746,eez,2026-09-28T19:07:47.601617+00:00
412444641,09803,fishing,,412,China,中國,17,critical,2,0.7,,0,taiwan-penghu-kinmen-matsu-no-2-tpkm2;taiwan-penghu-kinmen-matsu-no-3-tpkm3,0.0,0,0,廈門 Xiamen,2026-09-01T18:03:58.033746+00:00,,,388.0,,24.18585,118.308342,eez,2026-09-01T10:15:55.563560+00:00
412444707,MINLONGYU09801,fishing,,412,China,中國,17,critical,1,0,,0,taiwan-penghu-kinmen-matsu-no-3-tpkm3,0.0,0,0,,,,,792.3,未觀測到靠港,24.227063,118.324035,eez,2026-08-20T23:17:11.148940+00:00
412444759,666888,fishing,,412,China,中國,17,critical,7,0,,0,taiwan-penghu-kinmen-matsu-no-2-tpkm2;taiwan-penghu-kinmen-matsu-no-3-tpkm3,0.0,0,0,,,,,625.2,未觀測到靠港,24.276485,118.292457,eez,2026-09-04T17:54:11.204189+00:00
412444807,MINLONGYU09865,fishing,,412,China,中國,17,critical,12,0,,0,taiwan-penghu-kinmen-matsu-no-3-tpkm3,0.0,0,0,廈門 Xiamen,2026-09-01T18:03:58.033746+00:00,廈門 Xiamen,2026-09-06T09:32:13.465682+00:00,96.9,,24.158225,118.291772,eez,2026-09-04T15:36:37.054727+00:00
412444871,MINLIANYU61977,fishing,,412,China,中國,17,critical,11,5.0,0.3,3,taiwan-matsu-no-4;taiwan-penghu-kinmen-matsu-no-2-tpkm2;taiwan-penghu-kinmen-matsu-no-3-tpkm3;taiwan-strait-express-1-tse-1,0.0,0,0,,,,,321.7,未觀測到靠港,26.19659,120.59657,eez,2026-10-01T01:43:39.850879+00:00
412444945,MINLONGYU65888,fishing,,412,China,中國,17,critical,1,0,,0,taiwan-penghu-kinmen-matsu-no-2-tpkm2,0.0,0,0,,,,,637.9,未觀測到靠港,24.33787,118.60065,eez,2026-09-18T15:39:03.535122+00:00
412444997,MINLIANYU60036,fishing,,412,China,中國,17,critical,22,14.0,3.0,0,taiwan-matsu-no-4;taiwan-penghu-kinmen-matsu-no-2-tpkm2;taiwan-penghu-kinmen-matsu-no-3-tpkm3;taiwan-strait-express-1-tse-1,0.0,0,0,,,,,681.8,未觀測到靠港,26.49196,121.75608,eez,2026-09-22T05:12:21.147253+00:00
412445058,60572,fishing,,412,China,中國,17,critical,1,0,,0,taiwan-penghu-kinmen-matsu-no-3-tpkm3,0.0,0,0,廈門 Xiamen,2026-09-02T04:48:40.622480+00:00,,,425.8,,24.30572,118.13428,eez,2026-09-20T15:16:51.207587+00:00
412445592,MINFUZHOUYU15157,cargo,,412,China,中國,17,critical,1,0,,0,taiwan-strait-express-1-tse-1,2.3,0,0,閩江口錨地 Minjiangkou,2026-08-30T00:54:50.080310+00:00,閩江口錨地 Minjiangkou,2026-09-02T03:59:47.596863+00:00,37.7,,26.07949,119.56115,eez,2026-09-02T03:59:47.596863+00:00
412445637,MINLIANYU60011,fishing,,412,China,中國,17,critical,24,8.5,3.0,4,eac-c2c;taiwan-matsu-no-4;taiwan-penghu-kinmen-matsu-no-2-tpkm2;taiwan-penghu-kinmen-matsu-no-3-tpkm3;taiwan-strait-express-1-tse-1;trans-pacific-express-tpe-cable-system,0.0,0,0,,,,,705.5,未觀測到靠港,26.19752,121.16617,eez,2026-09-23T18:55:58.874562+00:00
412445658,MINLIANYU60012,fishing,,412,China,中國,17,critical,24,20.5,3.5,2,eac-c2c;taiwan-matsu-no-4;taiwan-penghu-kinmen-matsu-no-2-tpkm2;taiwan-penghu-kinmen-matsu-no-3-tpkm3;taiwan-strait-express-1-tse-1,0.0,0,0,,,,,711.6,未觀測到靠港,25.86586,120.81559,eez,2026-09-24T00:59:15.889391+00:00
412445779,MINLIANYU60482,fishing,,412,China,中國,17,critical,12,8.0,3.3,1,eac-c2c;taiwan-matsu-no-4;taiwan-penghu-kinmen-matsu-no-2-tpkm2;taiwan-penghu-kinmen-matsu-no-3-tpkm3;taiwan-strait-express-1-tse-1,0.0,0,0,,,,,689.2,未觀測到靠港,25.77173,120.56481,eez,2026-09-23T18:55:58.874562+00:00
412445999,MINLIANYU60951,fishing,,412,China,中國,17,critical,23,5.0,3.5,1,eac-c2c;taiwan-matsu-no-4;taiwan-penghu-kinmen-matsu-no-2-tpkm2;taiwan-penghu-kinmen-matsu-no-3-tpkm3;taiwan-strait-express-1-tse-1,0.0,0,0,,,,,698.4,未觀測到靠港,25.79793,120.67572,eez,2026-09-23T04:20:01.078375+00:00
412446421,MINLIANYU62167,fishing,,412,China,中國,17,critical,29,8.3,3.8,6,taiwan-matsu-no-4;taiwan-penghu-kinmen-matsu-no-3-tpkm3;taiwan-strait-express-1-tse-1,0.0,0,0,,,,,322.3,未觀測到靠港,23.28162,117.57298,eez,2026-10-01T01:43:39.850879+00:00
412446784,MINLONGYU09818,fishing,,412,China,中國,17,critical,6,8.2,0.8,2,taiwan-penghu-kinmen-matsu-no-2-tpkm2;taiwan-penghu-kinmen-matsu-no-3-tpkm3,0.0,0,0,廈門 Xiamen,2026-08-25T01:57:17.245352+00:00,,,491.0,,24.31056,118.17541,eez,2026-09-17T16:03:57.751884+00:00
412447521,MINLIANYU61717,fishing,,412,China,中國,17,critical,22,4.8,0.5,2,eac-c2c;taiwan-penghu-kinmen-matsu-no-2-tpkm2;taiwan-penghu-kinmen-matsu-no-3-tpkm3;trans-pacific-express-tpe-cable-system,0.0,0,0,,,,,319.0,未觀測到靠港,26.23978,121.55805,eez,2026-10-01T01:43:39.850879+00:00
412449534,MINLIANYUYUN60382,fishing,,412,China,中國,17,critical,18,6.6,3.1,1,eac-c2c;taiwan-matsu-no-4;taiwan-penghu-kinmen-matsu-no-3-tpkm3;taiwan-strait-express-1-tse-1,0.0,0,0,,,,,702.5,未觀測到靠港,25.7164,120.58428,eez,2026-09-23T15:57:04.675481+00:00
412450771,MINHUIYU00181,fishing,,412,China,中國,17,critical,1,0,,0,taiwan-matsu-no-4;taiwan-penghu-kinmen-matsu-no-2-tpkm2,0.0,0,0,,,,,488.6,未觀測到靠港,24.731383,119.262377,eez,2026-09-05T09:11:06.137565+00:00
412451696,MIN HUI YU 00118,fishing,,412,China,中國,17,critical,9,0,,0,taiwan-penghu-kinmen-matsu-no-2-tpkm2;taiwan-penghu-kinmen-matsu-no-3-tpkm3,0.0,0,0,,,,,385.6,未觀測到靠港,24.66292,119.23291,eez,2026-09-07T10:32:14.025579+00:00
412451747,MINLONGYU63817,fishing,,412,China,中國,17,critical,5,6.4,2.1,2,taiwan-penghu-kinmen-matsu-no-2-tpkm2;taiwan-penghu-kinmen-matsu-no-3-tpkm3,0.0,0,0,廈門 Xiamen,2026-08-25T01:57:17.245352+00:00,,,233.1,,24.32471,118.1157,eez,2026-09-07T04:03:02.203275+00:00
412460751,YUE RAO PING 46102,fishing,,412,China,中國,17,critical,9,4.5,2.7,5,apcn-2;seamewe-3,0.0,0,0,,,,,292.9,未觀測到靠港,23.19735,116.87849,eez,2026-09-30T05:46:06.800354+00:00
412481538,MINLIANYU60898,fishing,,412,China,中國,17,critical,24,17.6,2.6,2,eac-c2c;taiwan-matsu-no-4;taiwan-penghu-kinmen-matsu-no-2-tpkm2;taiwan-penghu-kinmen-matsu-no-3-tpkm3;taiwan-strait-express-1-tse-1;trans-pacific-express-tpe-cable-system,0.0,0,0,,,,,321.7,未觀測到靠港,26.00231,120.56893,eez,2026-10-01T01:43:39.850879+00:00
412494419,MINLIANYU60086,fishing,,412,China,中國,17,critical,4,8.0,3.3,0,taiwan-matsu-no-4;taiwan-penghu-kinmen-matsu-no-2-tpkm2;taiwan-penghu-kinmen-matsu-no-3-tpkm3;taiwan-strait-express-1-tse-1,0.0,0,0,,,,,373.2,未觀測到靠港,26.26632,121.03338,eez,2026-09-06T14:46:16.922285+00:00
412510058,MINLONGWENYU65186,fishing,,412,China,中國,17,critical,18,15.1,0.8,4,cross-straits-cable-network,0.0,0,0,,,,,585.1,未觀測到靠港,24.45135,118.19047,eez,2026-09-24T00:59:15.889391+00:00
412521070,FU FENG 6,cargo,,412,China,中國,17,critical,11,19.3,0.1,2,apcn-2;asia-united-gateway-east-aug-east;eac-c2c;faster;flag-north-asia-loopreach-north-asia-loop;h2-cable;new-cross-pacific-ncp-cable-system;taiwan-matsu-no-4;taiwan-penghu-kinmen-matsu-no-2-tpkm2;taiwan-penghu-kinmen-matsu-no-3-tpkm3;taiwan-strait-express-1-tse-1,0.0,0,0,前鎮漁港 Qianzhen,2026-09-24T13:55:47.379231+00:00,,,153.4,,24.36404,118.142842,eez,2026-10-01T01:43:39.850879+00:00
412570730,HAI YING 16,cargo,,412,China,中國,17,critical,24,0,,0,taiwan-penghu-kinmen-matsu-no-3-tpkm3;taiwan-strait-express-1-tse-1,0.0,0,0,福清灣/海壇 Fuqing,2026-08-28T11:34:06.990542+00:00,福清灣/海壇 Fuqing,2026-09-06T04:52:03.960094+00:00,199.6,,25.940783,119.3841,eez,2026-09-07T10:32:14.025579+00:00
412702240,JIANG XIN 12,cargo,,412,China,中國,17,critical,7,0,,0,taiwan-penghu-kinmen-matsu-no-2-tpkm2;taiwan-penghu-kinmen-matsu-no-3-tpkm3;taiwan-strait-express-1-tse-1,0.0,0,0,廈門 Xiamen,2026-09-30T05:46:06.800354+00:00,,,12.9,,24.38207,118.10916,eez,2026-10-01T01:43:39.850879+00:00
412703440,RONG HUA 889,cargo,,412,China,中國,17,critical,2,2.7,,0,taiwan-penghu-kinmen-matsu-no-2-tpkm2;taiwan-penghu-kinmen-matsu-no-3-tpkm3;taiwan-strait-express-1-tse-1,0.0,0,0,同安灣/廈門灣北 Tongan,2026-08-28T11:34:06.990542+00:00,莆田湄洲灣 Putian,2026-08-31T05:49:54.519009+00:00,56.5,,25.0466,119.059833,eez,2026-08-31T05:49:54.519009+00:00
413221780,HUA XIN CHANG HE,cargo,,413,China,中國,17,critical,21,0,,0,taiwan-penghu-kinmen-matsu-no-2-tpkm2;taiwan-penghu-kinmen-matsu-no-3-tpkm3;taiwan-strait-express-1-tse-1,0.0,0,0,廈門 Xiamen,2026-09-05T15:42:59.107474+00:00,,,441.6,,25.6335,119.952773,eez,2026-09-24T04:15:53.594592+00:00
413254970,LIAN SHENG 869,cargo,,413,China,中國,17,critical,19,0,,0,taiwan-penghu-kinmen-matsu-no-3-tpkm3;taiwan-strait-express-1-tse-1,25.8,0,0,,,,,879.2,未觀測到靠港,24.431658,117.86864,eez,2026-09-19T04:10:10.354503+00:00
413272940,YI TAI RONG,cargo,,413,China,中國,17,critical,24,5.3,0.5,0,taiwan-penghu-kinmen-matsu-no-2-tpkm2;taiwan-penghu-kinmen-matsu-no-3-tpkm3;taiwan-strait-express-1-tse-1,0.0,0,0,漳州東山 Dongshan,2026-09-05T22:29:16.547946+00:00,,,153.6,,26.421097,119.947133,eez,2026-09-24T04:15:53.594592+00:00
413285560,LIAN HE 65,cargo,,413,China,中國,17,critical,1,0,,0,taiwan-penghu-kinmen-matsu-no-2-tpkm2;taiwan-penghu-kinmen-matsu-no-3-tpkm3;taiwan-strait-express-1-tse-1,0.0,0,0,深滬灣/圍頭東 Shenhu,2026-09-05T18:40:14.211911+00:00,,,31.2,,27.523458,120.809787,eez,2026-09-07T04:03:02.203275+00:00
413326190,RI  YOU  6,tanker,,413,China,中國,17,critical,2,0,,0,taiwan-penghu-kinmen-matsu-no-2-tpkm2;taiwan-penghu-kinmen-matsu-no-3-tpkm3,4.0,0,0,湄洲灣泉港 Meizhouwan,2026-09-24T13:55:47.379231+00:00,,,24.0,,24.321787,118.214227,eez,2026-09-25T16:20:22.361665+00:00
413345270,QI HANG XING WANG,cargo,,413,China,中國,17,critical,3,0,,0,taiwan-penghu-kinmen-matsu-no-3-tpkm3;taiwan-strait-express-1-tse-1,7.6,0,0,,,,,903.7,未觀測到靠港,24.226383,118.508987,eez,2026-09-24T04:15:53.594592+00:00
413351880,JIA NAN 33,cargo,,413,China,中國,17,critical,20,0,,0,taiwan-penghu-kinmen-matsu-no-2-tpkm2,0.0,0,0,湄洲灣泉港 Meizhouwan,2026-09-22T05:12:21.147253+00:00,湄洲灣泉港 Meizhouwan,2026-09-23T04:20:01.078375+00:00,15.0,,24.90494,119.07276,eez,2026-09-23T04:20:01.078375+00:00
413371410,BAO XIN HAI,cargo,,413,China,中國,17,critical,24,15.5,0.2,0,taiwan-penghu-kinmen-matsu-no-2-tpkm2;taiwan-penghu-kinmen-matsu-no-3-tpkm3,0.0,0,0,深滬灣/圍頭東 Shenhu,2026-08-29T13:14:06.253758+00:00,,,193.8,,27.01433,120.553558,eez,2026-09-06T15:54:14.180092+00:00
413454360,HEBIN,cargo,,413,China,中國,17,critical,21,3.9,2.7,0,apcn-2;eac-c2c;faster;taiwan-penghu-kinmen-matsu-no-3-tpkm3;taiwan-strait-express-1-tse-1;trans-pacific-express-tpe-cable-system,0.0,0,0,台中港 Taichung,2026-09-23T10:10:32.731426+00:00,,,14.3,,26.99485,121.543547,eez,2026-09-24T04:15:53.594592+00:00
413457320,ZHE JIAO BO 6 6,cargo,,413,China,中國,17,critical,1,0.5,,0,cross-straits-cable-network;taiwan-penghu-kinmen-matsu-no-2-tpkm2;taiwan-penghu-kinmen-matsu-no-3-tpkm3,0.0,0,0,大嶝/圍頭灣 Weitou,2026-09-05T12:13:46.310257+00:00,,,0.0,,24.35911,118.23544,eez,2026-09-05T14:24:01.115311+00:00
413467310,ZHONG RUI HAI,cargo,,413,China,中國,17,critical,1,0,,0,taiwan-penghu-kinmen-matsu-no-3-tpkm3;taiwan-strait-express-1-tse-1,0.0,0,0,,,,,872.8,未觀測到靠港,27.056038,120.309813,eez,2026-09-18T15:39:03.535122+00:00
413486680,SUIFUHANG888,cargo,,413,China,中國,17,critical,1,0,,0,,0.0,0,0,,,,,895.2,未觀測到靠港,23.5141,117.384933,eez,2026-09-21T04:27:30.978051+00:00
413529220,HE HAI DING BANG,cargo,,413,China,中國,17,critical,23,8.1,0.1,1,asia-direct-cable-adc;seamewe-3;southeast-asia-japan-cable-sjc;taiwan-penghu-kinmen-matsu-no-2-tpkm2;taiwan-penghu-kinmen-matsu-no-3-tpkm3,0.0,0,0,汕頭港外 Shantou-appr,2026-09-30T17:27:25.371366+00:00,汕頭港外 Shantou-appr,2026-10-01T01:43:39.850879+00:00,0.0,,23.189123,116.789133,eez,2026-10-01T01:43:39.850879+00:00
413587240,HENG ZHOU 005,tanker,,413,China,中國,17,critical,1,0,,0,taiwan-matsu-no-4;taiwan-penghu-kinmen-matsu-no-2-tpkm2;taiwan-penghu-kinmen-matsu-no-3-tpkm3,0.0,0,0,湄洲灣泉港 Meizhouwan,2026-08-22T09:18:02.581605+00:00,湄洲灣泉港 Meizhouwan,2026-09-05T20:49:42.874052+00:00,343.5,,25.01381,119.045827,eez,2026-09-07T04:57:56.102287+00:00
413613930,SHENG PING BO 6,cargo,,413,China,中國,17,critical,1,0,,0,apcn-2,0.0,0,0,,,,,659.5,未觀測到靠港,23.190783,116.84165,eez,2026-09-30T15:29:48.217955+00:00
413619710,JIN GUI YUAN,tanker,,413,China,中國,17,critical,17,3.3,3.4,1,taiwan-penghu-kinmen-matsu-no-2-tpkm2;taiwan-penghu-kinmen-matsu-no-3-tpkm3,0.0,0,0,漳州東山 Dongshan,2026-09-05T04:42:29.611877+00:00,,,596.0,,25.236458,119.69945,eez,2026-09-30T05:08:22.673426+00:00
413690810,YING HAI 29,cargo,,413,China,中國,17,critical,2,0,,0,taiwan-penghu-kinmen-matsu-no-2-tpkm2;taiwan-penghu-kinmen-matsu-no-3-tpkm3;taiwan-strait-express-1-tse-1,0.0,0,0,廈門 Xiamen,2026-09-20T00:31:18.688825+00:00,,,37.2,,25.883667,119.880117,eez,2026-09-21T17:40:43.383432+00:00
413697130,DE QI 6,cargo,,413,China,中國,17,critical,1,0,,0,taiwan-penghu-kinmen-matsu-no-2-tpkm2;taiwan-penghu-kinmen-matsu-no-3-tpkm3;taiwan-strait-express-1-tse-1,0.0,0,0,廈門 Xiamen,2026-09-19T12:47:06.687156+00:00,廈門 Xiamen,2026-09-19T22:35:05.123562+00:00,0.0,,24.420937,118.060922,eez,2026-09-20T00:31:18.688825+00:00
413699010,HUA XIN 117,cargo,,413,China,中國,17,critical,26,2.3,,0,taiwan-penghu-kinmen-matsu-no-2-tpkm2;taiwan-penghu-kinmen-matsu-no-3-tpkm3;taiwan-strait-express-1-tse-1,0.0,0,0,廈門 Xiamen,2026-09-30T05:46:06.800354+00:00,,,12.9,,25.62422,119.952733,eez,2026-10-01T01:43:39.850879+00:00
413702550,FU XIN518,cargo,,413,China,中國,17,critical,13,0,,0,taiwan-strait-express-1-tse-1,13.4,0,0,,,,,872.9,未觀測到靠港,24.431922,117.871027,eez,2026-09-19T04:48:00.298551+00:00
413703240,RONGHAI99,cargo,,413,China,中國,17,critical,17,0,,0,taiwan-penghu-kinmen-matsu-no-2-tpkm2;taiwan-penghu-kinmen-matsu-no-3-tpkm3,0.0,0,0,廈門 Xiamen,2026-08-29T07:12:39.299265+00:00,,,5.3,,23.284758,116.96044,eez,2026-08-29T21:24:09.012880+00:00
413875022,CHINACOASTGUGRD825,coastguard,coastguard,413,China,中國,17,critical,9,18.8,2.6,11,apcn-2;e2a;eac-c2c;southeast-asia-japan-cable-2-sjc2,0.0,0,0,,,,,299.2,未觀測到靠港,27.23588,122.64985,eez,2026-09-30T21:06:57.883108+00:00
413875033,CHINACOASTGUARD 2301,coastguard,coastguard,413,China,中國,17,critical,23,3.3,4.8,1,eac-c2c;taiwan-strait-express-1-tse-1;trans-pacific-express-tpe-cable-system,0.0,0,0,,,,,161.7,未觀測到靠港,25.99492,121.62347,eez,2026-09-06T22:39:12.217794+00:00
413875040,CHINACOASTGUARD2502,coastguard,coastguard,413,China,中國,17,critical,3,2.0,,0,apcn-2;asia-united-gateway-east-aug-east;candle;eac-c2c,0.0,0,0,,,,,355.6,未觀測到靠港,26.14195,122.3588,eez,2026-09-05T09:11:06.137565+00:00
416000168,FENG NIAN,fishing,,416,Taiwan,台灣,17,critical,5,5.6,1.0,2,apcn-2;candle;e2a;eac-c2c;flag-north-asia-loopreach-north-asia-loop;h2-cable;southeast-asia-japan-cable-2-sjc2,0.0,0,0,深澳漁港 Shenao,2026-09-04T04:48:11.480190+00:00,,,0.7,,25.879525,122.392078,contiguous_zone,2026-09-17T16:03:57.751884+00:00
416000648,YNG MAN NO.1,fishing,,416,Taiwan,台灣,17,critical,19,16.0,2.9,4,apcn-2;eac-c2c;faster;southeast-asia-japan-cable-2-sjc2,0.0,0,0,正濱漁港 Zhengbin,2026-09-20T00:31:18.688825+00:00,,,83.5,,25.813195,121.908852,contiguous_zone,2026-09-23T15:57:04.675481+00:00
416001444,YONG MING HAO NO36,fishing,,416,Taiwan,台灣,17,critical,1,7.3,1.8,0,asia-pacific-gateway-apg;flag-north-asia-loopreach-north-asia-loop;h2-cable,0.0,0,0,大溪漁港 Daxi,2026-08-17T09:05:38.417026+00:00,大溪漁港 Daxi,2026-09-04T04:48:11.480190+00:00,414.7,,24.940593,121.899717,internal_waters,2026-09-04T04:48:11.480190+00:00
416002258,KAI JING,fishing,,416,Taiwan,台灣,17,critical,1,0,,0,apcn-2;asia-pacific-gateway-apg;e2a;flag-north-asia-loopreach-north-asia-loop;h2-cable,0.0,0,0,烏石漁港 Wushi,2026-08-12T05:11:14.429647+00:00,烏石漁港 Wushi,2026-09-01T01:31:13.238497+00:00,2.9,,24.868675,121.835363,internal_waters,2026-09-01T05:22:35.528216+00:00
416003991,WU ZHOU HUI FENG,cargo,,416,Taiwan,台灣,17,critical,11,0,,0,taiwan-penghu-kinmen-matsu-no-2-tpkm2;taiwan-penghu-kinmen-matsu-no-3-tpkm3,0.0,0,0,復國墩漁港 Fuguodun,2026-09-21T20:43:12.525617+00:00,,,4.6,,24.416852,118.511468,eez,2026-09-22T04:22:57.752949+00:00
416004028,DA LIU MEI NO.68,fishing,,416,Taiwan,台灣,17,critical,19,9.0,2.8,1,eac-c2c;faster;taiwan-penghu-kinmen-matsu-no-3-tpkm3;trans-pacific-express-tpe-cable-system,0.0,0,0,淡水第一漁港 Tamsui1,2026-09-20T00:31:18.688825+00:00,淡水第一漁港 Tamsui1,2026-09-21T00:40:54.264899+00:00,16.7,,25.18371,121.410512,internal_waters,2026-09-23T04:20:01.078375+00:00
416004998,WU ZHOU CHUANG YUAN,cargo,,416,Taiwan,台灣,17,critical,1,0,,0,taiwan-penghu-kinmen-matsu-no-3-tpkm3,0.0,0,0,廈門 Xiamen,2026-09-07T04:57:56.102287+00:00,前鎮漁港 Qianzhen,2026-09-18T00:54:25.501237+00:00,251.3,,22.593648,120.291567,internal_waters,2026-09-19T15:11:46.365307+00:00
416014641,960067,cargo,,416,Taiwan,台灣,17,critical,1,0,,0,,0.0,0,0,風櫃西漁港 Fenggui_W,2026-09-07T04:57:56.102287+00:00,東嶼坪漁港 Dongyuping,2026-09-18T04:12:56.781029+00:00,254.4,,23.257048,119.511703,internal_waters,2026-09-18T04:12:56.781029+00:00
416999006,OCEAN NO.8      11V5,unknown,,416,Taiwan,台灣,17,critical,1,0,,0,taiwan-penghu-kinmen-matsu-no-2-tpkm2,0.0,0,0,麗水漁港 Lishui,2026-08-21T05:00:30.100916+00:00,興達漁港 Xingda,2026-09-17T16:03:57.751884+00:00,363.3,,22.86433,120.199503,internal_waters,2026-09-24T04:15:53.594592+00:00
440187000,JN IRIS,tanker,,440,Korea,韓國,17,critical,24,12.6,0.0,0,eac-c2c;taiwan-strait-express-1-tse-1;trans-pacific-express-tpe-cable-system,0.0,1,0,台中港 Taichung,2026-08-21T05:00:30.100916+00:00,,,30.5,,26.362333,122.208433,eez,2026-08-22T12:26:21.545854+00:00
477524300,MILD TUNE,cargo,,477,Hong Kong,香港,17,critical,24,6.6,1.2,0,taiwan-matsu-no-4;taiwan-penghu-kinmen-matsu-no-2-tpkm2;taiwan-penghu-kinmen-matsu-no-3-tpkm3,0.0,0,0,廈門 Xiamen,2026-09-20T00:31:18.688825+00:00,,,0.6,,23.657182,117.71169,eez,2026-09-20T05:05:13.918990+00:00
613617404,LORIAN,tanker,,613,Cameroon,喀麥隆,17,critical,19,0,,0,apcn-2;asia-united-gateway-east-aug-east;seamewe-3,0.0,1,1,,,,,0.8,未觀測到靠港,21.428465,120.73918,contiguous_zone,2026-09-04T04:48:11.480190+00:00
620999903,MAGICIAN 66,cargo,,620,Comoros,葛摩,17,critical,24,36.0,0.4,0,eac-c2c;taiwan-penghu-kinmen-matsu-no-3-tpkm3;taiwan-strait-express-1-tse-1;trans-pacific-express-tpe-cable-system,0.0,1,0,,,,,885.1,未觀測到靠港,22.73134,120.166053,internal_waters,2026-09-24T04:15:53.594592+00:00
631010157,HUIZHOU,tanker,,631,Equ. Guinea,赤道幾內亞,17,critical,30,22.1,2.1,1,eac-c2c;taiwan-penghu-kinmen-matsu-no-2-tpkm2;taiwan-penghu-kinmen-matsu-no-3-tpkm3;taiwan-strait-express-1-tse-1;trans-pacific-express-tpe-cable-system,0.0,1,0,,,,,48.0,未觀測到靠港,25.478192,120.633558,eez,2026-09-05T03:57:25.117144+00:00
636016327,FUJITRANS WORLD,cargo,,636,Liberia,賴比瑞亞,17,critical,4,8.1,1.5,2,eac-c2c;taiwan-matsu-no-4;taiwan-strait-express-1-tse-1;trans-pacific-express-tpe-cable-system,0.0,0,0,台北港 Taipei,2026-09-29T05:56:02.952700+00:00,,,0.0,,26.351128,122.40522,eez,2026-09-29T13:10:56.347005+00:00
636019761,EASTERN POSEIDON,tanker,,636,Liberia,賴比瑞亞,17,critical,10,16.3,1.6,3,e2a;eac-c2c;faster;taiwan-strait-express-1-tse-1;trans-pacific-express-tpe-cable-system,5.0,0,0,麗水漁港 Lishui,2026-09-30T05:46:06.800354+00:00,,,4.6,,25.499458,121.637878,territorial_sea,2026-09-30T17:27:25.371366+00:00
636026639,MMSI-636026639,cargo,,636,Liberia,賴比瑞亞,17,critical,1,0,,0,eac-c2c;taiwan-penghu-kinmen-matsu-no-2-tpkm2;taiwan-penghu-kinmen-matsu-no-3-tpkm3;trans-pacific-express-tpe-cable-system,0.0,0,0,,,,,400.6,未觀測到靠港,22.407217,118.969983,eez,2026-08-25T21:18:40.677233+00:00
667001413,FUSHUN8,tanker,,667,Sierra Leone,獅子山,17,critical,29,47.7,0.3,4,eac-c2c;taiwan-matsu-no-4;taiwan-penghu-kinmen-matsu-no-2-tpkm2;taiwan-penghu-kinmen-matsu-no-3-tpkm3;taiwan-strait-express-1-tse-1;trans-pacific-express-tpe-cable-system,0.0,1,0,,,,,669.7,未觀測到靠港,25.809927,121.55911,eez,2026-10-01T01:43:39.850879+00:00
677011100,HAI FA,cargo,,677,Tanzania,坦尚尼亞,17,critical,22,3.5,0.1,1,taiwan-penghu-kinmen-matsu-no-2-tpkm2;taiwan-penghu-kinmen-matsu-no-3-tpkm3,17.2,1,0,,,安平商港區 Anping-basin,2026-09-05T12:13:46.310257+00:00,482.7,,22.978462,120.173653,internal_waters,2026-09-24T04:15:53.594592+00:00
200010607,NETFISHING       8V1,unknown,,200,Unknown,未知,16,critical,5,4.8,1.8,0,asia-united-gateway-east-aug-east;flag-north-asia-loopreach-north-asia-loop,0.0,1,0,,,南方澳漁港 Nanfangao,2026-09-05T03:57:25.117144+00:00,445.9,,24.589932,121.887677,internal_waters,2026-09-05T03:57:25.117144+00:00
200010609,NETFISHING       8V0,unknown,,200,Unknown,未知,16,critical,6,3.2,1.8,0,asia-united-gateway-east-aug-east,0.0,1,0,,,,,580.4,未觀測到靠港,24.579993,121.902562,territorial_sea,2026-09-05T03:57:25.117144+00:00
200010616,NETFISHING       7V9,unknown,,200,Unknown,未知,16,critical,5,5.0,2.6,0,asia-united-gateway-east-aug-east,0.0,1,0,,,,,578.0,未觀測到靠港,23.906073,122.448995,eez,2026-09-04T09:46:09.453323+00:00
210721000,NAVIOS NERINE,cargo,,210,Cyprus,賽普勒斯,16,critical,1,5.2,2.0,0,seamewe-3;taiwan-penghu-kinmen-matsu-no-2-tpkm2;taiwan-strait-express-1-tse-1,0.0,1,0,廈門 Xiamen,2026-08-20T21:22:25.253536+00:00,,,238.5,,26.4117,120.214112,eez,2026-08-30T21:44:18.641860+00:00
219646000,MATHILDE MAERSK,cargo,,219,Denmark,丹麥,16,critical,6,8.7,1.0,4,apcn-2;asia-direct-cable-adc;asia-pacific-gateway-apg;flag-north-asia-loopreach-north-asia-loop;new-cross-pacific-ncp-cable-system,2.2,1,0,,,,,96.3,未觀測到靠港,27.169933,122.716117,eez,2026-09-27T16:13:45.102927+00:00
26005602,CT2-5602-16      8V3,unknown,,260,Unknown,未知,16,critical,4,3.9,0.7,2,apcn-2;e2a;eac-c2c;southeast-asia-japan-cable-2-sjc2,0.0,1,0,,,,,31.3,未觀測到靠港,25.18942,122.177507,territorial_sea,2026-09-03T04:47:18.082694+00:00
27005602,CT2-5602-17      7V9,unknown,,270,Czech Republic,捷克,16,critical,3,10.1,1.2,0,apcn-2;asia-pacific-gateway-apg;eac-c2c;h2-cable;new-cross-pacific-ncp-cable-system,0.0,1,0,烏石漁港 Wushi,2026-08-31T01:00:40.959031+00:00,,,56.6,,25.26251,122.357077,contiguous_zone,2026-09-04T00:32:15.198838+00:00
273210110,PAMYAT KIROVA,cargo,,273,Russia,俄羅斯,16,critical,25,19.7,0.1,4,eac-c2c;pacific-light-cable-network-plcn;taiwan-matsu-no-4;taiwan-penghu-kinmen-matsu-no-2-tpkm2;taiwan-strait-express-1-tse-1,6.8,1,0,閩江口錨地 Minjiangkou,2026-09-22T13:47:48.731029+00:00,,,17.8,,27.348923,122.452695,eez,2026-09-24T18:46:10.094585+00:00
273260840,ARCTIC MULAN,tanker,,273,Russia,俄羅斯,16,critical,7,0,,0,flag-europe-asia-fea;flag-north-asia-loopreach-north-asia-loop,0.0,1,1,,,,,168.7,未觀測到靠港,23.30965,122.915213,eez,2026-09-28T01:21:43.156133+00:00
314845000,MMSI-314845000,tanker,,314,Barbados,巴貝多,16,critical,3,18.9,1.7,4,taiwan-penghu-kinmen-matsu-no-2-tpkm2;trans-pacific-express-tpe-cable-system,1.3,1,0,麗水漁港 Lishui,2026-09-04T15:36:37.054727+00:00,,,34.2,,24.40625,120.4116,internal_waters,2026-09-06T04:04:01.481536+00:00
341247002,ETERNELLE,cargo,,341,St Kitts Nevis,聖克里斯多福,16,critical,4,0,,0,,13.2,1,0,,,,,592.3,未觀測到靠港,24.18442,119.636907,contiguous_zone,2026-09-04T04:00:17.162565+00:00
352004467,JUI HO,cargo,,352,Panama,巴拿馬,16,critical,23,6.0,0.2,0,apcn-2;asia-pacific-gateway-apg;asia-united-gateway-east-aug-east;eac-c2c;flag-north-asia-loopreach-north-asia-loop;taiwan-penghu-kinmen-matsu-no-2-tpkm2;tpu,0.0,0,0,台中港 Taichung,2026-09-22T21:44:27.100940+00:00,,,75.5,,24.301467,121.757533,internal_waters,2026-09-26T04:32:50.104126+00:00
352005250,EARTH TWIN,cargo,,352,Panama,巴拿馬,16,critical,18,0,,0,apcn-2;asia-united-gateway-east-aug-east;eac-c2c;faster;taiwan-penghu-kinmen-matsu-no-3-tpkm3;taiwan-strait-express-1-tse-1,0.0,0,0,前鎮漁港 Qianzhen,2026-08-27T04:09:01.110749+00:00,,,46.5,,23.236757,122.737195,eez,2026-08-29T07:12:39.299265+00:00
410000000,2,fishing,,410,Bhutan,不丹,16,critical,12,0,,0,eac-c2c;taiwan-matsu-no-4,0.0,1,0,漳州東山 Dongshan,2026-09-29T21:12:35.544512+00:00,,,24.0,,26.915847,120.632735,eez,2026-09-20T00:31:18.688825+00:00
412000008,DONDXIDONGYANG008,fishing,,412,China,中國,16,critical,1,0,,0,,0.0,0,0,漳州東山 Dongshan,2026-08-24T02:03:27.398663+00:00,,,593.3,,23.598813,117.602495,eez,2026-09-05T14:24:01.115311+00:00
412000883,00883,fishing,,412,China,中國,16,critical,1,0.5,,0,taiwan-strait-express-1-tse-1,0.0,0,0,,,,,236.6,未觀測到靠港,26.103798,119.795985,eez,2026-08-22T12:26:21.545854+00:00
412063180,MIN DONG YU 63180,fishing,,412,China,中國,16,critical,4,0,,0,,0.0,0,0,漳州東山 Dongshan,2026-09-06T12:28:17.682022+00:00,,,274.1,,23.57923,117.50118,eez,2026-09-18T00:54:25.501237+00:00
412180000,HONG TAI         656,cargo,,412,China,中國,16,critical,4,0,,0,,5.1,0,0,漳州東山 Dongshan,2026-08-23T07:08:25.541801+00:00,,,741.1,,23.609522,117.518293,eez,2026-09-23T04:56:38.976277+00:00
412441037,MINLIANYU60407,fishing,,412,China,中國,16,critical,6,10.0,3.4,1,taiwan-matsu-no-4;taiwan-penghu-kinmen-matsu-no-2-tpkm2;taiwan-strait-express-1-tse-1,0.0,0,0,,,,,373.2,未觀測到靠港,25.95632,120.7321,eez,2026-09-06T14:46:16.922285+00:00
412441056,MINLIANYU60135,fishing,,412,China,中國,16,critical,15,14.9,1.1,7,taiwan-penghu-kinmen-matsu-no-3-tpkm3,0.0,0,0,,,,,322.3,未觀測到靠港,26.39673,120.05401,eez,2026-10-01T01:43:39.850879+00:00
412441059,MINLIANYU60159,fishing,,412,China,中國,16,critical,13,16.5,1.0,5,taiwan-matsu-no-4;taiwan-penghu-kinmen-matsu-no-3-tpkm3,0.0,0,0,,,,,322.3,未觀測到靠港,26.33045,120.04777,eez,2026-10-01T01:43:39.850879+00:00
412441064,MINLIANYU62168,fishing,,412,China,中國,16,critical,6,7.8,4.2,2,taiwan-matsu-no-4;taiwan-penghu-kinmen-matsu-no-3-tpkm3;taiwan-strait-express-1-tse-1,0.0,0,0,,,,,249.2,未觀測到靠港,26.07892,119.92608,eez,2026-09-28T19:07:47.601617+00:00
412441075,MINLIANYU61785,fishing,,412,China,中國,16,critical,10,9.0,2.3,1,taiwan-matsu-no-4;taiwan-penghu-kinmen-matsu-no-2-tpkm2;taiwan-penghu-kinmen-matsu-no-3-tpkm3;taiwan-strait-express-1-tse-1,0.0,0,0,,,,,625.3,未觀測到靠港,26.49397,120.96061,eez,2026-09-24T04:15:53.594592+00:00
412441122,MINLIANYU60197,fishing,,412,China,中國,16,critical,14,8.9,0.7,8,taiwan-matsu-no-4;taiwan-penghu-kinmen-matsu-no-3-tpkm3,0.0,0,0,,,,,321.7,未觀測到靠港,26.34495,120.03153,eez,2026-10-01T01:43:39.850879+00:00
412441144,MINLIANYU62182,fishing,,412,China,中國,16,critical,8,8.8,3.3,9,taiwan-matsu-no-4;taiwan-penghu-kinmen-matsu-no-3-tpkm3;taiwan-strait-express-1-tse-1,0.0,0,0,,,,,177.1,未觀測到靠港,26.06102,119.93101,eez,2026-09-25T19:03:12.158891+00:00
412441196,MINLIANYU60401,fishing,,412,China,中國,16,critical,10,5.9,2.7,1,eac-c2c;taiwan-matsu-no-4;taiwan-penghu-kinmen-matsu-no-2-tpkm2;taiwan-penghu-kinmen-matsu-no-3-tpkm3;taiwan-strait-express-1-tse-1,0.0,0,0,,,,,622.0,未觀測到靠港,26.63119,121.21447,eez,2026-09-24T00:59:15.889391+00:00
412441202,MINLIANYU60079,fishing,,412,China,中國,16,critical,25,15.2,3.5,3,taiwan-matsu-no-4;taiwan-penghu-kinmen-matsu-no-2-tpkm2;taiwan-penghu-kinmen-matsu-no-3-tpkm3;taiwan-strait-express-1-tse-1,0.0,0,0,,,,,315.9,未觀測到靠港,26.37417,119.97649,eez,2026-10-01T01:43:39.850879+00:00
412441235,MINLIANYU61757,fishing,,412,China,中國,16,critical,5,2.9,,0,taiwan-matsu-no-4;taiwan-penghu-kinmen-matsu-no-2-tpkm2;taiwan-penghu-kinmen-matsu-no-3-tpkm3,0.0,0,0,,,,,643.9,未觀測到靠港,26.05092,120.85258,eez,2026-09-19T04:48:00.298551+00:00
412441268,MINLIANYU61518,fishing,,412,China,中國,16,critical,17,18.9,3.0,10,taiwan-matsu-no-4;taiwan-penghu-kinmen-matsu-no-3-tpkm3;taiwan-strait-express-1-tse-1,0.0,0,0,,,,,309.5,未觀測到靠港,26.31804,119.94796,eez,2026-09-30T12:50:48.525202+00:00
412441297,MINLIANYU60081,fishing,,412,China,中國,16,critical,27,12.8,3.2,2,taiwan-matsu-no-4;taiwan-penghu-kinmen-matsu-no-3-tpkm3;taiwan-strait-express-1-tse-1,0.0,0,0,,,,,615.7,未觀測到靠港,25.738242,120.263155,eez,2026-09-05T00:28:43.331771+00:00
412441325,MINLIANYU60085,fishing,,412,China,中國,16,critical,21,8.2,3.6,4,taiwan-matsu-no-4;taiwan-penghu-kinmen-matsu-no-2-tpkm2;taiwan-penghu-kinmen-matsu-no-3-tpkm3;taiwan-strait-express-1-tse-1,0.0,0,0,,,,,705.5,未觀測到靠港,25.86299,120.84456,eez,2026-09-23T18:55:58.874562+00:00
412441388,MINLIANYU68863,fishing,,412,China,中國,16,critical,9,11.5,1.3,3,taiwan-matsu-no-4;taiwan-penghu-kinmen-matsu-no-3-tpkm3;taiwan-strait-express-1-tse-1,0.0,0,0,,,,,132.2,未觀測到靠港,25.94323,119.81205,eez,2026-09-24T16:19:49.305902+00:00
412441409,MINLIANYU60075,fishing,,412,China,中國,16,critical,25,7.2,3.3,2,taiwan-matsu-no-4;taiwan-penghu-kinmen-matsu-no-3-tpkm3;taiwan-strait-express-1-tse-1,0.0,0,0,,,,,201.3,未觀測到靠港,25.86374,120.53452,eez,2026-09-26T13:30:14.985430+00:00
412441464,MIN LIAN YU 24355,fishing,,412,China,中國,16,critical,4,0.8,,0,taiwan-matsu-no-4;taiwan-penghu-kinmen-matsu-no-3-tpkm3,0.0,0,0,,,,,287.7,未觀測到靠港,26.08892,119.96512,eez,2026-09-30T21:06:57.883108+00:00
412441472,MIN LIAN YU 61958,fishing,,412,China,中國,16,critical,19,15.7,2.8,0,eac-c2c;taiwan-matsu-no-4;taiwan-penghu-kinmen-matsu-no-2-tpkm2;taiwan-penghu-kinmen-matsu-no-3-tpkm3;taiwan-strait-express-1-tse-1,0.0,0,0,,,,,681.8,未觀測到靠港,26.4196,121.78271,eez,2026-09-22T05:12:21.147253+00:00
412441495,MINLIANYU60333,fishing,,412,China,中國,16,critical,4,7.2,2.9,0,taiwan-matsu-no-4;taiwan-penghu-kinmen-matsu-no-2-tpkm2;taiwan-penghu-kinmen-matsu-no-3-tpkm3;taiwan-strait-express-1-tse-1,0.0,0,0,,,,,339.1,未觀測到靠港,26.59428,120.817,eez,2026-09-04T04:48:11.480190+00:00
412441531,MINLIANYU61883,fishing,,412,China,中國,16,critical,7,5.0,0.3,3,taiwan-matsu-no-4;taiwan-penghu-kinmen-matsu-no-2-tpkm2;taiwan-penghu-kinmen-matsu-no-3-tpkm3;taiwan-strait-express-1-tse-1,0.0,0,0,,,,,276.9,未觀測到靠港,26.24445,120.71577,eez,2026-10-01T01:43:39.850879+00:00
412441561,MINLIANYU60080,fishing,,412,China,中國,16,critical,15,15.2,3.5,2,taiwan-matsu-no-4;taiwan-penghu-kinmen-matsu-no-2-tpkm2;taiwan-penghu-kinmen-matsu-no-3-tpkm3;taiwan-strait-express-1-tse-1,0.0,0,0,,,,,321.7,未觀測到靠港,26.36422,119.99433,eez,2026-10-01T01:43:39.850879+00:00
412441628,MINLIANYU60013,fishing,,412,China,中國,16,critical,27,14.3,3.6,3,taiwan-matsu-no-4;taiwan-penghu-kinmen-matsu-no-2-tpkm2;taiwan-penghu-kinmen-matsu-no-3-tpkm3;taiwan-strait-express-1-tse-1,0.0,0,0,,,,,293.5,未觀測到靠港,26.01975,120.35137,eez,2026-09-30T21:06:57.883108+00:00
412441631,MINLIANYU60005,fishing,,412,China,中國,16,critical,20,28.4,3.7,1,taiwan-matsu-no-4;taiwan-penghu-kinmen-matsu-no-3-tpkm3;taiwan-strait-express-1-tse-1,0.0,0,0,,,,,658.7,未觀測到靠港,26.3378,121.37974,eez,2026-09-20T09:54:18.045676+00:00
412441655,MINLIANYU60487,fishing,,412,China,中國,16,critical,14,5.2,3.4,1,taiwan-matsu-no-4;taiwan-penghu-kinmen-matsu-no-2-tpkm2;taiwan-penghu-kinmen-matsu-no-3-tpkm3;taiwan-strait-express-1-tse-1,0.0,0,0,泉州 Quanzhou,2026-09-03T00:53:07.140559+00:00,,,351.7,,24.4581,118.80402,eez,2026-09-18T09:56:57.204478+00:00
412441699,MIN LIAN YU 68888,fishing,,412,China,中國,16,critical,24,10.6,2.8,2,eac-c2c;taiwan-matsu-no-4;taiwan-penghu-kinmen-matsu-no-2-tpkm2;taiwan-penghu-kinmen-matsu-no-3-tpkm3;taiwan-strait-express-1-tse-1,0.0,0,0,,,,,566.7,未觀測到靠港,26.00997,120.71624,eez,2026-09-21T17:40:43.383432+00:00
412441837,MINLIANYU6093,fishing,,412,China,中國,16,critical,1,0,,0,taiwan-matsu-no-4;taiwan-penghu-kinmen-matsu-no-3-tpkm3;taiwan-strait-express-1-tse-1,0.0,0,0,,,,,299.9,未觀測到靠港,26.36313,119.92427,eez,2026-09-01T01:31:13.238497+00:00
412441888,MINLIANYU60014,fishing,,412,China,中國,16,critical,26,14.3,3.6,5,taiwan-matsu-no-4;taiwan-penghu-kinmen-matsu-no-2-tpkm2;taiwan-penghu-kinmen-matsu-no-3-tpkm3;taiwan-strait-express-1-tse-1,0.0,0,0,,,,,314.4,未觀測到靠港,26.01866,120.34857,eez,2026-09-30T21:06:57.883108+00:00
412441964,MINLIANYUYUN60087,fishing,,412,China,中國,16,critical,1,3.5,0.3,1,taiwan-penghu-kinmen-matsu-no-2-tpkm2;taiwan-penghu-kinmen-matsu-no-3-tpkm3,0.0,0,0,,,,,358.9,未觀測到靠港,26.42881,120.66821,eez,2026-09-05T03:57:25.117144+00:00
412441977,MINLIANYU61765,fishing,,412,China,中國,16,critical,19,7.2,3.1,2,eac-c2c;taiwan-matsu-no-4;taiwan-penghu-kinmen-matsu-no-2-tpkm2;taiwan-penghu-kinmen-matsu-no-3-tpkm3;taiwan-strait-express-1-tse-1,0.0,0,0,,,,,250.2,未觀測到靠港,25.92493,120.40882,eez,2026-09-28T04:53:26.717713+00:00
412442105,MINLIANYU68896,fishing,,412,China,中國,16,critical,19,15.4,1.7,0,eac-c2c;taiwan-matsu-no-4;taiwan-penghu-kinmen-matsu-no-2-tpkm2;taiwan-penghu-kinmen-matsu-no-3-tpkm3,0.0,0,0,,,,,628.4,未觀測到靠港,26.78794,121.81141,eez,2026-09-18T13:16:21.388960+00:00
412442128,MINLIANYU60562,fishing,,412,China,中國,16,critical,20,7.5,1.4,6,taiwan-matsu-no-4;taiwan-penghu-kinmen-matsu-no-3-tpkm3,0.0,0,0,,,,,321.7,未觀測到靠港,26.24248,120.62102,eez,2026-10-01T01:43:39.850879+00:00
412442238,MINLIANYUYUN60937,fishing,,412,China,中國,16,critical,24,20.2,0.9,8,taiwan-matsu-no-4;taiwan-penghu-kinmen-matsu-no-3-tpkm3,0.0,0,0,,,,,250.2,未觀測到靠港,26.16639,120.08688,eez,2026-09-28T04:53:26.717713+00:00
412442287,MINLIANYU60038,fishing,,412,China,中國,16,critical,11,10.1,3.4,3,taiwan-matsu-no-4;taiwan-penghu-kinmen-matsu-no-2-tpkm2;taiwan-penghu-kinmen-matsu-no-3-tpkm3;taiwan-strait-express-1-tse-1,0.0,0,0,,,,,700.6,未觀測到靠港,25.88286,120.8188,eez,2026-09-23T13:58:51.187032+00:00
412442306,MINLIANYU60905,fishing,,412,China,中國,16,critical,28,15.2,1.1,10,taiwan-matsu-no-4;taiwan-penghu-kinmen-matsu-no-3-tpkm3,0.0,0,0,,,,,322.3,未觀測到靠港,26.1073,120.03747,eez,2026-10-01T01:43:39.850879+00:00
412442336,MINLIANYU60010,fishing,,412,China,中國,16,critical,18,6.3,3.2,1,eac-c2c;taiwan-matsu-no-4;taiwan-penghu-kinmen-matsu-no-3-tpkm3;taiwan-strait-express-1-tse-1;trans-pacific-express-tpe-cable-system,0.0,0,0,,,,,628.4,未觀測到靠港,26.52719,121.37725,eez,2026-09-18T13:16:21.388960+00:00
412442348,MINLIANYU60927,fishing,,412,China,中國,16,critical,4,12.2,3.1,0,taiwan-matsu-no-4;taiwan-penghu-kinmen-matsu-no-2-tpkm2;taiwan-penghu-kinmen-matsu-no-3-tpkm3;taiwan-strait-express-1-tse-1,0.0,0,0,,,,,349.9,未觀測到靠港,26.24367,120.68298,eez,2026-09-04T15:36:37.054727+00:00
412442368,MINLIANYU61728,fishing,,412,China,中國,16,critical,19,18.9,2.9,9,taiwan-matsu-no-4;taiwan-penghu-kinmen-matsu-no-3-tpkm3;taiwan-strait-express-1-tse-1,0.0,0,0,,,,,314.1,未觀測到靠港,26.31873,119.8809,eez,2026-09-30T17:27:25.371366+00:00
412442386,MINLIANYU67777,fishing,,412,China,中國,16,critical,8,10.1,2.6,1,taiwan-matsu-no-4;taiwan-penghu-kinmen-matsu-no-2-tpkm2;taiwan-penghu-kinmen-matsu-no-3-tpkm3;taiwan-strait-express-1-tse-1,0.0,0,0,,,,,658.7,未觀測到靠港,26.42347,121.58765,eez,2026-09-20T09:54:18.045676+00:00
412442435,MINLIANYU60022,fishing,,412,China,中國,16,critical,6,15.7,3.0,3,taiwan-matsu-no-4;taiwan-penghu-kinmen-matsu-no-2-tpkm2;taiwan-penghu-kinmen-matsu-no-3-tpkm3;taiwan-strait-express-1-tse-1,0.0,0,0,,,,,373.2,未觀測到靠港,25.85637,120.32904,eez,2026-09-06T14:46:16.922285+00:00
412442489,MINCHANGYU23038,fishing,,412,China,中國,16,critical,19,38.4,1.1,0,taiwan-matsu-no-4;taiwan-penghu-kinmen-matsu-no-3-tpkm3;taiwan-strait-express-1-tse-1,0.0,0,0,閩江口錨地 Minjiangkou,2026-09-03T18:14:46.249326+00:00,,,365.4,,25.81607,119.94191,eez,2026-09-19T15:11:46.365307+00:00
412442513,MINCHANGYU23326,fishing,,412,China,中國,16,critical,4,8.8,0.2,0,taiwan-strait-express-1-tse-1,0.0,0,0,,,,,375.5,未觀測到靠港,25.88877,119.71932,eez,2026-09-06T22:39:12.217794+00:00
412442963,MINLIANYU69998,fishing,,412,China,中國,16,critical,8,11.8,2.0,3,taiwan-matsu-no-4;taiwan-penghu-kinmen-matsu-no-2-tpkm2;taiwan-penghu-kinmen-matsu-no-3-tpkm3;taiwan-strait-express-1-tse-1,0.0,0,0,,,,,315.9,未觀測到靠港,26.11545,120.87197,eez,2026-10-01T01:43:39.850879+00:00
412443024,MINCHANGYU23165,fishing,,412,China,中國,16,critical,16,3.8,1.7,0,taiwan-matsu-no-4;taiwan-penghu-kinmen-matsu-no-3-tpkm3;taiwan-strait-express-1-tse-1,0.0,0,0,閩江口錨地 Minjiangkou,2026-09-06T20:57:13.599682+00:00,閩江口錨地 Minjiangkou,2026-09-17T16:03:57.751884+00:00,244.8,,26.04815,119.59778,eez,2026-09-17T16:03:57.751884+00:00
412443229,MINLIANYU60916,fishing,,412,China,中國,16,critical,8,18.8,0.7,8,taiwan-matsu-no-4;taiwan-penghu-kinmen-matsu-no-3-tpkm3,0.0,0,0,,,,,321.7,未觀測到靠港,26.16917,120.09843,eez,2026-10-01T01:43:39.850879+00:00
412443289,MINLIANYU60286,fishing,,412,China,中國,16,critical,23,9.8,3.0,2,eac-c2c;taiwan-matsu-no-4;taiwan-penghu-kinmen-matsu-no-2-tpkm2;taiwan-penghu-kinmen-matsu-no-3-tpkm3;taiwan-strait-express-1-tse-1,0.0,0,0,,,,,710.6,未觀測到靠港,25.6887,120.55903,eez,2026-09-24T04:15:53.594592+00:00
412443321,MINLIANYU60224,fishing,,412,China,中國,16,critical,14,4.0,2.5,1,taiwan-matsu-no-4;taiwan-penghu-kinmen-matsu-no-2-tpkm2;taiwan-penghu-kinmen-matsu-no-3-tpkm3;taiwan-strait-express-1-tse-1,0.0,0,0,,,,,654.6,未觀測到靠港,26.32016,120.05847,eez,2026-09-24T04:15:53.594592+00:00
412443513,MINLIANYU60967,fishing,,412,China,中國,16,critical,18,18.3,2.7,0,taiwan-matsu-no-4;taiwan-penghu-kinmen-matsu-no-3-tpkm3;taiwan-strait-express-1-tse-1,0.0,0,0,,,,,625.5,未觀測到靠港,26.36587,121.14752,eez,2026-09-17T18:42:40.833805+00:00
412443541,MINLIANYU60485,fishing,,412,China,中國,16,critical,12,18.9,1.1,6,taiwan-penghu-kinmen-matsu-no-3-tpkm3,0.0,0,0,,,,,314.4,未觀測到靠港,26.26915,120.16033,eez,2026-09-30T21:06:57.883108+00:00
412443550,AN ZHOU JIN  CHENG,cargo,,412,China,中國,16,critical,9,0,,0,taiwan-penghu-kinmen-matsu-no-2-tpkm2;taiwan-penghu-kinmen-matsu-no-3-tpkm3;taiwan-strait-express-1-tse-1,0.0,0,0,廈門 Xiamen,2026-09-28T05:38:32.696519+00:00,廈門 Xiamen,2026-09-30T12:50:48.525202+00:00,39.5,,24.446787,118.008823,eez,2026-10-01T01:43:39.850879+00:00
412444159,MIN LONG YU 61882,fishing,,412,China,中國,16,critical,21,4.5,1.8,0,taiwan-penghu-kinmen-matsu-no-2-tpkm2;taiwan-penghu-kinmen-matsu-no-3-tpkm3,0.0,0,0,,,,,659.1,未觀測到靠港,25.31513,120.04163,eez,2026-09-20T15:16:51.207587+00:00
412444201,00C,fishing,,412,China,中國,16,critical,14,9.5,3.2,5,taiwan-penghu-kinmen-matsu-no-3-tpkm3,0.0,0,0,,,,,209.3,未觀測到靠港,24.24806,118.46052,eez,2026-09-26T18:11:05.265483+00:00
412444273,MINLONGYU09857,fishing,,412,China,中國,16,critical,26,6.8,2.1,0,taiwan-penghu-kinmen-matsu-no-2-tpkm2;taiwan-penghu-kinmen-matsu-no-3-tpkm3,0.0,0,0,,,,,174.3,未觀測到靠港,24.39561,118.57297,eez,2026-09-27T04:51:19.105185+00:00
412444288,63895,fishing,,412,China,中國,16,critical,4,9.0,1.5,1,taiwan-penghu-kinmen-matsu-no-2-tpkm2,0.0,0,0,,,,,322.3,未觀測到靠港,24.21071,118.3206,eez,2026-10-01T01:43:39.850879+00:00
412444396,MINLIANYU60269,fishing,,412,China,中國,16,critical,23,13.2,3.5,2,eac-c2c;taiwan-matsu-no-4;taiwan-penghu-kinmen-matsu-no-2-tpkm2;taiwan-penghu-kinmen-matsu-no-3-tpkm3;taiwan-strait-express-1-tse-1,0.0,0,0,,,,,708.7,未觀測到靠港,25.50984,120.51346,eez,2026-09-24T04:15:53.594592+00:00
412444405,MINLONGYU09813,fishing,,412,China,中國,16,critical,9,13.5,1.9,2,cross-straits-cable-network;taiwan-penghu-kinmen-matsu-no-2-tpkm2;taiwan-penghu-kinmen-matsu-no-3-tpkm3,0.0,0,0,大嶝/圍頭灣 Weitou,2026-09-30T01:46:05.920397+00:00,,,12.9,,24.29853,118.44139,eez,2026-10-01T01:43:39.850879+00:00
412444525,61152,fishing,,412,China,中國,16,critical,1,9.6,3.4,0,taiwan-penghu-kinmen-matsu-no-2-tpkm2;taiwan-penghu-kinmen-matsu-no-3-tpkm3,0.0,0,0,,,,,314.3,未觀測到靠港,24.34853,118.75153,eez,2026-09-01T15:55:52.992796+00:00
412444665,09873,fishing,,412,China,中國,16,critical,2,0,,0,taiwan-penghu-kinmen-matsu-no-3-tpkm3,0.0,0,0,廈門 Xiamen,2026-09-04T00:32:15.198838+00:00,,,385.1,,24.26366,118.31188,eez,2026-09-20T05:05:13.918990+00:00
412444733,62688,fishing,,412,China,中國,16,critical,17,15.0,2.9,9,taiwan-penghu-kinmen-matsu-no-2-tpkm2;taiwan-penghu-kinmen-matsu-no-3-tpkm3,0.0,0,0,,,,,253.5,未觀測到靠港,24.30319,118.55205,eez,2026-09-28T04:53:26.717713+00:00
412444744,62689,unknown,,412,China,中國,16,critical,10,15.0,2.7,8,taiwan-penghu-kinmen-matsu-no-2-tpkm2;taiwan-penghu-kinmen-matsu-no-3-tpkm3,0.0,0,0,,,,,301.8,未觀測到靠港,24.2766,118.52841,eez,2026-09-30T05:08:22.673426+00:00
412444765,MINLONGYU62168,fishing,,412,China,中國,16,critical,18,3.3,2.8,1,taiwan-penghu-kinmen-matsu-no-3-tpkm3,0.0,0,0,廈門 Xiamen,2026-09-04T09:46:09.453323+00:00,,,392.1,,24.00662,118.38327,eez,2026-09-20T21:08:32.217333+00:00
412444872,MINLIANYU61968,fishing,,412,China,中國,16,critical,30,9.6,0.4,8,taiwan-matsu-no-4;taiwan-penghu-kinmen-matsu-no-2-tpkm2;taiwan-penghu-kinmen-matsu-no-3-tpkm3;taiwan-strait-express-1-tse-1,0.0,0,0,,,,,312.8,未觀測到靠港,26.05656,119.80561,eez,2026-10-01T01:43:39.850879+00:00
412444922,MINLONGYU61819,fishing,,412,China,中國,16,critical,8,14.1,3.8,2,taiwan-penghu-kinmen-matsu-no-3-tpkm3,0.0,0,0,,,,,698.4,未觀測到靠港,24.10079,118.67974,eez,2026-09-23T04:20:01.078375+00:00
412444925,MIN LIAN YU61503,fishing,,412,China,中國,16,critical,2,0.3,,0,taiwan-matsu-no-4;taiwan-penghu-kinmen-matsu-no-3-tpkm3;taiwan-strait-express-1-tse-1,0.0,0,0,,,,,315.3,未觀測到靠港,25.82935,120.36873,eez,2026-09-02T00:40:45.000416+00:00
412444941,MIN LONG YU 60375,fishing,,412,China,中國,16,critical,14,3.9,3.4,3,taiwan-penghu-kinmen-matsu-no-2-tpkm2;taiwan-penghu-kinmen-matsu-no-3-tpkm3,0.0,0,0,,,,,618.0,未觀測到靠港,24.06921,118.79589,eez,2026-09-23T04:56:38.976277+00:00
412444982,MINLIANYU66577,fishing,,412,China,中國,16,critical,16,17.9,3.1,5,eac-c2c;taiwan-matsu-no-4;taiwan-penghu-kinmen-matsu-no-2-tpkm2;taiwan-penghu-kinmen-matsu-no-3-tpkm3;taiwan-strait-express-1-tse-1,0.0,0,0,,,,,309.5,未觀測到靠港,26.49829,121.241258,eez,2026-09-29T13:10:56.347005+00:00
412445077,MINLONGYU61678,fishing,,412,China,中國,16,critical,2,2.3,,0,taiwan-penghu-kinmen-matsu-no-2-tpkm2;taiwan-penghu-kinmen-matsu-no-3-tpkm3,0.0,0,0,,,,,680.5,未觀測到靠港,24.21718,118.60678,eez,2026-09-21T17:40:43.383432+00:00
412445112,MIN LONG YU YUN60855,fishing,,412,China,中國,16,critical,1,0,,0,taiwan-penghu-kinmen-matsu-no-3-tpkm3,0.0,0,0,廈門 Xiamen,2026-09-19T00:48:37.887228+00:00,,,72.2,,24.04291,118.44624,eez,2026-09-22T04:22:57.752949+00:00
412445167,MINLONGYUYUN60856,fishing,,412,China,中國,16,critical,1,0,,0,taiwan-penghu-kinmen-matsu-no-3-tpkm3,0.0,0,0,,,,,375.5,未觀測到靠港,24.32286,118.11409,eez,2026-09-06T22:39:12.217794+00:00
412445282,MIN LIAN YU60252,fishing,,412,China,中國,16,critical,9,10.1,1.7,2,taiwan-matsu-no-4;taiwan-penghu-kinmen-matsu-no-2-tpkm2;taiwan-penghu-kinmen-matsu-no-3-tpkm3;taiwan-strait-express-1-tse-1,0.0,0,0,,,,,321.7,未觀測到靠港,26.31372,120.05374,eez,2026-10-01T01:43:39.850879+00:00
412445497,MIN LONG YU61029,fishing,,412,China,中國,16,critical,8,0,,0,taiwan-penghu-kinmen-matsu-no-3-tpkm3,0.0,0,0,,,,,220.6,未觀測到靠港,24.32262,118.11991,eez,2026-09-27T05:29:23.388990+00:00
412445501,MINLIANYU60965,fishing,,412,China,中國,16,critical,16,12.2,2.8,1,eac-c2c;taiwan-matsu-no-4;taiwan-penghu-kinmen-matsu-no-2-tpkm2;taiwan-penghu-kinmen-matsu-no-3-tpkm3;taiwan-strait-express-1-tse-1,0.0,0,0,,,,,300.5,未觀測到靠港,26.21533,120.56705,eez,2026-10-01T01:43:39.850879+00:00
412445693,MINLONGYU63856,fishing,,412,China,中國,16,critical,18,9.7,1.3,3,taiwan-penghu-kinmen-matsu-no-2-tpkm2;taiwan-penghu-kinmen-matsu-no-3-tpkm3,0.0,0,0,,,,,256.4,未觀測到靠港,24.56204,118.70683,eez,2026-09-28T17:15:48.842445+00:00
412446197,MINZHANGYU60098,fishing,,412,China,中國,16,critical,11,0,,0,apcn-2,0.0,0,0,,,,,375.6,未觀測到靠港,23.19361,117.42413,eez,2026-09-07T04:03:02.203275+00:00
412446582,MINLONGYU63088,fishing,,412,China,中國,16,critical,4,6.1,0.7,1,taiwan-penghu-kinmen-matsu-no-2-tpkm2;taiwan-penghu-kinmen-matsu-no-3-tpkm3,0.0,0,0,,,,,315.9,未觀測到靠港,24.17988,118.29313,eez,2026-10-01T01:43:39.850879+00:00
412447648,MIN LIAN YU 60478,fishing,,412,China,中國,16,critical,11,6.1,2.6,0,eac-c2c;taiwan-matsu-no-4;taiwan-penghu-kinmen-matsu-no-2-tpkm2;taiwan-penghu-kinmen-matsu-no-3-tpkm3;taiwan-strait-express-1-tse-1,0.0,0,0,,,,,613.0,未觀測到靠港,26.06273,120.93549,eez,2026-09-23T15:57:04.675481+00:00
412447661,MINLIANYU66555,fishing,,412,China,中國,16,critical,21,8.0,2.6,5,taiwan-matsu-no-4;taiwan-penghu-kinmen-matsu-no-2-tpkm2;taiwan-penghu-kinmen-matsu-no-3-tpkm3;taiwan-strait-express-1-tse-1,0.0,0,0,,,,,672.2,未觀測到靠港,26.64744,121.60609,eez,2026-09-21T04:27:30.978051+00:00
412447673,MINLIANYU68999,fishing,,412,China,中國,16,critical,7,8.0,2.9,0,taiwan-matsu-no-4;taiwan-penghu-kinmen-matsu-no-2-tpkm2;taiwan-penghu-kinmen-matsu-no-3-tpkm3;taiwan-strait-express-1-tse-1,0.0,0,0,,,,,377.4,未觀測到靠港,25.95245,120.78048,eez,2026-09-07T00:30:10.743445+00:00
412447678,01298,fishing,,412,China,中國,16,critical,25,14.1,3.1,4,eac-c2c;taiwan-matsu-no-4;taiwan-penghu-kinmen-matsu-no-2-tpkm2;taiwan-penghu-kinmen-matsu-no-3-tpkm3;taiwan-strait-express-1-tse-1,0.0,0,0,,,,,319.0,未觀測到靠港,25.90222,120.69743,eez,2026-10-01T01:43:39.850879+00:00
412448681,MINLIANYU60956,fishing,,412,China,中國,16,critical,6,26.4,3.4,2,taiwan-matsu-no-4;taiwan-penghu-kinmen-matsu-no-2-tpkm2;taiwan-penghu-kinmen-matsu-no-3-tpkm3;taiwan-strait-express-1-tse-1,0.0,0,0,,,,,613.0,未觀測到靠港,25.70847,120.55499,eez,2026-09-23T15:57:04.675481+00:00
412451090,GOLDEN PINE,tanker,,412,China,中國,16,critical,21,0,,0,taiwan-strait-express-1-tse-1,0.0,0,0,閩江口錨地 Minjiangkou,2026-08-17T05:04:35.473703+00:00,福州馬尾 Fuzhou-Mawei,2026-08-20T05:53:01.460793+00:00,71.1,,25.996208,119.474102,eez,2026-08-20T08:02:10.021418+00:00
412451435,MIN QUAN TAI YU06656,fishing,,412,China,中國,16,critical,1,0.5,,0,taiwan-penghu-kinmen-matsu-no-2-tpkm2,0.0,0,0,,,,,308.7,未觀測到靠港,24.80732,118.84408,eez,2026-09-03T03:58:51.917263+00:00
412451946,MIN SHI YU 06959,fishing,,412,China,中國,16,critical,23,5.1,2.8,3,e2a;eac-c2c;southeast-asia-japan-cable-2-sjc2;taiwan-matsu-no-4;taiwan-penghu-kinmen-matsu-no-2-tpkm2;taiwan-penghu-kinmen-matsu-no-3-tpkm3;taiwan-strait-express-1-tse-1;trans-pacific-express-tpe-cable-system,0.0,0,0,,,,,564.8,未觀測到靠港,25.9561,121.55268,eez,2026-09-20T17:48:31.226510+00:00
412452595,MINHUIYU01928,fishing,,412,China,中國,16,critical,2,0,,0,taiwan-penghu-kinmen-matsu-no-2-tpkm2;taiwan-penghu-kinmen-matsu-no-3-tpkm3,0.0,0,0,,,,,617.4,未觀測到靠港,24.74821,119.29087,eez,2026-09-23T04:56:38.976277+00:00
412454290,XIN RONG HAI 3,cargo,,412,China,中國,16,critical,10,0,,0,apcn-2;taiwan-penghu-kinmen-matsu-no-2-tpkm2;taiwan-penghu-kinmen-matsu-no-3-tpkm3;taiwan-strait-express-1-tse-1,0.0,0,0,汕頭港外 Shantou-appr,2026-08-21T05:54:15.565293+00:00,,,735.8,,23.750763,117.741773,eez,2026-09-22T05:12:21.147253+00:00
412459820,XING TONG 16,tanker,,412,China,中國,16,critical,8,0,,0,apcn-2;taiwan-penghu-kinmen-matsu-no-3-tpkm3;taiwan-strait-express-1-tse-1,0.0,0,0,閩江口錨地 Minjiangkou,2026-08-20T01:56:34.314431+00:00,,,804.9,,25.361223,119.382253,eez,2026-09-22T16:06:50.564489+00:00
412459969,MINLIANYU60795,fishing,,412,China,中國,16,critical,11,8.8,0.8,1,taiwan-matsu-no-4;taiwan-penghu-kinmen-matsu-no-3-tpkm3,0.0,0,0,,,,,317.1,未觀測到靠港,26.06948,120.33763,eez,2026-09-30T21:06:57.883108+00:00
412460196,YUERAOYU45805,fishing,,412,China,中國,16,critical,4,3.4,3.5,2,apcn-2;seamewe-3;southeast-asia-japan-cable-sjc,0.0,0,0,汕頭港外 Shantou-appr,2026-09-29T17:29:56.900968+00:00,,,8.6,,23.12837,116.88876,eez,2026-09-30T05:46:06.800354+00:00
412460252,YUERAOYU45207,fishing,,412,China,中國,16,critical,7,4.5,2.8,5,apcn-2;seamewe-3,0.0,0,0,,,,,289.6,未觀測到靠港,23.22176,116.89412,eez,2026-09-30T05:46:06.800354+00:00
412460818,YUERAOYU46111,fishing,,412,China,中國,16,critical,9,4.1,3.2,7,apcn-2;seamewe-3,0.0,0,0,,,,,288.9,未觀測到靠港,23.19548,116.86293,eez,2026-09-30T01:46:05.920397+00:00
