mmsi,name,vessel_type,gov_category,flag_mid,flag_en,flag_zh,max_risk_score,risk_level,days_seen,cable_loiter_hours,cable_loiter_avg_speed_kn,cable_loiter_events,cables_nearby,offshore_loiter_days,non_top10_flag,sanctioned,departure_port,departure_time_utc,arrival_port,arrival_time_utc,time_at_sea_hours,time_at_sea_note,last_lat,last_lon,last_zone,last_seen_utc
106000000,KKK,cargo,,106,Unknown,未知,31,critical,2,4.0,0.4,1,apcn-2;e2a;taiwan-penghu-kinmen-matsu-no-2-tpkm2;taiwan-penghu-kinmen-matsu-no-3-tpkm3,12.5,1,0,風櫃西漁港 Fenggui_W,2026-08-31T01:00:40.959031+00:00,,,3.1,,23.721122,119.557328,internal_waters,2026-09-01T04:37:22.691006+00:00
412522610,YING HAI 59,cargo,,412,China,中國,30,critical,2,66.8,0.3,6,taiwan-penghu-kinmen-matsu-no-2-tpkm2;taiwan-penghu-kinmen-matsu-no-3-tpkm3,0.0,0,0,廈門 Xiamen,2026-08-28T10:54:45.526448+00:00,,,89.1,,24.339198,119.219198,eez,2026-09-01T04:37:22.691006+00:00
413000000,SAI YANG DIAN ZI,cargo,,413,China,中國,28,critical,2,5.8,1.7,2,asia-pacific-gateway-apg;flag-north-asia-loopreach-north-asia-loop;h2-cable;taiwan-penghu-kinmen-matsu-no-2-tpkm2;taiwan-strait-express-1-tse-1,0.0,0,0,中柱漁港 Zhongzhu,2026-08-25T03:24:02.425571+00:00,,,168.5,,26.247335,119.804867,eez,2026-09-01T04:37:22.691006+00:00
350179000,MMSI-350179000,tanker,,350,Unknown,未知,27,critical,2,7.3,1.4,5,apcn-2;seamewe-3;southeast-asia-japan-cable-sjc;taiwan-penghu-kinmen-matsu-no-3-tpkm3,0.0,1,1,,,,,559.3,未觀測到靠港,23.150108,118.4505,eez,2026-09-01T04:37:22.691006+00:00
100900000,HOSM AIS TEST SHIP,cargo,,100,Unknown,未知,26,critical,2,18.8,3.0,1,apcn-2;eac-c2c;faster;southeast-asia-japan-cable-2-sjc2;taiwan-penghu-kinmen-matsu-no-2-tpkm2;taiwan-penghu-kinmen-matsu-no-3-tpkm3,0.0,1,0,台中港 Taichung,2026-08-31T16:32:04.528899+00:00,台中港 Taichung,2026-08-31T21:41:57.448444+00:00,0.0,,24.29187,120.522898,internal_waters,2026-09-01T04:37:22.691006+00:00
412466829,66829,unknown,,412,China,中國,26,critical,2,9.8,3.6,3,taiwan-penghu-kinmen-matsu-no-3-tpkm3,0.0,0,0,,,,,307.6,未觀測到靠港,24.2996,118.62347,eez,2026-09-01T04:37:22.691006+00:00
200042240,MMSI-200042240,cargo,,200,Unknown,未知,25,critical,2,5.8,2.3,2,apcn-2;asia-united-gateway-east-aug-east;flag-north-asia-loopreach-north-asia-loop;seamewe-3,0.0,1,0,蘇澳港 Suao,2026-08-31T01:00:40.959031+00:00,,,23.6,,24.127263,121.667447,internal_waters,2026-09-01T04:37:22.691006+00:00
357817958,MMSI-357817958,cargo,,357,Panama,巴拿馬,25,critical,2,0,,0,taiwan-penghu-kinmen-matsu-no-2-tpkm2;taiwan-penghu-kinmen-matsu-no-3-tpkm3,0.0,0,0,,,,,333.7,未觀測到靠港,24.926985,119.395713,eez,2026-08-30T05:34:21.607312+00:00
412906383,XINGHAI95,cargo,,412,China,中國,25,critical,2,6.1,1.6,2,taiwan-matsu-no-4;taiwan-penghu-kinmen-matsu-no-3-tpkm3;taiwan-strait-express-1-tse-1,0.0,0,0,青帆漁港 Qingfan,2026-08-27T08:42:36.751075+00:00,,,11.3,,26.071248,119.965247,eez,2026-08-29T18:01:43.259492+00:00
608683405,83405,cargo,,608,Unknown,未知,25,critical,2,6.8,4.0,1,taiwan-penghu-kinmen-matsu-no-3-tpkm3;taiwan-strait-express-1-tse-1,0.0,1,0,,,,,146.2,未觀測到靠港,25.898482,119.709035,eez,2026-08-22T07:06:41.885734+00:00
620999902,.MAGICIAN  66,cargo,,620,Comoros,葛摩,25,critical,2,59.8,2.4,4,eac-c2c;taiwan-penghu-kinmen-matsu-no-2-tpkm2;taiwan-penghu-kinmen-matsu-no-3-tpkm3;taiwan-strait-express-1-tse-1;trans-pacific-express-tpe-cable-system,0.0,1,0,,,,,559.3,未觀測到靠港,22.756105,120.152333,internal_waters,2026-09-01T04:37:22.691006+00:00
671368100,LEONA NO.2,tanker,,671,Togo,多哥,24,critical,2,4.9,4.3,1,taiwan-penghu-kinmen-matsu-no-2-tpkm2;taiwan-penghu-kinmen-matsu-no-3-tpkm3,23.1,1,0,,,,,559.3,未觀測到靠港,22.737562,120.056953,internal_waters,2026-09-01T04:37:22.691006+00:00
412440140,SEYCHELLESPROSPERITY,tanker,,412,China,中國,23,critical,2,4.0,3.1,1,apcn-2;taiwan-penghu-kinmen-matsu-no-2-tpkm2;taiwan-penghu-kinmen-matsu-no-3-tpkm3,0.0,0,0,廈門 Xiamen,2026-08-25T11:18:15.165846+00:00,廈門 Xiamen,2026-08-28T05:01:48.482487+00:00,57.0,,24.414428,118.085572,eez,2026-08-28T05:01:48.482487+00:00
412444744,62689,unknown,,412,China,中國,23,critical,2,4.0,2.8,1,taiwan-penghu-kinmen-matsu-no-3-tpkm3,0.0,0,0,,,,,307.6,未觀測到靠港,24.24676,118.62315,eez,2026-09-01T04:37:22.691006+00:00
413701510,XIANG YANG HONG 03,research,research,413,China,中國,23,critical,2,5.9,1.5,2,apcn-2;asia-united-gateway-east-aug-east;eac-c2c;flag-north-asia-loopreach-north-asia-loop;h2-cable,0.0,0,0,,,廈門 Xiamen,2026-08-31T21:41:57.448444+00:00,245.0,,24.4261,118.05339,eez,2026-09-01T01:31:13.238497+00:00
413875017,CHINACOASTGUARD1306,coastguard,coastguard,413,China,中國,23,critical,2,0,,0,apcn-2;eac-c2c;flag-north-asia-loopreach-north-asia-loop;h2-cable,0.0,0,0,,,,,297.2,未觀測到靠港,23.16548,122.16443,eez,2026-08-31T14:11:41.168860+00:00
416008883,XIAN XIN,cargo,,416,Taiwan,台灣,23,critical,1,7.4,0.0,3,eac-c2c;taiwan-penghu-kinmen-matsu-no-2-tpkm2;taiwan-penghu-kinmen-matsu-no-3-tpkm3,0.0,0,0,廈門 Xiamen,2026-08-29T07:12:39.299265+00:00,復國墩漁港 Fuguodun,2026-08-31T01:00:40.959031+00:00,29.0,,24.407382,118.42493,eez,2026-08-31T04:58:30.564755+00:00
416168800,RONG BANG NO 5,special,,416,Taiwan,台灣,23,critical,2,59.5,0.2,5,taiwan-penghu-kinmen-matsu-no-3-tpkm3;taiwan-strait-express-1-tse-1,0.0,0,0,青帆漁港 Qingfan,2026-08-28T05:01:48.482487+00:00,,,69.9,,26.20469,119.967335,eez,2026-09-01T04:37:22.691006+00:00
477957600,DONG FANG XIAMEN,cargo,,477,Hong Kong,香港,23,critical,2,4.1,0.0,1,eac-c2c;taiwan-penghu-kinmen-matsu-no-2-tpkm2;taiwan-penghu-kinmen-matsu-no-3-tpkm3;taiwan-strait-express-1-tse-1,0.0,0,0,福州馬尾 Fuzhou-Mawei,2026-09-01T01:31:13.238497+00:00,,,0.0,,26.0302,119.830683,eez,2026-09-01T04:37:22.691006+00:00
574006350,MMSI-574006350,tanker,,574,Vietnam,越南,23,critical,2,54.5,1.8,2,eac-c2c;taiwan-matsu-no-4;taiwan-penghu-kinmen-matsu-no-3-tpkm3;taiwan-strait-express-1-tse-1;trans-pacific-express-tpe-cable-system,0.0,1,0,,,,,151.5,未觀測到靠港,22.82361,117.678733,eez,2026-08-15T04:53:28.629700+00:00
200041726,MMSI-200041726,cargo,,200,Unknown,未知,22,critical,2,3.5,1.4,1,taiwan-penghu-kinmen-matsu-no-3-tpkm3,1.1,1,0,講美漁港 Jiangmei,2026-08-26T08:05:51.405078+00:00,,,0.0,,23.757428,119.561433,internal_waters,2026-08-27T04:09:01.110749+00:00
412441638,MINLIANYUYUN60430,cargo,,412,China,中國,22,critical,2,5.5,2.6,1,taiwan-matsu-no-4;taiwan-penghu-kinmen-matsu-no-3-tpkm3;taiwan-strait-express-1-tse-1,0.0,0,0,,,,,281.7,未觀測到靠港,26.37815,119.95677,eez,2026-08-31T04:58:30.564755+00:00
412442346,MINLIANYU60322,cargo,,412,China,中國,22,critical,2,18.1,3.4,5,taiwan-matsu-no-4;taiwan-penghu-kinmen-matsu-no-3-tpkm3;taiwan-strait-express-1-tse-1,0.0,0,0,,,,,307.6,未觀測到靠港,25.91801,120.08498,eez,2026-09-01T04:37:22.691006+00:00
412442398,MINLIANYUYUN65387,cargo,,412,China,中國,22,critical,2,4.2,3.4,1,taiwan-matsu-no-4;taiwan-penghu-kinmen-matsu-no-2-tpkm2;taiwan-penghu-kinmen-matsu-no-3-tpkm3,0.0,0,0,,,,,268.4,未觀測到靠港,26.30842,120.07603,eez,2026-08-30T21:44:18.641860+00:00
413005665,SHUNXING056,cargo,,413,China,中國,22,critical,2,3.5,2.3,2,taiwan-strait-express-1-tse-1,0.0,0,0,,,,,346.7,未觀測到靠港,26.176103,119.762987,eez,2026-08-30T14:06:31.206236+00:00
413276610,NANHANG757,cargo,,413,China,中國,22,critical,2,15.5,0.9,1,taiwan-penghu-kinmen-matsu-no-2-tpkm2;taiwan-penghu-kinmen-matsu-no-3-tpkm3;taiwan-strait-express-1-tse-1,0.0,0,0,湄洲灣泉港 Meizhouwan,2026-08-25T19:28:24.092970+00:00,,,99.6,,23.530005,117.41812,eez,2026-08-30T00:54:50.080310+00:00
413332760,HUI DE,cargo,,413,China,中國,22,critical,2,8.4,1.5,1,apcn-2;eac-c2c;taiwan-penghu-kinmen-matsu-no-2-tpkm2;taiwan-penghu-kinmen-matsu-no-3-tpkm3;taiwan-strait-express-1-tse-1;trans-pacific-express-tpe-cable-system,0.0,0,0,高雄港 Kaohsiung,2026-08-30T14:06:31.206236+00:00,,,26.7,,25.331253,121.362985,territorial_sea,2026-08-31T18:36:53.316921+00:00
413405390,ZHONG HAI YOU 698,tanker,,413,China,中國,22,critical,2,8.8,0.8,1,taiwan-penghu-kinmen-matsu-no-2-tpkm2;taiwan-penghu-kinmen-matsu-no-3-tpkm3;taiwan-strait-express-1-tse-1,0.0,0,0,閩江口錨地 Minjiangkou,2026-08-24T07:34:00.582328+00:00,,,154.4,,26.449618,119.907093,eez,2026-08-31T21:41:57.448444+00:00
413875037,CHINACOASTGUARD2305,coastguard,coastguard,413,China,中國,22,critical,2,0,,0,taiwan-penghu-kinmen-matsu-no-2-tpkm2;taiwan-penghu-kinmen-matsu-no-3-tpkm3;taiwan-strait-express-1-tse-1,0.0,0,0,,,,,66.1,未觀測到靠港,25.7577,120.36907,eez,2026-08-28T11:34:06.990542+00:00
461000231,ZALIV ANIVA,tanker,,461,Oman,阿曼,22,critical,2,7.6,1.0,3,apcn-2;candle;eac-c2c;flag-north-asia-loopreach-north-asia-loop;seamewe-3,0.0,1,1,,,,,75.7,未觀測到靠港,23.780093,122.913942,eez,2026-08-12T03:01:44.258989+00:00
477630400,A KEIGA,cargo,,477,Hong Kong,香港,22,critical,2,9.1,0.0,1,eac-c2c;taiwan-penghu-kinmen-matsu-no-2-tpkm2;taiwan-penghu-kinmen-matsu-no-3-tpkm3;taiwan-strait-express-1-tse-1,0.0,0,0,福州馬尾 Fuzhou-Mawei,2026-08-30T12:03:28.899785+00:00,,,38.5,,25.165048,121.392425,internal_waters,2026-09-01T04:37:22.691006+00:00
563062700,ALS VENUS,cargo,,563,Singapore,新加坡,22,critical,2,3.1,1.1,1,apcn-2;eac-c2c;southeast-asia-japan-cable-2-sjc2;taiwan-penghu-kinmen-matsu-no-2-tpkm2;taiwan-penghu-kinmen-matsu-no-3-tpkm3;trans-pacific-express-tpe-cable-system,0.0,0,0,台中港 Taichung,2026-08-21T19:19:16.495479+00:00,,,9.9,,22.988268,117.255865,eez,2026-08-22T07:06:41.885734+00:00
563223600,MAERSK EL BANCO,cargo,,563,Singapore,新加坡,22,critical,2,32.3,1.0,5,eac-c2c;taiwan-penghu-kinmen-matsu-no-2-tpkm2;trans-pacific-express-tpe-cable-system,5.5,0,0,廈門 Xiamen,2026-08-23T05:51:54.225811+00:00,,,6.3,,23.195663,117.740982,eez,2026-08-23T13:25:34.381599+00:00
620999966,HAI XIN,cargo,,620,Comoros,葛摩,22,critical,2,120.8,0.2,1,taiwan-penghu-kinmen-matsu-no-3-tpkm3,23.1,1,0,,,,,559.3,未觀測到靠港,22.709492,120.145567,internal_waters,2026-09-01T04:37:22.691006+00:00
636023931,EASTERN TRITON,tanker,,636,Liberia,賴比瑞亞,22,critical,2,6.0,1.0,2,apcn-2;asia-united-gateway-east-aug-east;eac-c2c;flag-north-asia-loopreach-north-asia-loop;taiwan-penghu-kinmen-matsu-no-2-tpkm2;taiwan-penghu-kinmen-matsu-no-3-tpkm3,0.0,0,0,小港臨海新村漁港 Xiaogang,2026-08-22T04:56:00.766998+00:00,,,5.4,,21.586033,120.3954,eez,2026-08-22T11:12:44.228424+00:00
636093166,AL DHAIL,cargo,,636,Liberia,賴比瑞亞,22,critical,2,16.1,2.3,1,flag-north-asia-loopreach-north-asia-loop;seamewe-3;taiwan-penghu-kinmen-matsu-no-2-tpkm2,0.0,0,0,,,,,310.6,未觀測到靠港,22.106487,119.572813,eez,2026-08-21T08:02:28.875662+00:00
677016400,ADA,cargo,,677,Tanzania,坦尚尼亞,22,critical,2,6.5,2.2,1,eac-c2c;taiwan-penghu-kinmen-matsu-no-2-tpkm2;taiwan-penghu-kinmen-matsu-no-3-tpkm3;trans-pacific-express-tpe-cable-system,0.0,1,0,,,,,559.3,未觀測到靠港,22.771662,120.1452,internal_waters,2026-09-01T04:37:22.691006+00:00
357057000,GOLDEN TIDE,tanker,,357,Panama,巴拿馬,21,critical,2,7.6,2.9,1,taiwan-matsu-no-4;taiwan-penghu-kinmen-matsu-no-2-tpkm2;taiwan-penghu-kinmen-matsu-no-3-tpkm3;taiwan-strait-express-1-tse-1;trans-pacific-express-tpe-cable-system,0.0,0,0,,,,,253.9,未觀測到靠港,24.518263,120.204468,territorial_sea,2026-08-23T04:07:26.915880+00:00
412441873,MINGLIANYU65392,fishing,,412,China,中國,21,critical,2,26.0,2.8,6,e2a;eac-c2c;faster;southeast-asia-japan-cable-2-sjc2;taiwan-penghu-kinmen-matsu-no-3-tpkm3;taiwan-strait-express-1-tse-1,0.0,0,0,,,,,307.6,未觀測到靠港,26.10138,120.18847,eez,2026-09-01T04:37:22.691006+00:00
412444321,MINLONGYU66829,fishing,,412,China,中國,21,critical,2,9.8,3.6,4,taiwan-penghu-kinmen-matsu-no-3-tpkm3,0.0,0,0,,,,,307.6,未觀測到靠港,24.29944,118.62298,eez,2026-09-01T04:37:22.691006+00:00
412447667,MINLIANYU66588,cargo,,412,China,中國,21,critical,2,9.3,3.0,3,taiwan-matsu-no-4;taiwan-penghu-kinmen-matsu-no-2-tpkm2;taiwan-penghu-kinmen-matsu-no-3-tpkm3;taiwan-strait-express-1-tse-1,0.0,0,0,,,,,307.6,未觀測到靠港,26.63446,120.75675,eez,2026-09-01T04:37:22.691006+00:00
412592490,HAI YANG 09,cargo,,412,China,中國,21,critical,2,7.7,3.6,3,cross-straits-cable-network;taiwan-penghu-kinmen-matsu-no-2-tpkm2;taiwan-penghu-kinmen-matsu-no-3-tpkm3,0.0,0,0,大嶝/圍頭灣 Weitou,2026-08-31T21:41:57.448444+00:00,,,3.1,,24.35877,118.277667,eez,2026-09-01T04:37:22.691006+00:00
413239110,HONGYUANCHANGSHENG,cargo,,413,China,中國,21,critical,2,15.5,0.4,1,taiwan-penghu-kinmen-matsu-no-2-tpkm2;taiwan-penghu-kinmen-matsu-no-3-tpkm3;taiwan-strait-express-1-tse-1,0.0,0,0,莆田湄洲灣 Putian,2026-08-29T18:01:43.259492+00:00,福州馬尾 Fuzhou-Mawei,2026-08-31T05:49:54.519009+00:00,31.6,,25.989615,119.475982,eez,2026-09-01T04:37:22.691006+00:00
413250840,DONGSHAN 55,cargo,,413,China,中國,21,critical,1,14.2,0.6,2,apcn-2;taiwan-penghu-kinmen-matsu-no-3-tpkm3;taiwan-strait-express-1-tse-1,0.0,0,0,台北港 Taipei,2026-08-23T08:54:12.553213+00:00,,,174.6,,25.30907,121.723147,internal_waters,2026-08-30T15:52:29.078583+00:00
413702940,HUA XIN 116,cargo,,413,China,中國,21,critical,2,8.8,0.2,1,cross-straits-cable-network;taiwan-penghu-kinmen-matsu-no-2-tpkm2;taiwan-penghu-kinmen-matsu-no-3-tpkm3;taiwan-strait-express-1-tse-1,0.0,0,0,福州馬尾 Fuzhou-Mawei,2026-08-29T18:01:43.259492+00:00,同安灣/廈門灣北 Tongan,2026-08-30T21:44:18.641860+00:00,20.9,,24.52132,118.08128,eez,2026-08-31T05:49:54.519009+00:00
413706320,DONG SHAN 25,cargo,,413,China,中國,21,critical,2,111.3,0.0,5,taiwan-penghu-kinmen-matsu-no-2-tpkm2;taiwan-penghu-kinmen-matsu-no-3-tpkm3;taiwan-strait-express-1-tse-1,0.0,0,0,馬祖福澳港 Matsu,2026-08-31T01:00:40.959031+00:00,,,23.6,,26.161542,119.905983,eez,2026-09-01T04:37:22.691006+00:00
477057900,HUA HANG 6,cargo,,477,Hong Kong,香港,21,critical,1,4.5,2.3,1,apcn-2;taiwan-penghu-kinmen-matsu-no-3-tpkm3;taiwan-strait-express-1-tse-1,0.0,0,0,基隆港 Keelung,2026-09-01T01:31:13.238497+00:00,,,0.0,,25.266203,121.699237,internal_waters,2026-09-01T04:37:22.691006+00:00
477271500,DONG FANG FUZHOU,cargo,,477,Hong Kong,香港,21,critical,2,29.1,0.7,1,taiwan-penghu-kinmen-matsu-no-2-tpkm2;taiwan-penghu-kinmen-matsu-no-3-tpkm3,0.0,0,0,廈門 Xiamen,2026-08-31T21:41:57.448444+00:00,,,3.1,,24.350837,119.309758,eez,2026-09-01T04:37:22.691006+00:00
538009126,W KYRENIA,cargo,,538,Marshall Islands,馬紹爾群島,21,critical,2,22.0,0.6,1,taiwan-penghu-kinmen-matsu-no-3-tpkm3,0.0,0,0,,,,,77.7,未觀測到靠港,26.450193,119.88829,eez,2026-08-12T03:01:44.258989+00:00
620999315,MEDNA,tanker,,620,Comoros,葛摩,21,critical,2,19.9,1.5,5,apcn-2;asia-pacific-gateway-apg;asia-united-gateway-east-aug-east;eac-c2c;orca;tpu,0.0,1,1,,,,,220.6,未觀測到靠港,20.914685,120.958228,eez,2026-08-22T07:06:41.885734+00:00
219734000,ALVA MAERSK,cargo,,219,Unknown,未知,20,critical,2,3.9,0.9,1,eac-c2c;taiwan-penghu-kinmen-matsu-no-2-tpkm2;taiwan-penghu-kinmen-matsu-no-3-tpkm3;taiwan-strait-express-1-tse-1,0.0,1,0,,,,,331.9,未觀測到靠港,23.08979,117.653287,eez,2026-08-22T17:12:26.267485+00:00
412359140,YANG HAI 668,cargo,,412,China,中國,20,critical,2,1.2,,0,taiwan-matsu-no-4;taiwan-penghu-kinmen-matsu-no-3-tpkm3,0.0,0,0,,,,,321.1,未觀測到靠港,26.459808,120.507333,eez,2026-08-29T18:01:43.259492+00:00
412441602,MINLIANYU60935,fishing,,412,China,中國,20,critical,2,10.9,2.6,2,taiwan-matsu-no-4;taiwan-penghu-kinmen-matsu-no-3-tpkm3;taiwan-strait-express-1-tse-1,0.0,0,0,,,,,307.6,未觀測到靠港,26.65608,120.78972,eez,2026-09-01T04:37:22.691006+00:00
412444578,S,fishing,,412,China,中國,20,critical,2,8.0,1.1,1,taiwan-penghu-kinmen-matsu-no-2-tpkm2;taiwan-penghu-kinmen-matsu-no-3-tpkm3,0.0,0,0,廈門 Xiamen,2026-08-25T01:57:17.245352+00:00,,,89.7,,24.12375,118.29834,eez,2026-09-01T04:37:22.691006+00:00
413361670,HANG JIE 2006,cargo,,413,China,中國,20,critical,2,1.8,,0,cross-straits-cable-network;taiwan-penghu-kinmen-matsu-no-2-tpkm2;taiwan-penghu-kinmen-matsu-no-3-tpkm3,0.0,0,0,大嶝/圍頭灣 Weitou,2026-08-31T21:41:57.448444+00:00,,,3.1,,24.367203,118.230302,eez,2026-09-01T04:37:22.691006+00:00
413706840,FANG ZHOU 33,cargo,,413,China,中國,20,critical,2,0,,0,taiwan-penghu-kinmen-matsu-no-2-tpkm2;taiwan-penghu-kinmen-matsu-no-3-tpkm3,0.0,0,0,廈門 Xiamen,2026-08-31T14:11:41.168860+00:00,廈門 Xiamen,2026-08-31T18:36:53.316921+00:00,0.0,,24.444458,118.041547,eez,2026-09-01T04:37:22.691006+00:00
416168900,HAI YANG NO 8,special,,416,Taiwan,台灣,20,critical,1,157.7,0.2,2,taiwan-matsu-no-4;taiwan-penghu-kinmen-matsu-no-2-tpkm2;taiwan-penghu-kinmen-matsu-no-3-tpkm3;taiwan-strait-express-1-tse-1,0.0,0,0,,,上竹里漁港 Shangzhuli,2026-08-23T15:13:09.732250+00:00,358.1,,22.596,120.284,internal_waters,2026-08-31T18:36:53.316921+00:00
457900638,SHENGJIA,cargo,,457,Jordan,約旦,20,critical,2,0,,0,taiwan-penghu-kinmen-matsu-no-3-tpkm3,17.1,1,0,,,,,549.3,未觀測到靠港,24.486397,120.170992,territorial_sea,2026-08-31T18:36:53.316921+00:00
608679463,1,cargo,,608,Unknown,未知,20,critical,1,1.6,,0,seamewe-3;southeast-asia-japan-cable-sjc,0.0,1,0,,,,,543.3,未觀測到靠港,23.355843,117.450318,eez,2026-08-31T04:58:30.564755+00:00
255916549,MMSI-255916549,cargo,,255,Unknown,未知,19,critical,1,0,,0,taiwan-penghu-kinmen-matsu-no-3-tpkm3,0.0,1,0,,,,,527.5,未觀測到靠港,26.435435,119.834413,eez,2026-08-30T05:34:21.607312+00:00
352001221,PRINCE CHARMING,tanker,,352,Panama,巴拿馬,19,critical,2,1.6,,0,taiwan-penghu-kinmen-matsu-no-2-tpkm2;taiwan-penghu-kinmen-matsu-no-3-tpkm3,19.5,0,0,,,,,536.5,未觀測到靠港,23.431718,119.210853,territorial_sea,2026-08-31T05:49:54.519009+00:00
403512001,NCC NOOR,tanker,,403,Saudi Arabia,沙烏地阿拉伯,19,critical,2,3.7,0.9,1,eac-c2c;hong-kong-americas-hka;taiwan-penghu-kinmen-matsu-no-2-tpkm2;taiwan-penghu-kinmen-matsu-no-3-tpkm3,0.0,1,0,莆田湄洲灣 Putian,2026-08-20T11:18:17.276599+00:00,,,16.4,,22.072122,119.543467,eez,2026-08-21T05:00:30.100916+00:00
412444128,60997,fishing,,412,China,中國,19,critical,1,0,,0,taiwan-penghu-kinmen-matsu-no-2-tpkm2;taiwan-penghu-kinmen-matsu-no-3-tpkm3,0.0,0,0,,,,,307.6,未觀測到靠港,24.869045,119.012557,eez,2026-08-31T01:00:40.959031+00:00
412481492,MINLIANYU60888,fishing,,412,China,中國,19,critical,2,15.1,3.1,3,taiwan-matsu-no-4;taiwan-penghu-kinmen-matsu-no-2-tpkm2;taiwan-penghu-kinmen-matsu-no-3-tpkm3;taiwan-strait-express-1-tse-1,0.0,0,0,,,,,307.6,未觀測到靠港,26.64812,120.80197,eez,2026-09-01T04:37:22.691006+00:00
412666888,MIN,fishing,,412,China,中國,19,critical,1,6.3,1.3,2,taiwan-penghu-kinmen-matsu-no-3-tpkm3;taiwan-strait-express-1-tse-1,0.0,0,0,馬祖福澳港 Matsu,2026-08-30T00:54:50.080310+00:00,,,0.0,,26.165965,119.93688,eez,2026-08-30T00:54:50.080310+00:00
413245230,HONGSHENG998,cargo,,413,China,中國,19,critical,2,0,,0,taiwan-strait-express-1-tse-1,6.2,0,0,,,,,549.1,未觀測到靠港,26.205483,119.802617,eez,2026-09-01T04:37:22.691006+00:00
413816049,WANHUAIYUANGYOU998,cargo,,413,China,中國,19,critical,2,7.9,0.2,3,taiwan-penghu-kinmen-matsu-no-3-tpkm3,0.0,0,0,,,,,318.6,未觀測到靠港,26.211227,119.810415,eez,2026-08-30T14:06:31.206236+00:00
413875040,CHINACOASTGUARD2502,coastguard,coastguard,413,China,中國,19,critical,2,2.0,,0,apcn-2;asia-united-gateway-east-aug-east;candle;eac-c2c;flag-north-asia-loopreach-north-asia-loop,0.0,0,0,,,,,295.5,未觀測到靠港,22.45079,122.30272,eez,2026-08-31T16:32:04.528899+00:00
417888888,MMSI-417888888,cargo,,417,Sri Lanka,斯里蘭卡,19,critical,2,0,,0,apcn-2,0.0,1,0,,,,,345.7,未觀測到靠港,23.291118,117.651373,eez,2026-08-23T17:12:51.631900+00:00
538011302,MMSI-538011302,cargo,,538,Marshall Islands,馬紹爾群島,19,critical,2,5.8,0.8,1,apcn-2;asia-pacific-gateway-apg;taiwan-penghu-kinmen-matsu-no-2-tpkm2;taiwan-penghu-kinmen-matsu-no-3-tpkm3,8.6,0,0,,,,,246.0,未觀測到靠港,20.626378,121.178868,eez,2026-08-31T18:36:53.316921+00:00
12005602,CT2-5602-2       7V9,unknown,,120,Unknown,未知,18,critical,2,10.3,1.8,5,apcn-2;asia-pacific-gateway-apg;e2a;eac-c2c;h2-cable,0.0,1,0,烏石漁港 Wushi,2026-08-31T05:49:54.519009+00:00,,,4.4,,24.871233,122.236892,contiguous_zone,2026-08-31T18:36:53.316921+00:00
13025948,CT2-5948.3       8V0,unknown,,130,Unknown,未知,18,critical,1,6.5,0.8,2,asia-united-gateway-east-aug-east,0.0,1,0,南方澳漁港 Nanfangao,2026-08-28T11:34:06.990542+00:00,南方澳漁港 Nanfangao,2026-08-29T06:41:21.616626+00:00,0.0,,24.577452,121.868497,internal_waters,2026-08-31T04:58:30.564755+00:00
200000001,1,fishing,,200,Unknown,未知,18,critical,2,0,,0,taiwan-penghu-kinmen-matsu-no-2-tpkm2;taiwan-penghu-kinmen-matsu-no-3-tpkm3,0.0,1,0,漳州東山 Dongshan,2026-08-25T21:18:40.677233+00:00,,,52.5,,24.343517,118.670995,eez,2026-08-31T18:36:53.316921+00:00
29005602,CT2-5602-19      7V8,unknown,,290,Unknown,未知,18,critical,2,12.5,1.4,5,apcn-2;asia-pacific-gateway-apg;e2a;eac-c2c;h2-cable;new-cross-pacific-ncp-cable-system,0.0,1,0,,,,,411.8,未觀測到靠港,24.92226,122.28076,contiguous_zone,2026-08-29T18:01:43.259492+00:00
31005602,CT2-5602-21      8V0,unknown,,310,Bermuda,百慕達,18,critical,1,19.0,1.5,3,apcn-2;e2a;h2-cable,0.0,1,0,烏石漁港 Wushi,2026-08-31T01:00:40.959031+00:00,,,0.0,,25.160603,122.354753,contiguous_zone,2026-09-01T04:37:22.691006+00:00
352003569,FORTUNE GLOBE,tanker,,352,Panama,巴拿馬,18,critical,2,154.2,0.7,4,eac-c2c;faster;taiwan-penghu-kinmen-matsu-no-2-tpkm2;taiwan-penghu-kinmen-matsu-no-3-tpkm3;taiwan-strait-express-1-tse-1,0.0,0,0,台中港 Taichung,2026-08-12T05:11:14.429647+00:00,,,477.8,,24.259755,120.457532,internal_waters,2026-09-01T04:37:22.691006+00:00
352005538,NERIDA,cargo,,352,Panama,巴拿馬,18,critical,2,32.9,1.4,4,apcn-2;eac-c2c;faster;southeast-asia-japan-cable-2-sjc2;taiwan-penghu-kinmen-matsu-no-2-tpkm2;taiwan-penghu-kinmen-matsu-no-3-tpkm3,0.0,0,0,基隆港 Keelung,2026-08-12T03:01:44.258989+00:00,,,363.5,,24.343973,119.787453,contiguous_zone,2026-08-27T08:42:36.751075+00:00
352006010,CHANG YANG DONG FANG,cargo,,352,Panama,巴拿馬,18,critical,2,6.3,2.5,2,eac-c2c;taiwan-penghu-kinmen-matsu-no-3-tpkm3;trans-pacific-express-tpe-cable-system,0.0,0,0,台北港 Taipei,2026-08-22T15:11:24.519140+00:00,,,8.9,,26.316408,122.10405,eez,2026-08-23T02:07:00.101264+00:00
412441477,DMINLIANYUAA60781,fishing,,412,China,中國,18,critical,2,1.6,,0,taiwan-penghu-kinmen-matsu-no-2-tpkm2,0.0,0,0,,,,,385.2,未觀測到靠港,26.734938,120.590132,eez,2026-09-01T04:37:22.691006+00:00
412442272,MINLIANYU61736,fishing,,412,China,中國,18,critical,2,2.3,,0,taiwan-matsu-no-4;taiwan-penghu-kinmen-matsu-no-2-tpkm2;taiwan-penghu-kinmen-matsu-no-3-tpkm3;taiwan-strait-express-1-tse-1,0.0,0,0,,,,,304.5,未觀測到靠港,25.79806,120.3141,eez,2026-09-01T01:31:13.238497+00:00
412443522,MINLIANYU60968,fishing,,412,China,中國,18,critical,1,2.8,,0,taiwan-matsu-no-4;taiwan-strait-express-1-tse-1,0.0,0,0,,,,,294.1,未觀測到靠港,26.01983,120.15913,eez,2026-08-31T18:36:53.316921+00:00
412451853,MINLIANYU62966,fishing,,412,China,中國,18,critical,2,4.7,1.2,4,taiwan-matsu-no-4;taiwan-penghu-kinmen-matsu-no-3-tpkm3,0.0,0,0,,,,,300.7,未觀測到靠港,26.32595,119.8319,eez,2026-08-31T21:41:57.448444+00:00
412704020,HAI GONG 166,tanker,,412,China,中國,18,critical,2,0,,0,cross-straits-cable-network,9.4,0,0,廈門 Xiamen,2026-08-25T01:57:17.245352+00:00,廈門 Xiamen,2026-08-25T05:01:01.249756+00:00,0.7,,24.443665,118.00996,eez,2026-08-31T21:41:57.448444+00:00
412866688,SHUN DA6668,cargo,,412,China,中國,18,critical,2,10.2,3.0,1,taiwan-penghu-kinmen-matsu-no-2-tpkm2;taiwan-penghu-kinmen-matsu-no-3-tpkm3,0.0,0,0,,,,,352.8,未觀測到靠港,26.367318,119.934517,eez,2026-08-30T21:44:18.641860+00:00
413233760,HONG RUN 866,cargo,,413,China,中國,18,critical,2,0,,0,taiwan-strait-express-1-tse-1,15.8,0,0,,,,,530.3,未觀測到靠港,26.251527,119.889453,eez,2026-08-31T21:41:57.448444+00:00
413451656,MMSI-413451656,cargo,,413,China,中國,18,critical,2,5.7,3.0,1,taiwan-penghu-kinmen-matsu-no-2-tpkm2;taiwan-penghu-kinmen-matsu-no-3-tpkm3,0.0,0,0,,,,,340.2,未觀測到靠港,24.330112,118.60584,eez,2026-08-30T12:03:28.899785+00:00
413454960,XINHENG76,cargo,,413,China,中國,18,critical,2,0,,0,taiwan-penghu-kinmen-matsu-no-3-tpkm3;taiwan-strait-express-1-tse-1,0.0,0,0,福清灣/海壇 Fuqing,2026-08-28T11:34:06.990542+00:00,,,28.4,,26.082305,119.803273,eez,2026-08-30T00:54:50.080310+00:00
413693120,SHENGDA6,cargo,,413,China,中國,18,critical,2,12.0,0.7,1,taiwan-penghu-kinmen-matsu-no-3-tpkm3;taiwan-strait-express-1-tse-1,4.5,0,0,福州馬尾 Fuzhou-Mawei,2026-08-30T04:54:33.141207+00:00,,,40.6,,26.202908,119.844915,eez,2026-09-01T04:37:22.691006+00:00
477407600,FENG ZE YUAN,cargo,,477,Hong Kong,香港,18,critical,2,16.1,0.6,3,eac-c2c;taiwan-penghu-kinmen-matsu-no-2-tpkm2;taiwan-penghu-kinmen-matsu-no-3-tpkm3,0.0,0,0,台北港 Taipei,2026-08-29T07:12:39.299265+00:00,,,51.3,,24.630453,119.2608,eez,2026-08-31T16:32:04.528899+00:00
613271610,MMSI-613271610,tanker,,613,Comoros,葛摩,18,critical,2,8.0,3.5,1,apcn-2;asia-united-gateway-east-aug-east;eac-c2c;pacific-light-cable-network-plcn;southeast-asia-japan-cable-2-sjc2,0.0,1,1,,,,,32.0,未觀測到靠港,25.748147,122.927675,eez,2026-08-09T23:21:33.187820+00:00
636021200,EVER COMMAND,cargo,,636,Liberia,賴比瑞亞,18,critical,2,0,,0,eac-c2c;seamewe-3;taiwan-penghu-kinmen-matsu-no-2-tpkm2;taiwan-penghu-kinmen-matsu-no-3-tpkm3;taiwan-strait-express-1-tse-1;trans-pacific-express-tpe-cable-system,0.0,0,0,小港臨海新村漁港 Xiaogang,2026-08-24T09:36:53.209692+00:00,,,111.6,,26.458427,119.915905,eez,2026-08-29T02:56:44.800599+00:00
667001260,VICTOR,tanker,,667,Sierra Leone,獅子山,18,critical,2,25.4,0.8,4,eac-c2c;taiwan-penghu-kinmen-matsu-no-2-tpkm2;trans-pacific-express-tpe-cable-system,0.0,1,0,,,,,416.6,未觀測到靠港,24.387552,119.862468,contiguous_zone,2026-08-26T05:56:16.418704+00:00
667001341,KUN PENG,tanker,,667,Sierra Leone,獅子山,18,critical,2,38.5,1.2,4,eac-c2c;taiwan-penghu-kinmen-matsu-no-2-tpkm2;taiwan-penghu-kinmen-matsu-no-3-tpkm3;taiwan-strait-express-1-tse-1;trans-pacific-express-tpe-cable-system,3.9,1,0,麗水漁港 Lishui,2026-08-21T02:03:27.932218+00:00,,,265.2,,25.76088,121.47503,eez,2026-09-01T04:37:22.691006+00:00
667001839,SHUNXIN77,tanker,,667,Sierra Leone,獅子山,18,critical,2,0,,0,,23.1,1,0,,,,,554.5,未觀測到靠港,22.840322,120.05357,internal_waters,2026-09-01T04:37:22.691006+00:00
667002352,DALNEGORSK,cargo,,667,Sierra Leone,獅子山,18,critical,2,4.0,0.1,2,seamewe-3,0.0,1,0,,,,,64.9,未觀測到靠港,27.660278,121.570265,eez,2026-08-11T14:14:29.745217+00:00
668116504,MMSI-668116504,tanker,,668,Sao Tome,聖多美,18,critical,2,0,,0,,8.8,1,1,湄洲灣泉港 Meizhouwan,2026-08-14T06:50:09.036254+00:00,,,134.5,,23.24317,117.733365,eez,2026-08-19T23:14:33.089975+00:00
400000000,LIANXIAXIAYANG0011,fishing,,400,Unknown,未知,17,critical,2,10.4,2.0,5,eac-c2c;taiwan-matsu-no-4;taiwan-penghu-kinmen-matsu-no-3-tpkm3,0.0,1,0,同安灣/廈門灣北 Tongan,2026-08-31T01:00:40.959031+00:00,,,23.6,,23.627288,117.737857,eez,2026-09-01T04:37:22.691006+00:00
412355680,HENG CHUN 1,cargo,,412,China,中國,17,critical,1,1.8,,0,taiwan-penghu-kinmen-matsu-no-2-tpkm2;taiwan-penghu-kinmen-matsu-no-3-tpkm3;taiwan-strait-express-1-tse-1,0.0,0,0,廈門 Xiamen,2026-08-31T01:00:40.959031+00:00,,,0.0,,24.452817,117.973293,eez,2026-08-31T04:58:30.564755+00:00
412441382,MIN LIAN YU 69997,fishing,,412,China,中國,17,critical,2,9.8,0.7,2,eac-c2c;taiwan-penghu-kinmen-matsu-no-2-tpkm2;taiwan-penghu-kinmen-matsu-no-3-tpkm3,0.0,0,0,,,,,243.5,未觀測到靠港,26.25457,121.60564,eez,2026-08-29T16:03:35.212630+00:00
412442031,MINMINYU61999,fishing,,412,China,中國,17,critical,1,0,,0,taiwan-strait-express-1-tse-1,0.0,0,0,閩江口錨地 Minjiangkou,2026-08-28T21:39:12.654619+00:00,,,23.8,,25.92309,119.8261,eez,2026-08-30T15:52:29.078583+00:00
412442708,MINLIANYU61878,fishing,,412,China,中國,17,critical,2,29.9,3.2,7,taiwan-matsu-no-4;taiwan-penghu-kinmen-matsu-no-3-tpkm3;taiwan-strait-express-1-tse-1,0.0,0,0,,,,,307.6,未觀測到靠港,25.82989,120.22515,eez,2026-09-01T04:37:22.691006+00:00
412442739,MINLIANYU61875,fishing,,412,China,中國,17,critical,2,29.9,3.4,7,taiwan-matsu-no-4;taiwan-penghu-kinmen-matsu-no-3-tpkm3;taiwan-strait-express-1-tse-1,0.0,0,0,,,,,307.6,未觀測到靠港,25.83021,120.23068,eez,2026-09-01T04:37:22.691006+00:00
412443018,MINCHANGYU-23018,fishing,,412,China,中國,17,critical,1,0,,0,taiwan-strait-express-1-tse-1,0.0,0,0,閩江口錨地 Minjiangkou,2026-08-23T21:12:41.081123+00:00,,,156.4,,26.02456,119.75229,eez,2026-08-30T14:06:31.206236+00:00
412444368,63829,fishing,,412,China,中國,17,critical,2,0,,0,taiwan-penghu-kinmen-matsu-no-3-tpkm3,0.0,0,0,廈門 Xiamen,2026-08-24T02:03:27.398663+00:00,,,183.1,,24.27439,118.32725,eez,2026-08-31T18:36:53.316921+00:00
412444407,MIN LONG YU 66868,fishing,,412,China,中國,17,critical,2,10.1,3.0,2,taiwan-penghu-kinmen-matsu-no-2-tpkm2;taiwan-penghu-kinmen-matsu-no-3-tpkm3,0.0,0,0,,,,,304.5,未觀測到靠港,24.26767,118.75016,eez,2026-09-01T01:31:13.238497+00:00
412444518,MINLONGYU61272,fishing,,412,China,中國,17,critical,2,3.7,2.9,2,taiwan-penghu-kinmen-matsu-no-2-tpkm2;taiwan-penghu-kinmen-matsu-no-3-tpkm3,0.0,0,0,,,,,280.0,未觀測到靠港,24.32397,118.11386,eez,2026-08-31T01:00:40.959031+00:00
412444729,MIN LONG YU09862,fishing,,412,China,中國,17,critical,2,0,,0,taiwan-matsu-no-4;taiwan-strait-express-1-tse-1,0.0,0,0,,,,,289.6,未觀測到靠港,24.189418,118.314363,eez,2026-08-30T18:16:08.308925+00:00
412444751,08085,fishing,,412,China,中國,17,critical,1,4.2,2.2,2,taiwan-penghu-kinmen-matsu-no-2-tpkm2;taiwan-penghu-kinmen-matsu-no-3-tpkm3,0.0,0,0,,,,,288.8,未觀測到靠港,24.17275,118.30099,eez,2026-08-31T05:49:54.519009+00:00
412444807,MINLONGYU09865,fishing,,412,China,中國,17,critical,1,0,,0,taiwan-penghu-kinmen-matsu-no-3-tpkm3,0.0,0,0,廈門 Xiamen,2026-08-25T09:25:20.380906+00:00,,,53.0,,24.259212,118.346587,eez,2026-08-29T16:03:35.212630+00:00
412447545,MINLIANYU60997,fishing,,412,China,中國,17,critical,2,9.4,3.1,2,taiwan-matsu-no-4;taiwan-penghu-kinmen-matsu-no-2-tpkm2;taiwan-penghu-kinmen-matsu-no-3-tpkm3;taiwan-strait-express-1-tse-1,0.0,0,0,,,,,305.3,未觀測到靠港,26.6264,120.81784,eez,2026-09-01T04:37:22.691006+00:00
412447638,MINLIANYU60999,fishing,,412,China,中國,17,critical,2,15.7,3.2,2,taiwan-matsu-no-4;taiwan-penghu-kinmen-matsu-no-2-tpkm2;taiwan-penghu-kinmen-matsu-no-3-tpkm3;taiwan-strait-express-1-tse-1,0.0,0,0,,,,,307.6,未觀測到靠港,26.69286,120.88259,eez,2026-09-01T04:37:22.691006+00:00
412451747,MINLONGYU63817,fishing,,412,China,中國,17,critical,2,4.0,0.6,1,taiwan-penghu-kinmen-matsu-no-2-tpkm2;taiwan-penghu-kinmen-matsu-no-3-tpkm3,0.0,0,0,廈門 Xiamen,2026-08-25T01:57:17.245352+00:00,,,89.7,,24.28501,118.34181,eez,2026-09-01T04:37:22.691006+00:00
412473350,HUI JIN QIAO 11,cargo,,412,China,中國,17,critical,2,0,,0,apcn-2;southeast-asia-japan-cable-sjc;taiwan-penghu-kinmen-matsu-no-2-tpkm2;taiwan-penghu-kinmen-matsu-no-3-tpkm3,0.0,0,0,閩江口錨地 Minjiangkou,2026-09-01T01:31:13.238497+00:00,,,0.0,,25.947067,119.73956,eez,2026-09-01T04:37:22.691006+00:00
412570730,HAI YING 16,cargo,,412,China,中國,17,critical,2,0,,0,taiwan-penghu-kinmen-matsu-no-3-tpkm3;taiwan-strait-express-1-tse-1,0.0,0,0,福清灣/海壇 Fuqing,2026-08-28T11:34:06.990542+00:00,,,49.2,,27.706383,120.9591,eez,2026-08-30T21:44:18.641860+00:00
413206690,HAIXIAFANGZHOU,cargo,,413,China,中國,17,critical,1,0,,0,taiwan-penghu-kinmen-matsu-no-2-tpkm2;taiwan-penghu-kinmen-matsu-no-3-tpkm3,0.0,0,0,廈門 Xiamen,2026-08-31T04:58:30.564755+00:00,,,12.8,,24.452498,117.981867,eez,2026-08-31T18:36:53.316921+00:00
413223720,HENG FENG YOU 15,tanker,,413,China,中國,17,critical,2,0,,0,taiwan-penghu-kinmen-matsu-no-3-tpkm3;taiwan-strait-express-1-tse-1,6.9,0,0,福清灣/海壇 Fuqing,2026-08-28T05:01:48.482487+00:00,,,89.7,,26.205547,119.802638,eez,2026-09-01T04:37:22.691006+00:00
413240370,HUIYING169,cargo,,413,China,中國,17,critical,2,6.1,1.1,1,southeast-asia-japan-cable-sjc;taiwan-penghu-kinmen-matsu-no-2-tpkm2;taiwan-penghu-kinmen-matsu-no-3-tpkm3,0.0,0,0,深滬灣/圍頭東 Shenhu,2026-08-29T07:12:39.299265+00:00,,,60.6,,24.28665,118.41612,eez,2026-09-01T04:37:22.691006+00:00
413242210,SHUN AN 668,cargo,,413,China,中國,17,critical,2,0,,0,taiwan-strait-express-1-tse-1,18.6,0,0,,,,,552.3,未觀測到靠港,26.366178,119.984787,eez,2026-08-31T21:41:57.448444+00:00
413305640,ZHONG HAI YOU 668,tanker,,413,China,中國,17,critical,2,28.0,0.3,1,taiwan-penghu-kinmen-matsu-no-2-tpkm2;taiwan-penghu-kinmen-matsu-no-3-tpkm3;taiwan-strait-express-1-tse-1,0.0,0,0,閩江口錨地 Minjiangkou,2026-08-30T15:52:29.078583+00:00,,,34.4,,26.25942,119.795707,eez,2026-09-01T04:37:22.691006+00:00
413356020,HAIPENG0088,cargo,,413,China,中國,17,critical,2,0,,0,taiwan-penghu-kinmen-matsu-no-2-tpkm2,17.6,0,0,深滬灣/圍頭東 Shenhu,2026-08-23T04:58:29.790954+00:00,深滬灣/圍頭東 Shenhu,2026-08-26T01:43:38.561118+00:00,64.1,,24.63503,118.431458,eez,2026-08-28T11:34:06.990542+00:00
413365250,JIN PENG 518,cargo,,413,China,中國,17,critical,2,0,,0,apcn-2;cross-straits-cable-network;taiwan-penghu-kinmen-matsu-no-2-tpkm2;taiwan-penghu-kinmen-matsu-no-3-tpkm3,0.0,0,0,大嶝/圍頭灣 Weitou,2026-08-27T21:40:15.702771+00:00,,,16.6,,24.375873,118.476177,eez,2026-08-28T21:39:12.654619+00:00
413366110,XIN HUA 628,cargo,,413,China,中國,17,critical,2,0,,0,taiwan-penghu-kinmen-matsu-no-2-tpkm2,0.0,0,0,廈門 Xiamen,2026-08-29T06:41:21.616626+00:00,汕頭港外 Shantou-appr,2026-08-30T12:03:28.899785+00:00,8.2,,23.28187,116.797057,eez,2026-09-01T01:31:13.238497+00:00
413381830,TENG YUN HE,cargo,,413,China,中國,17,critical,2,8.2,1.9,2,apcn-2;eac-c2c;faster;taiwan-penghu-kinmen-matsu-no-2-tpkm2;taiwan-penghu-kinmen-matsu-no-3-tpkm3,0.0,0,0,基隆港 Keelung,2026-08-31T16:32:04.528899+00:00,,,0.0,,25.262593,121.703987,internal_waters,2026-08-31T18:36:53.316921+00:00
413500220,YUANSHUNDA8,cargo,,413,China,中國,17,critical,2,2.3,,0,taiwan-penghu-kinmen-matsu-no-2-tpkm2;taiwan-penghu-kinmen-matsu-no-3-tpkm3;taiwan-strait-express-1-tse-1,0.0,0,0,廈門 Xiamen,2026-08-31T16:32:04.528899+00:00,,,10.0,,25.314047,119.532013,eez,2026-09-01T04:37:22.691006+00:00
413529220,HE HAI DING BANG,cargo,,413,China,中國,17,critical,2,2.5,,0,asia-direct-cable-adc;southeast-asia-japan-cable-sjc;taiwan-penghu-kinmen-matsu-no-2-tpkm2;taiwan-penghu-kinmen-matsu-no-3-tpkm3,0.0,0,0,泉州 Quanzhou,2026-08-31T14:11:41.168860+00:00,,,10.0,,23.568002,117.49492,eez,2026-09-01T04:37:22.691006+00:00
413555110,WAN XIANG 388,cargo,,413,China,中國,17,critical,2,0,,0,cross-straits-cable-network;taiwan-penghu-kinmen-matsu-no-2-tpkm2;taiwan-penghu-kinmen-matsu-no-3-tpkm3,0.0,0,0,大嶝/圍頭灣 Weitou,2026-08-29T18:01:43.259492+00:00,大嶝/圍頭灣 Weitou,2026-08-30T04:54:33.141207+00:00,3.5,,24.533747,118.240172,eez,2026-09-01T04:37:22.691006+00:00
413557740,XUE YOU YANG SHAN,cargo,,413,China,中國,17,critical,1,0,,0,taiwan-penghu-kinmen-matsu-no-2-tpkm2;taiwan-penghu-kinmen-matsu-no-3-tpkm3;taiwan-strait-express-1-tse-1,0.0,0,0,湄洲灣泉港 Meizhouwan,2026-08-25T21:18:40.677233+00:00,,,139.3,,24.338298,118.246533,eez,2026-08-31T18:36:53.316921+00:00
413620090,HUISHI6,cargo,,413,China,中國,17,critical,2,0,,0,taiwan-strait-express-1-tse-1,0.0,0,0,福州馬尾 Fuzhou-Mawei,2026-08-29T07:12:39.299265+00:00,,,60.3,,27.125717,120.514505,eez,2026-09-01T01:31:13.238497+00:00
413696850,HENGJUN228,cargo,,413,China,中國,17,critical,2,0,,0,taiwan-penghu-kinmen-matsu-no-2-tpkm2;taiwan-penghu-kinmen-matsu-no-3-tpkm3,0.0,0,0,廈門 Xiamen,2026-08-30T18:16:08.308925+00:00,泉州 Quanzhou,2026-08-31T16:32:04.528899+00:00,8.1,,24.817598,118.719567,eez,2026-09-01T04:37:22.691006+00:00
413703240,RONGHAI99,cargo,,413,China,中國,17,critical,2,0,,0,taiwan-penghu-kinmen-matsu-no-2-tpkm2;taiwan-penghu-kinmen-matsu-no-3-tpkm3,0.0,0,0,廈門 Xiamen,2026-08-29T07:12:39.299265+00:00,,,5.3,,23.284758,116.96044,eez,2026-08-29T21:24:09.012880+00:00
413703250,QIAN  HAI  83,cargo,,413,China,中國,17,critical,2,0,,0,taiwan-penghu-kinmen-matsu-no-2-tpkm2;taiwan-penghu-kinmen-matsu-no-3-tpkm3,0.0,0,0,泉州 Quanzhou,2026-08-31T01:00:40.959031+00:00,,,23.6,,24.455667,117.966667,eez,2026-09-01T04:37:22.691006+00:00
414401550,ANQIANG59,cargo,,414,China,中國,17,critical,1,0,,0,apcn-2;taiwan-penghu-kinmen-matsu-no-2-tpkm2;taiwan-strait-express-1-tse-1,0.0,0,0,蒼南 Cangnan,2026-08-22T08:54:02.375031+00:00,,,211.4,,26.049397,119.88105,eez,2026-08-31T18:36:53.316921+00:00
416004028,DA LIU MEI NO.68,fishing,,416,Taiwan,台灣,17,critical,2,9.0,2.6,3,eac-c2c;trans-pacific-express-tpe-cable-system,0.0,0,0,淡水第一漁港 Tamsui1,2026-08-31T14:11:41.168860+00:00,,,12.1,,25.212633,121.215548,territorial_sea,2026-09-01T04:37:22.691006+00:00
440187000,JN IRIS,tanker,,440,South Korea,韓國,17,critical,2,12.6,0.0,1,eac-c2c;taiwan-strait-express-1-tse-1;trans-pacific-express-tpe-cable-system,0.0,1,0,台中港 Taichung,2026-08-21T05:00:30.100916+00:00,,,30.5,,26.362333,122.208433,eez,2026-08-22T12:26:21.545854+00:00
477800200,JJ NAGOYA,cargo,,477,Hong Kong,香港,17,critical,1,0,,0,eac-c2c;faster;taiwan-penghu-kinmen-matsu-no-2-tpkm2,0.0,0,0,基隆港 Keelung,2026-08-31T05:49:54.519009+00:00,,,4.4,,24.857633,120.75217,territorial_sea,2026-08-31T18:36:53.316921+00:00
538011576,IOANNA FORCE,cargo,,538,Marshall Islands,馬紹爾群島,17,critical,2,7.9,1.4,2,asia-direct-cable-adc;seamewe-3,0.7,0,0,,,,,19.2,未觀測到靠港,22.03872,117.0208,eez,2026-08-09T04:42:12.218184+00:00
613503100,DG HONG KONG,tanker,,613,Comoros,葛摩,17,critical,2,5.1,1.0,2,eac-c2c;seamewe-3;taiwan-penghu-kinmen-matsu-no-2-tpkm2,0.0,1,1,,,,,37.9,未觀測到靠港,26.607667,121.954243,eez,2026-08-09T23:21:33.187820+00:00
620999903,MAGICIAN 66,cargo,,620,Comoros,葛摩,17,critical,2,36.0,0.5,2,eac-c2c;taiwan-penghu-kinmen-matsu-no-3-tpkm3;taiwan-strait-express-1-tse-1;trans-pacific-express-tpe-cable-system,0.0,1,0,,,,,333.4,未觀測到靠港,22.756067,120.152333,internal_waters,2026-09-01T04:37:22.691006+00:00
631656711,NEXOR,tanker,,631,Equatorial Guinea,赤道幾內亞,17,critical,2,6.5,0.2,1,asia-direct-cable-adc;taiwan-penghu-kinmen-matsu-no-2-tpkm2;taiwan-penghu-kinmen-matsu-no-3-tpkm3,0.0,1,1,,,,,258.6,未觀測到靠港,23.092748,117.545042,eez,2026-08-19T04:04:25.341544+00:00
636026639,MMSI-636026639,cargo,,636,Liberia,賴比瑞亞,17,critical,2,0,,0,eac-c2c;flag-europe-asia-fea;flag-north-asia-loopreach-north-asia-loop;taiwan-penghu-kinmen-matsu-no-2-tpkm2;taiwan-penghu-kinmen-matsu-no-3-tpkm3;trans-pacific-express-tpe-cable-system,0.0,0,0,,,,,408.0,未觀測到靠港,22.407217,118.969983,eez,2026-08-25T21:18:40.677233+00:00
667002605,MMSI-667002605,tanker,,667,Sierra Leone,獅子山,17,critical,2,88.1,0.7,6,eac-c2c;taiwan-penghu-kinmen-matsu-no-3-tpkm3;taiwan-strait-express-1-tse-1;trans-pacific-express-tpe-cable-system,0.0,1,0,,,,,559.3,未觀測到靠港,24.85901,120.567388,territorial_sea,2026-09-01T04:37:22.691006+00:00
671573100,MT.GOLDEN SUNRISE,tanker,,671,Togo,多哥,17,critical,2,21.9,0.5,5,eac-c2c;taiwan-penghu-kinmen-matsu-no-2-tpkm2;taiwan-penghu-kinmen-matsu-no-3-tpkm3;taiwan-strait-express-1-tse-1;trans-pacific-express-tpe-cable-system,0.0,1,0,,,,,559.3,未觀測到靠港,25.347917,121.258267,territorial_sea,2026-09-01T04:37:22.691006+00:00
677054600,CHENG TAI,cargo,,677,Tanzania,坦尚尼亞,17,critical,1,0,,0,taiwan-penghu-kinmen-matsu-no-2-tpkm2;taiwan-penghu-kinmen-matsu-no-3-tpkm3,21.5,1,0,,,,,559.3,未觀測到靠港,23.176727,119.863002,internal_waters,2026-09-01T04:37:22.691006+00:00
677067100,ALBATROS 1,cargo,,677,Tanzania,坦尚尼亞,17,critical,2,0,,0,,0.0,1,1,,,,,279.0,未觀測到靠港,23.525967,117.354277,eez,2026-09-01T04:37:22.691006+00:00
200010616,NETFISHING       7V9,unknown,,200,Unknown,未知,16,critical,2,5.0,2.6,1,asia-united-gateway-east-aug-east,0.0,1,0,,,,,468.0,未觀測到靠港,23.808447,122.441832,eez,2026-08-30T14:06:31.206236+00:00
205433000,MMSI-205433000,cargo,,205,Unknown,未知,16,critical,2,17.4,1.2,5,eac-c2c;taiwan-penghu-kinmen-matsu-no-2-tpkm2;taiwan-penghu-kinmen-matsu-no-3-tpkm3;taiwan-strait-express-1-tse-1;trans-pacific-express-tpe-cable-system,0.0,1,0,麗水漁港 Lishui,2026-08-16T15:12:17.466969+00:00,,,176.9,,27.034815,121.981958,eez,2026-08-24T02:03:27.398663+00:00
210721000,NAVIOS NERINE,cargo,,210,Unknown,未知,16,critical,2,9.3,1.1,3,apcn-2;eac-c2c;taiwan-matsu-no-4;taiwan-penghu-kinmen-matsu-no-2-tpkm2;taiwan-penghu-kinmen-matsu-no-3-tpkm3;taiwan-strait-express-1-tse-1,0.0,1,0,廈門 Xiamen,2026-08-20T21:22:25.253536+00:00,,,238.5,,26.4117,120.214112,eez,2026-08-30T21:44:18.641860+00:00
311002380,AH HIRYU,cargo,,311,Bahamas,巴哈馬,16,critical,2,10.7,0.2,1,taiwan-penghu-kinmen-matsu-no-3-tpkm3;taiwan-strait-express-1-tse-1,8.1,1,0,,,,,193.9,未觀測到靠港,27.038817,121.36155,eez,2026-08-16T17:12:02.175926+00:00
352003481,COUNTESS 9,tanker,,352,Panama,巴拿馬,16,critical,2,0,,0,apcn-2;eac-c2c;flag-europe-asia-fea;southeast-asia-japan-cable-2-sjc2;taiwan-penghu-kinmen-matsu-no-2-tpkm2;taiwan-penghu-kinmen-matsu-no-3-tpkm3,0.0,0,0,麗水漁港 Lishui,2026-08-27T21:40:15.702771+00:00,,,95.6,,22.746658,120.09106,internal_waters,2026-09-01T04:37:22.691006+00:00
352005250,EARTH TWIN,cargo,,352,Panama,巴拿馬,16,critical,2,0,,0,apcn-2;asia-united-gateway-east-aug-east;taiwan-penghu-kinmen-matsu-no-3-tpkm3;taiwan-strait-express-1-tse-1,0.0,0,0,前鎮漁港 Qianzhen,2026-08-27T04:09:01.110749+00:00,,,46.5,,23.236757,122.737195,eez,2026-08-29T07:12:39.299265+00:00
354118000,LOS ANDES BRIDGE,cargo,,354,Panama,巴拿馬,16,critical,2,0,,0,h2-cable;taiwan-penghu-kinmen-matsu-no-2-tpkm2;trans-pacific-express-tpe-cable-system,3.8,0,0,廈門 Xiamen,2026-08-23T09:18:24.059147+00:00,,,130.4,,26.150362,121.816357,eez,2026-08-28T21:39:12.654619+00:00
412000000,YONGLIYUYE23,fishing,,412,China,中國,16,critical,2,2.4,,0,eac-c2c;taiwan-penghu-kinmen-matsu-no-2-tpkm2;taiwan-penghu-kinmen-matsu-no-3-tpkm3;taiwan-strait-express-1-tse-1,0.0,0,0,漳州東山 Dongshan,2026-08-24T15:29:51.857744+00:00,,,179.2,,24.686062,119.22755,eez,2026-09-01T04:37:22.691006+00:00
412060779,MINLONGYU60779,fishing,,412,China,中國,16,critical,2,0,,0,taiwan-penghu-kinmen-matsu-no-3-tpkm3,0.0,0,0,,,,,304.5,未觀測到靠港,24.25032,118.75593,eez,2026-09-01T01:31:13.238497+00:00
412061157,61157,unknown,,412,China,中國,16,critical,2,0,,0,taiwan-penghu-kinmen-matsu-no-2-tpkm2;taiwan-penghu-kinmen-matsu-no-3-tpkm3,0.0,0,0,,,,,285.4,未觀測到靠港,24.26629,118.74506,eez,2026-09-01T01:31:13.238497+00:00
412380660,TUAN JIE FANG ZHOU,cargo,,412,China,中國,16,critical,2,0,,0,taiwan-penghu-kinmen-matsu-no-2-tpkm2;taiwan-penghu-kinmen-matsu-no-3-tpkm3;taiwan-strait-express-1-tse-1,0.0,0,0,閩江口錨地 Minjiangkou,2026-08-30T12:03:28.899785+00:00,廈門 Xiamen,2026-08-31T14:11:41.168860+00:00,15.7,,24.44475,118.018853,eez,2026-09-01T01:31:13.238497+00:00
412441385,MINLIANYU68979,fishing,,412,China,中國,16,critical,1,8.8,1.0,1,taiwan-strait-express-1-tse-1,0.0,0,0,,,,,284.8,未觀測到靠港,26.88517,120.9167,eez,2026-08-31T05:49:54.519009+00:00
412441388,MINLIANYU68863,fishing,,412,China,中國,16,critical,2,10.0,0.4,6,taiwan-penghu-kinmen-matsu-no-3-tpkm3;taiwan-strait-express-1-tse-1,0.0,0,0,,,,,301.6,未觀測到靠港,26.02476,119.83237,eez,2026-08-31T18:36:53.316921+00:00
412441974,MINLIANYU61870,fishing,,412,China,中國,16,critical,2,22.2,2.1,3,taiwan-strait-express-1-tse-1,0.0,0,0,,,,,238.2,未觀測到靠港,26.68719,120.81318,eez,2026-08-29T07:12:39.299265+00:00
412442001,MINLIANYUYUN60403,fishing,,412,China,中國,16,critical,2,5.7,3.6,2,taiwan-matsu-no-4;taiwan-penghu-kinmen-matsu-no-2-tpkm2;taiwan-penghu-kinmen-matsu-no-3-tpkm3;taiwan-strait-express-1-tse-1,0.0,0,0,,,,,307.6,未觀測到靠港,26.63944,120.69335,eez,2026-09-01T04:37:22.691006+00:00
412442238,MINLIANYUYUN60937,fishing,,412,China,中國,16,critical,2,20.2,1.3,4,taiwan-matsu-no-4;taiwan-penghu-kinmen-matsu-no-3-tpkm3,0.0,0,0,,,,,307.6,未觀測到靠港,26.18079,120.08371,eez,2026-09-01T04:37:22.691006+00:00
412442808,MINCHANGYU23037,fishing,,412,China,中國,16,critical,2,44.2,1.4,1,taiwan-penghu-kinmen-matsu-no-3-tpkm3;taiwan-strait-express-1-tse-1,0.0,0,0,,,,,307.6,未觀測到靠港,25.80301,119.76904,eez,2026-09-01T04:37:22.691006+00:00
412442963,MINLIANYU69998,fishing,,412,China,中國,16,critical,1,6.0,2.0,3,taiwan-matsu-no-4;taiwan-penghu-kinmen-matsu-no-2-tpkm2;taiwan-penghu-kinmen-matsu-no-3-tpkm3;taiwan-strait-express-1-tse-1,0.0,0,0,,,,,304.5,未觀測到靠港,25.84339,120.34517,eez,2026-09-01T01:31:13.238497+00:00
412442988,MINLIANYU60966,fishing,,412,China,中國,16,critical,2,7.5,3.3,2,taiwan-matsu-no-4;taiwan-penghu-kinmen-matsu-no-2-tpkm2;taiwan-penghu-kinmen-matsu-no-3-tpkm3;taiwan-strait-express-1-tse-1,0.0,0,0,,,,,307.6,未觀測到靠港,26.61721,120.80756,eez,2026-09-01T04:37:22.691006+00:00
412443974,MINMINYU61293,fishing,,412,China,中國,16,critical,2,6.0,0.3,1,taiwan-strait-express-1-tse-1,0.0,0,0,閩江口錨地 Minjiangkou,2026-08-28T21:39:12.654619+00:00,,,73.7,,25.80613,119.81254,eez,2026-09-01T04:37:22.691006+00:00
412444151,MIN LONG YU 60589,fishing,,412,China,中國,16,critical,1,0,,0,taiwan-penghu-kinmen-matsu-no-3-tpkm3,0.0,0,0,同安灣/廈門灣北 Tongan,2026-08-30T15:52:29.078583+00:00,,,10.7,,24.16689,118.63683,eez,2026-08-31T04:58:30.564755+00:00
412444201,00C,fishing,,412,China,中國,16,critical,1,8.8,3.5,3,taiwan-penghu-kinmen-matsu-no-3-tpkm3,0.0,0,0,,,,,295.3,未觀測到靠港,24.29979,118.46985,eez,2026-08-31T18:36:53.316921+00:00
412444609,09851,unknown,,412,China,中國,16,critical,1,0,,0,taiwan-penghu-kinmen-matsu-no-3-tpkm3,0.0,0,0,廈門 Xiamen,2026-08-25T04:05:56.477331+00:00,,,133.3,,24.30113,118.20539,eez,2026-08-30T18:16:08.308925+00:00
412444631,MINZHANGYU60619,fishing,,412,China,中國,16,critical,2,17.7,3.5,7,taiwan-penghu-kinmen-matsu-no-3-tpkm3,0.0,0,0,,,,,307.6,未觀測到靠港,24.29977,118.65355,eez,2026-09-01T04:37:22.691006+00:00
412444665,09873,fishing,,412,China,中國,16,critical,1,0,,0,taiwan-penghu-kinmen-matsu-no-3-tpkm3,0.0,0,0,廈門 Xiamen,2026-08-25T03:24:02.425571+00:00,,,62.1,,24.29523,118.24331,eez,2026-08-31T01:00:40.959031+00:00
412444947,MINZHANGYU60553,fishing,,412,China,中國,16,critical,2,13.9,3.6,7,taiwan-penghu-kinmen-matsu-no-3-tpkm3,0.0,0,0,,,,,291.3,未觀測到靠港,24.26612,118.48959,eez,2026-08-31T04:58:30.564755+00:00
412445168,MINLIANYU60298,fishing,,412,China,中國,16,critical,1,5.3,3.2,2,taiwan-matsu-no-4;taiwan-penghu-kinmen-matsu-no-2-tpkm2;taiwan-penghu-kinmen-matsu-no-3-tpkm3;taiwan-strait-express-1-tse-1,0.0,0,0,,,,,307.6,未觀測到靠港,26.61803,120.72977,eez,2026-09-01T04:37:22.691006+00:00
412445592,MINFUZHOUYU15157,cargo,,412,China,中國,16,critical,2,0,,0,taiwan-strait-express-1-tse-1,2.3,0,0,閩江口錨地 Minjiangkou,2026-08-30T00:54:50.080310+00:00,,,37.7,,26.0435,119.71138,eez,2026-08-31T18:36:53.316921+00:00
412446443,MINLONGYU66656,fishing,,412,China,中國,16,critical,1,0,,0,taiwan-penghu-kinmen-matsu-no-3-tpkm3,0.0,0,0,廈門 Xiamen,2026-08-30T12:03:28.899785+00:00,廈門 Xiamen,2026-08-31T05:49:54.519009+00:00,0.0,,24.38853,118.10631,eez,2026-08-31T05:49:54.519009+00:00
412447174,MIN DONG YU63369,fishing,,412,China,中國,16,critical,1,0,,0,,0.0,0,0,漳州東山 Dongshan,2026-08-21T04:07:52.567790+00:00,,,220.6,,23.52996,117.64103,eez,2026-08-30T15:52:29.078583+00:00
412450915,MINLIANYU62189,fishing,,412,China,中國,16,critical,1,6.0,3.6,2,taiwan-matsu-no-4;taiwan-penghu-kinmen-matsu-no-3-tpkm3;taiwan-strait-express-1-tse-1,0.0,0,0,,,,,293.2,未觀測到靠港,26.27644,119.78682,eez,2026-08-31T14:11:41.168860+00:00
412451090,GOLDEN PINE,tanker,,412,China,中國,16,critical,2,0,,0,taiwan-strait-express-1-tse-1,0.0,0,0,閩江口錨地 Minjiangkou,2026-08-17T05:04:35.473703+00:00,福州馬尾 Fuzhou-Mawei,2026-08-20T05:53:01.460793+00:00,71.1,,25.996208,119.474102,eez,2026-08-20T08:02:10.021418+00:00
412474190,HAO YUAN 7,tanker,,412,China,中國,16,critical,2,0,,0,taiwan-penghu-kinmen-matsu-no-2-tpkm2;taiwan-penghu-kinmen-matsu-no-3-tpkm3;taiwan-strait-express-1-tse-1,0.0,0,0,湄洲灣泉港 Meizhouwan,2026-08-22T05:49:26.190998+00:00,,,19.3,,23.331585,117.309603,eez,2026-08-24T04:13:24.721954+00:00
412510051,MINLONGWENYU65078,high_speed,,412,China,中國,16,critical,1,4.1,0.8,3,cross-straits-cable-network,0.0,0,0,,,,,282.6,未觀測到靠港,24.46284,118.21541,eez,2026-08-31T05:49:54.519009+00:00
412596333,SHUNSHUN888,fishing,,412,China,中國,16,critical,1,2.4,,0,taiwan-penghu-kinmen-matsu-no-2-tpkm2;taiwan-penghu-kinmen-matsu-no-3-tpkm3,0.0,0,0,,,,,366.6,未觀測到靠港,24.309747,118.131115,eez,2026-08-31T05:49:54.519009+00:00
412703860,HUA XIN 858,cargo,,412,China,中國,16,critical,2,0.7,,0,taiwan-penghu-kinmen-matsu-no-2-tpkm2;taiwan-penghu-kinmen-matsu-no-3-tpkm3;taiwan-strait-express-1-tse-1,0.0,0,0,閩江口錨地 Minjiangkou,2026-08-30T18:16:08.308925+00:00,廈門 Xiamen,2026-09-01T01:31:13.238497+00:00,24.0,,24.502112,118.073307,eez,2026-09-01T04:37:22.691006+00:00
412704030,HAI GONG 169,tanker,,412,China,中國,16,critical,2,0,,0,taiwan-penghu-kinmen-matsu-no-2-tpkm2;taiwan-penghu-kinmen-matsu-no-3-tpkm3,1.7,0,0,廈門 Xiamen,2026-08-31T01:00:40.959031+00:00,廈門 Xiamen,2026-08-31T14:11:41.168860+00:00,0.9,,24.401482,118.123213,eez,2026-09-01T04:37:22.691006+00:00
413209460,XIMAJIANGHAI1HAO,cargo,,413,China,中國,16,critical,1,0,,0,taiwan-strait-express-1-tse-1,0.0,0,0,閩江口錨地 Minjiangkou,2026-08-15T08:51:04.503689+00:00,福清灣/海壇 Fuqing,2026-08-31T01:00:40.959031+00:00,362.5,,25.965583,119.384413,eez,2026-09-01T04:37:22.691006+00:00
413254970,LIAN SHENG 869,cargo,,413,China,中國,16,critical,2,0,,0,taiwan-penghu-kinmen-matsu-no-3-tpkm3;taiwan-strait-express-1-tse-1,22.9,0,0,,,,,559.3,未觀測到靠港,26.304152,119.870187,eez,2026-09-01T04:37:22.691006+00:00
413351880,JIA NAN 33,cargo,,413,China,中國,16,critical,2,0,,0,taiwan-penghu-kinmen-matsu-no-2-tpkm2,0.0,0,0,湄洲灣泉港 Meizhouwan,2026-08-31T05:49:54.519009+00:00,,,14.4,,25.161007,119.0184,eez,2026-09-01T04:37:22.691006+00:00
413510870,WAI YUN WAN QU 001,cargo,,413,China,中國,16,critical,2,0,,0,taiwan-penghu-kinmen-matsu-no-2-tpkm2;taiwan-penghu-kinmen-matsu-no-3-tpkm3;taiwan-strait-express-1-tse-1,0.0,0,0,福州馬尾 Fuzhou-Mawei,2026-08-30T00:54:50.080310+00:00,廈門 Xiamen,2026-08-31T16:32:04.528899+00:00,33.3,,24.51353,118.078893,eez,2026-09-01T04:37:22.691006+00:00
413525180,SHUN YUAN 35,tanker,,413,China,中國,16,critical,2,0,,0,taiwan-penghu-kinmen-matsu-no-3-tpkm3,0.0,0,0,莆田湄洲灣 Putian,2026-08-17T01:59:37.857320+00:00,,,15.7,,26.742723,120.68531,eez,2026-08-18T17:18:44.348985+00:00
413699010,HUA XIN 117,cargo,,413,China,中國,16,critical,2,2.3,,0,taiwan-penghu-kinmen-matsu-no-2-tpkm2;taiwan-penghu-kinmen-matsu-no-3-tpkm3;taiwan-strait-express-1-tse-1,0.0,0,0,廈門 Xiamen,2026-08-31T18:36:53.316921+00:00,,,6.9,,24.994478,119.388853,eez,2026-09-01T04:37:22.691006+00:00
414445000,ZHONG GANG SHI JI,cargo,,414,China,中國,16,critical,1,0,,0,taiwan-penghu-kinmen-matsu-no-2-tpkm2,0.0,0,0,莆田湄洲灣 Putian,2026-08-30T21:44:18.641860+00:00,,,0.0,,25.186747,119.013283,eez,2026-08-31T01:00:40.959031+00:00
416003991,WU ZHOU HUI FENG,cargo,,416,Taiwan,台灣,16,critical,2,0,,0,taiwan-penghu-kinmen-matsu-no-2-tpkm2;taiwan-penghu-kinmen-matsu-no-3-tpkm3,0.0,0,0,深滬灣/圍頭東 Shenhu,2026-08-31T01:00:40.959031+00:00,復國墩漁港 Fuguodun,2026-08-31T05:49:54.519009+00:00,0.0,,24.408322,118.423317,eez,2026-09-01T04:37:22.691006+00:00
440637000,WOOGUM,tanker,,440,South Korea,韓國,16,critical,2,7.4,0.0,1,eac-c2c;taiwan-matsu-no-4;taiwan-penghu-kinmen-matsu-no-2-tpkm2;taiwan-penghu-kinmen-matsu-no-3-tpkm3,0.0,1,0,前鎮漁港 Qianzhen,2026-08-22T12:26:21.545854+00:00,,,19.9,,25.9519,121.365667,eez,2026-08-23T09:18:24.059147+00:00
441304000,GLOVIS CARDINAL,cargo,,441,South Korea,韓國,16,critical,1,5.3,1.7,1,apcn-2;taiwan-penghu-kinmen-matsu-no-3-tpkm3;taiwan-strait-express-1-tse-1,0.0,1,0,,,,,428.1,未觀測到靠港,22.777223,117.498502,eez,2026-08-26T02:06:31.082253+00:00
477189300,COSCO TAICANG,cargo,,477,Hong Kong,香港,16,critical,2,0,,0,apcn-2;seamewe-3;taiwan-penghu-kinmen-matsu-no-3-tpkm3,0.0,0,0,廈門 Xiamen,2026-08-24T02:03:27.398663+00:00,,,170.4,,26.026543,120.682087,eez,2026-08-31T05:49:54.519009+00:00
533170107,SHINLINE 15,cargo,,533,Malaysia,馬來西亞,16,critical,2,10.1,1.5,1,apcn-2;eac-c2c;flag-europe-asia-fea;taiwan-penghu-kinmen-matsu-no-2-tpkm2;taiwan-penghu-kinmen-matsu-no-3-tpkm3,0.0,1,0,基隆港 Keelung,2026-08-20T09:02:40.913184+00:00,,,41.8,,21.067722,119.856517,eez,2026-08-22T03:12:11.129638+00:00
538006451,UNITY N,cargo,,538,Marshall Islands,馬紹爾群島,16,critical,2,0,,0,apcn-2;flag-europe-asia-fea;flag-north-asia-loopreach-north-asia-loop;taiwan-penghu-kinmen-matsu-no-3-tpkm3,4.1,0,0,,,,,139.5,未觀測到靠港,23.140748,117.606488,eez,2026-08-26T18:49:43.036418+00:00
548747000,ANELA SKY,cargo,,548,Philippines,菲律賓,16,critical,2,15.3,0.8,3,apcn-2;asia-united-gateway-east-aug-east;eac-c2c;flag-north-asia-loopreach-north-asia-loop;southeast-asia-japan-cable-2-sjc2,2.2,1,0,,,,,553.2,未觀測到靠港,23.012162,117.298457,eez,2026-08-31T16:32:04.528899+00:00
563312900,EVER WORLD,cargo,,563,Singapore,新加坡,16,critical,2,0,,0,eac-c2c;taiwan-penghu-kinmen-matsu-no-2-tpkm2;taiwan-penghu-kinmen-matsu-no-3-tpkm3;trans-pacific-express-tpe-cable-system,0.0,0,0,鳳鼻頭漁港 Fengbitou,2026-08-26T05:56:16.418704+00:00,,,5.4,,21.890472,118.842497,eez,2026-08-26T12:39:22.068263+00:00
577755000,ACE WIN,cargo,,577,Vanuatu,萬那杜,16,critical,2,8.0,0.6,1,eac-c2c;taiwan-penghu-kinmen-matsu-no-2-tpkm2;taiwan-penghu-kinmen-matsu-no-3-tpkm3;taiwan-strait-express-1-tse-1;trans-pacific-express-tpe-cable-system,0.0,1,0,,,,,388.7,未觀測到靠港,26.36945,120.980633,eez,2026-08-28T11:34:06.990542+00:00
620800361,PACIFIC_PRINCESS,tanker,,620,Comoros,葛摩,16,critical,2,28.0,2.1,1,apcn-2;asia-united-gateway-east-aug-east;eac-c2c;flag-europe-asia-fea;flag-north-asia-loopreach-north-asia-loop,0.0,1,0,,,,,168.5,未觀測到靠港,22.754805,119.988707,internal_waters,2026-09-01T04:37:22.691006+00:00
622121422,WADI SAFAGA,cargo,,622,Egypt,埃及,16,critical,1,0,,0,apcn-2;taiwan-penghu-kinmen-matsu-no-2-tpkm2;taiwan-strait-express-1-tse-1,0.0,1,0,,,,,54.9,未觀測到靠港,25.747277,121.027662,eez,2026-08-10T12:54:36.212410+00:00
636016262,INDIAN GOODWILL,cargo,,636,Liberia,賴比瑞亞,16,critical,2,0,,0,taiwan-penghu-kinmen-matsu-no-2-tpkm2;taiwan-penghu-kinmen-matsu-no-3-tpkm3;trans-pacific-express-tpe-cable-system,0.0,0,0,小港臨海新村漁港 Xiaogang,2026-08-19T09:23:59.879155+00:00,,,305.3,,24.240568,120.450267,internal_waters,2026-09-01T04:37:22.691006+00:00
636026799,MMSI-636026799,tanker,,636,Liberia,賴比瑞亞,16,critical,2,17.3,2.0,2,apcn-2;asia-united-gateway-east-aug-east;eac-c2c;flag-europe-asia-fea;flag-north-asia-loopreach-north-asia-loop,0.0,0,0,,,,,120.7,未觀測到靠港,23.210035,122.805503,eez,2026-08-27T10:02:50.170976+00:00
677048900,HAI BAO,cargo,,677,Tanzania,坦尚尼亞,16,critical,2,17.8,0.1,3,taiwan-penghu-kinmen-matsu-no-3-tpkm3,23.1,1,0,,,,,559.3,未觀測到靠港,22.978783,120.174533,internal_waters,2026-09-01T04:37:22.691006+00:00
800123456,56B4S5,fishing,,800,Unknown,未知,16,critical,2,0,,0,taiwan-penghu-kinmen-matsu-no-3-tpkm3;taiwan-strait-express-1-tse-1,0.0,1,0,馬公港 Magong,2026-08-26T05:56:16.418704+00:00,,,95.6,,24.251262,118.336893,eez,2026-09-01T04:37:22.691006+00:00
200010607,NETFISHING       8V1,unknown,,200,Unknown,未知,15,critical,2,4.8,1.7,2,asia-united-gateway-east-aug-east;flag-north-asia-loopreach-north-asia-loop,0.0,1,0,,,,,445.9,未觀測到靠港,23.874945,122.407683,eez,2026-08-29T16:03:35.212630+00:00
200010609,NETFISHING       8V0,unknown,,200,Unknown,未知,15,critical,2,3.2,1.8,1,asia-united-gateway-east-aug-east,0.0,1,0,,,,,443.1,未觀測到靠港,23.837282,122.417853,eez,2026-08-29T13:14:06.253758+00:00
200041610,MMSI-200041610,cargo,,200,Unknown,未知,15,critical,2,4.9,0.9,2,taiwan-penghu-kinmen-matsu-no-3-tpkm3,1.3,1,0,內垵南漁港 Neian_S,2026-08-14T06:50:09.036254+00:00,,,226.1,,23.605577,119.477417,internal_waters,2026-08-26T07:16:35.545910+00:00
200361823,LIANTAIJIAOYANG9016,cargo,,200,Unknown,未知,15,critical,2,6.0,1.2,2,taiwan-matsu-no-4;taiwan-penghu-kinmen-matsu-no-3-tpkm3;taiwan-strait-express-1-tse-1,0.0,1,0,,,,,303.5,未觀測到靠港,26.22509,120.11077,eez,2026-08-29T21:24:09.012880+00:00
241673000,SEA EMERALD,tanker,,241,Greece,希臘,15,critical,2,10.9,1.7,5,apcn-2;asia-united-gateway-east-aug-east;eac-c2c;taiwan-penghu-kinmen-matsu-no-2-tpkm2;taiwan-penghu-kinmen-matsu-no-3-tpkm3;taiwan-strait-express-1-tse-1,0.0,1,0,,,,,559.3,未觀測到靠港,22.142073,120.15649,contiguous_zone,2026-09-01T04:37:22.691006+00:00
311001629,SAGA VOYAGER,cargo,,311,Bahamas,巴哈馬,15,critical,2,0,,0,apcn-2,2.6,1,0,,,,,96.3,未觀測到靠港,26.553658,121.733968,eez,2026-08-28T11:34:06.990542+00:00
371320000,TRANS FUTURE 8,cargo,,371,Panama,巴拿馬,15,critical,2,4.5,1.0,1,taiwan-penghu-kinmen-matsu-no-3-tpkm3,1.9,1,0,,,,,42.5,未觀測到靠港,25.832313,120.551578,eez,2026-08-10T15:51:10.148482+00:00
374494000,GLOBAL HIGHWAY,cargo,,374,Panama,巴拿馬,15,critical,2,14.6,0.1,1,eac-c2c;faster;taiwan-penghu-kinmen-matsu-no-2-tpkm2;taiwan-penghu-kinmen-matsu-no-3-tpkm3,0.0,1,0,台中港 Taichung,2026-08-13T05:14:47.387385+00:00,,,38.4,,26.161648,122.725228,eez,2026-08-14T21:17:18.721815+00:00
374670000,BRIGHT GOLD,tanker,,374,Panama,巴拿馬,15,critical,1,0,,0,taiwan-penghu-kinmen-matsu-no-2-tpkm2;taiwan-penghu-kinmen-matsu-no-3-tpkm3;taiwan-strait-express-1-tse-1,2.2,1,1,,,,,68.5,未觀測到靠港,26.664833,121.621267,eez,2026-08-11T02:32:45.606430+00:00
412354170,SHENG XIN 99,cargo,,412,China,中國,15,critical,2,0,,0,apcn-2;taiwan-penghu-kinmen-matsu-no-2-tpkm2;taiwan-penghu-kinmen-matsu-no-3-tpkm3;taiwan-strait-express-1-tse-1,0.0,0,0,汕頭港外 Shantou-appr,2026-08-26T05:01:47.083353+00:00,汕頭港外 Shantou-appr,2026-09-01T01:31:13.238497+00:00,82.8,,23.261048,116.862013,eez,2026-09-01T04:37:22.691006+00:00
412441066,MINLIANYU65391,fishing,,412,China,中國,15,critical,2,12.6,2.8,6,e2a;eac-c2c;faster;southeast-asia-japan-cable-2-sjc2;taiwan-penghu-kinmen-matsu-no-2-tpkm2;taiwan-penghu-kinmen-matsu-no-3-tpkm3;taiwan-strait-express-1-tse-1,0.0,0,0,,,,,305.3,未觀測到靠港,26.10165,120.18071,eez,2026-09-01T04:37:22.691006+00:00
412441156,MIN LIAN YU 60435,fishing,,412,China,中國,15,critical,1,0,,0,taiwan-matsu-no-4;taiwan-penghu-kinmen-matsu-no-3-tpkm3,0.0,0,0,,,,,284.5,未觀測到靠港,26.34435,120.03478,eez,2026-08-30T15:52:29.078583+00:00
412441474,MINLIANYU61986,fishing,,412,China,中國,15,critical,1,0,,0,taiwan-matsu-no-4;taiwan-penghu-kinmen-matsu-no-3-tpkm3,0.0,0,0,,,,,307.6,未觀測到靠港,26.16549,120.68598,eez,2026-09-01T04:37:22.691006+00:00
412441495,MINLIANYU60333,fishing,,412,China,中國,15,critical,2,7.2,2.9,3,taiwan-matsu-no-4;taiwan-penghu-kinmen-matsu-no-2-tpkm2;taiwan-penghu-kinmen-matsu-no-3-tpkm3;taiwan-strait-express-1-tse-1,0.0,0,0,,,,,307.6,未觀測到靠港,26.61847,120.69941,eez,2026-09-01T04:37:22.691006+00:00
412441512,MINLIANYU61961,fishing,,412,China,中國,15,critical,2,3.8,0.5,1,eac-c2c;taiwan-matsu-no-4;taiwan-penghu-kinmen-matsu-no-2-tpkm2;taiwan-penghu-kinmen-matsu-no-3-tpkm3;trans-pacific-express-tpe-cable-system,0.0,0,0,,,,,303.0,未觀測到靠港,26.15836,121.56341,eez,2026-09-01T04:37:22.691006+00:00
412441531,MINLIANYU61883,fishing,,412,China,中國,15,critical,1,5.3,3.2,1,taiwan-penghu-kinmen-matsu-no-3-tpkm3;taiwan-strait-express-1-tse-1,0.0,0,0,,,,,274.2,未觀測到靠港,25.98568,120.56831,eez,2026-08-30T05:34:21.607312+00:00
412441675,MIN LIAN YU 61816,fishing,,412,China,中國,15,critical,1,17.3,1.9,1,taiwan-matsu-no-4,0.0,0,0,,,,,307.6,未觀測到靠港,26.09379,120.71791,eez,2026-09-01T04:37:22.691006+00:00
412441932,MINLIANYUYUN62031,fishing,,412,China,中國,15,critical,2,6.0,1.9,2,taiwan-matsu-no-4;taiwan-penghu-kinmen-matsu-no-2-tpkm2;taiwan-penghu-kinmen-matsu-no-3-tpkm3;taiwan-strait-express-1-tse-1,0.0,0,0,,,,,383.7,未觀測到靠港,26.265783,120.0939,eez,2026-08-30T04:54:33.141207+00:00
412441956,MINLIANYU60271,fishing,,412,China,中國,15,critical,2,8.0,2.9,3,taiwan-matsu-no-4;taiwan-penghu-kinmen-matsu-no-2-tpkm2;taiwan-penghu-kinmen-matsu-no-3-tpkm3;taiwan-strait-express-1-tse-1,0.0,0,0,,,,,307.6,未觀測到靠港,26.63559,120.60222,eez,2026-09-01T04:37:22.691006+00:00
412442103,MINLIANYU60939,fishing,,412,China,中國,15,critical,1,7.8,3.6,2,taiwan-matsu-no-4;taiwan-penghu-kinmen-matsu-no-3-tpkm3;taiwan-strait-express-1-tse-1,0.0,0,0,,,,,288.8,未觀測到靠港,26.41179,120.82024,eez,2026-08-31T05:49:54.519009+00:00
412442263,MINLIANYU61866,fishing,,412,China,中國,15,critical,1,8.8,1.4,3,taiwan-penghu-kinmen-matsu-no-2-tpkm2;taiwan-penghu-kinmen-matsu-no-3-tpkm3,0.0,0,0,,,,,271.7,未觀測到靠港,26.12585,121.2461,eez,2026-08-30T04:54:33.141207+00:00
412442348,MINLIANYU60927,fishing,,412,China,中國,15,critical,2,12.2,3.1,3,taiwan-matsu-no-4;taiwan-penghu-kinmen-matsu-no-3-tpkm3;taiwan-strait-express-1-tse-1,0.0,0,0,,,,,307.6,未觀測到靠港,26.56232,120.6074,eez,2026-09-01T04:37:22.691006+00:00
412442707,MINLIANYU60406,fishing,,412,China,中國,15,critical,1,9.3,3.0,4,taiwan-matsu-no-4;taiwan-penghu-kinmen-matsu-no-2-tpkm2;taiwan-penghu-kinmen-matsu-no-3-tpkm3;taiwan-strait-express-1-tse-1,0.0,0,0,,,,,288.8,未觀測到靠港,26.49741,120.82776,eez,2026-08-31T05:49:54.519009+00:00
412443017,MINCHANGYU23196,fishing,,412,China,中國,15,critical,1,4.8,0.2,1,taiwan-strait-express-1-tse-1,0.0,0,0,閩江口錨地 Minjiangkou,2026-08-28T21:39:12.654619+00:00,,,36.9,,25.91775,119.73748,eez,2026-08-30T15:52:29.078583+00:00
412443026,MINCHANGYU23169,fishing,,412,China,中國,15,critical,2,21.2,0.7,1,taiwan-penghu-kinmen-matsu-no-3-tpkm3;taiwan-strait-express-1-tse-1,0.0,0,0,閩江口錨地 Minjiangkou,2026-08-28T21:39:12.654619+00:00,,,63.7,,25.89651,119.89166,eez,2026-08-31T18:36:53.316921+00:00
412443135,MINLIANYU60959,fishing,,412,China,中國,15,critical,2,8.0,3.0,3,taiwan-matsu-no-4;taiwan-penghu-kinmen-matsu-no-2-tpkm2;taiwan-penghu-kinmen-matsu-no-3-tpkm3;taiwan-strait-express-1-tse-1,0.0,0,0,,,,,307.6,未觀測到靠港,26.60706,120.78633,eez,2026-09-01T04:37:22.691006+00:00
412444163,MINLONGYU66856,fishing,,412,China,中國,15,critical,2,2.4,,0,taiwan-penghu-kinmen-matsu-no-3-tpkm3,0.0,0,0,,,,,301.6,未觀測到靠港,24.15436,118.65741,eez,2026-08-31T18:36:53.316921+00:00
412444880,XING DONG 18,cargo,,412,China,中國,15,critical,2,52.4,0.3,5,taiwan-penghu-kinmen-matsu-no-2-tpkm2;taiwan-penghu-kinmen-matsu-no-3-tpkm3,0.0,0,0,新湖漁港 Xinhu,2026-08-27T10:02:50.170976+00:00,廈門 Xiamen,2026-08-28T05:01:48.482487+00:00,2.3,,24.415263,118.039307,eez,2026-08-31T04:58:30.564755+00:00
412444926,MINLONGYU64319,fishing,,412,China,中國,15,critical,2,0,,0,taiwan-penghu-kinmen-matsu-no-2-tpkm2;taiwan-penghu-kinmen-matsu-no-3-tpkm3,0.0,0,0,廈門 Xiamen,2026-08-24T15:29:51.857744+00:00,,,70.1,,24.86933,119.31924,eez,2026-08-31T18:36:53.316921+00:00
412444941,MIN LONG YU 60375,fishing,,412,China,中國,15,critical,1,1.2,,0,taiwan-penghu-kinmen-matsu-no-2-tpkm2;taiwan-penghu-kinmen-matsu-no-3-tpkm3,0.0,0,0,,,,,297.2,未觀測到靠港,24.28907,118.80485,eez,2026-08-31T18:36:53.316921+00:00
412445477,MINLIANYUYUN60111,fishing,,412,China,中國,15,critical,1,0,,0,taiwan-strait-express-1-tse-1,0.0,0,0,,,,,352.9,未觀測到靠港,25.049783,119.614467,eez,2026-08-30T21:44:18.641860+00:00
412445533,01285,fishing,,412,China,中國,15,critical,2,7.8,2.7,1,taiwan-penghu-kinmen-matsu-no-2-tpkm2;taiwan-penghu-kinmen-matsu-no-3-tpkm3,0.0,0,0,,,,,284.8,未觀測到靠港,24.30714,118.49535,eez,2026-08-31T05:49:54.519009+00:00
412445637,MINLIANYU60011,fishing,,412,China,中國,15,critical,2,4.1,3.1,3,taiwan-matsu-no-4;taiwan-penghu-kinmen-matsu-no-2-tpkm2;taiwan-penghu-kinmen-matsu-no-3-tpkm3;taiwan-strait-express-1-tse-1,0.0,0,0,,,,,307.6,未觀測到靠港,26.64258,120.78552,eez,2026-09-01T04:37:22.691006+00:00
412445658,MINLIANYU60012,fishing,,412,China,中國,15,critical,2,20.5,3.2,3,taiwan-matsu-no-4;taiwan-penghu-kinmen-matsu-no-2-tpkm2;taiwan-penghu-kinmen-matsu-no-3-tpkm3;taiwan-strait-express-1-tse-1,0.0,0,0,,,,,307.6,未觀測到靠港,26.62415,120.84827,eez,2026-09-01T04:37:22.691006+00:00
412446259,MINLONGYU61688,fishing,,412,China,中國,15,critical,1,6.0,3.8,1,taiwan-penghu-kinmen-matsu-no-3-tpkm3,0.0,0,0,,,,,307.6,未觀測到靠港,24.32393,118.11384,eez,2026-09-01T04:37:22.691006+00:00
412447746,MINLIANYU60408,fishing,,412,China,中國,15,critical,2,4.7,3.1,2,taiwan-matsu-no-4;taiwan-penghu-kinmen-matsu-no-2-tpkm2;taiwan-penghu-kinmen-matsu-no-3-tpkm3;taiwan-strait-express-1-tse-1,0.0,0,0,,,,,307.6,未觀測到靠港,26.54812,120.68677,eez,2026-09-01T04:37:22.691006+00:00
412447777,MINLONGYU63889,fishing,,412,China,中國,15,critical,2,0.8,,0,taiwan-penghu-kinmen-matsu-no-3-tpkm3,0.0,0,0,,,,,276.4,未觀測到靠港,24.27834,118.3685,eez,2026-08-30T18:16:08.308925+00:00
412451887,MIN HUI YU 01768,fishing,,412,China,中國,15,critical,1,0,,0,taiwan-penghu-kinmen-matsu-no-2-tpkm2,0.0,0,0,,,,,270.9,未觀測到靠港,25.11166,119.65268,eez,2026-08-30T15:52:29.078583+00:00
412452146,MINQUANYU01699,fishing,,412,China,中國,15,critical,2,0,,0,h2-cable,0.0,0,0,,,,,281.0,未觀測到靠港,24.9186,119.27834,eez,2026-08-31T18:36:53.316921+00:00
412481538,MINLIANYU60898,fishing,,412,China,中國,15,critical,2,17.6,3.2,4,taiwan-matsu-no-4;taiwan-penghu-kinmen-matsu-no-2-tpkm2;taiwan-penghu-kinmen-matsu-no-3-tpkm3;taiwan-strait-express-1-tse-1,0.0,0,0,,,,,307.6,未觀測到靠港,26.67169,120.83853,eez,2026-09-01T04:37:22.691006+00:00
412702620,YU CHANG 8,cargo,,412,China,中國,15,critical,1,120.4,0.3,1,taiwan-penghu-kinmen-matsu-no-2-tpkm2;taiwan-penghu-kinmen-matsu-no-3-tpkm3;taiwan-strait-express-1-tse-1,0.0,0,0,復國墩漁港 Fuguodun,2026-08-31T05:49:54.519009+00:00,,,14.4,,24.321457,118.360343,eez,2026-09-01T04:37:22.691006+00:00
412704040,TAI GANG,cargo,,412,China,中國,15,critical,2,31.9,0.6,2,taiwan-penghu-kinmen-matsu-no-2-tpkm2;taiwan-penghu-kinmen-matsu-no-3-tpkm3,8.6,0,0,廈門 Xiamen,2026-08-29T21:24:09.012880+00:00,,,41.7,,24.452758,117.980577,eez,2026-08-31T18:36:53.316921+00:00
412888888,00088,fishing,,412,China,中國,15,critical,2,0,,0,taiwan-penghu-kinmen-matsu-no-3-tpkm3,0.0,0,0,,,,,471.6,未觀測到靠港,24.31615,118.136083,eez,2026-08-28T21:39:12.654619+00:00
413234780,LIAN SHENG 589,cargo,,413,China,中國,15,critical,1,0,,0,,12.9,0,0,,,,,540.3,未觀測到靠港,26.4429,119.93212,eez,2026-08-30T21:44:18.641860+00:00
413241050,XIN SHUN HANG 569,cargo,,413,China,中國,15,critical,2,1.9,,0,taiwan-strait-express-1-tse-1,6.6,0,0,福州馬尾 Fuzhou-Mawei,2026-08-31T21:41:57.448444+00:00,,,3.1,,26.045093,119.719773,eez,2026-09-01T04:37:22.691006+00:00
413303020,DONG LI HAI TAI,cargo,,413,China,中國,15,critical,2,0,,0,taiwan-penghu-kinmen-matsu-no-3-tpkm3,0.0,0,0,,,,,300.1,未觀測到靠港,23.123207,117.283695,eez,2026-08-21T03:27:00.884596+00:00
413371410,BAO XIN HAI,cargo,,413,China,中國,15,critical,2,15.5,0.2,1,taiwan-penghu-kinmen-matsu-no-2-tpkm2;taiwan-penghu-kinmen-matsu-no-3-tpkm3,1.2,0,0,深滬灣/圍頭東 Shenhu,2026-08-29T13:14:06.253758+00:00,,,62.5,,27.590463,121.063422,eez,2026-09-01T04:37:22.691006+00:00
413486680,SUIFUHANG888,cargo,,413,China,中國,15,critical,1,0,,0,,0.0,0,0,,,,,518.7,未觀測到靠港,23.506845,117.276413,eez,2026-08-30T12:03:28.899785+00:00
413498610,NINGYUANYONGAN,cargo,,413,China,中國,15,critical,2,12.1,1.6,1,apcn-2;eac-c2c;faster;taiwan-penghu-kinmen-matsu-no-2-tpkm2;taiwan-penghu-kinmen-matsu-no-3-tpkm3;taiwan-strait-express-1-tse-1,0.0,0,0,小港臨海新村漁港 Xiaogang,2026-08-26T05:56:16.418704+00:00,,,62.4,,27.442318,121.265973,eez,2026-08-28T21:39:12.654619+00:00
413610980,XINQIANJIN,tanker,,413,China,中國,15,critical,2,8.8,0.7,1,taiwan-matsu-no-4;taiwan-penghu-kinmen-matsu-no-3-tpkm3;taiwan-strait-express-1-tse-1,0.0,0,0,湄洲灣泉港 Meizhouwan,2026-08-24T07:34:00.582328+00:00,,,108.5,,27.32253,121.183307,eez,2026-08-28T21:39:12.654619+00:00
413693580,ZHONGFUSHUN,cargo,,413,China,中國,15,critical,2,0,,0,taiwan-penghu-kinmen-matsu-no-2-tpkm2;taiwan-penghu-kinmen-matsu-no-3-tpkm3;taiwan-strait-express-1-tse-1,0.0,0,0,汕頭港外 Shantou-appr,2026-08-30T15:52:29.078583+00:00,廈門 Xiamen,2026-08-31T04:58:30.564755+00:00,6.7,,24.388367,118.098717,eez,2026-08-31T18:36:53.316921+00:00
416001077,MAN TSAI SHIVH,fishing,,416,Taiwan,台灣,15,critical,1,95.2,2.7,5,apcn-2;eac-c2c;faster,0.0,0,0,八斗子漁港 Badouzi,2026-08-18T01:55:46.727923+00:00,,,337.4,,25.770712,122.032182,territorial_sea,2026-09-01T04:37:22.691006+00:00
416052539,CT2-5253-9      (14),fishing,,416,Taiwan,台灣,15,critical,1,2.8,,0,tpu,0.0,0,0,伽藍漁港 Fugang,2026-08-20T01:56:34.314431+00:00,,,279.4,,22.791872,121.193688,internal_waters,2026-08-31T18:36:53.316921+00:00
416888888,H888888,fishing,,416,Taiwan,台灣,15,critical,1,0,,0,e2a;eac-c2c;faster,0.0,0,0,蘇澳港 Suao,2026-08-25T05:54:11.939292+00:00,,,143.1,,23.996547,119.582957,territorial_sea,2026-08-31T16:32:04.528899+00:00
422222000,MMSI-422222000,tanker,,422,Iran,伊朗,15,critical,2,0,,0,,0.0,1,1,,,,,311.2,未觀測到靠港,23.271375,117.7078,eez,2026-08-25T04:05:56.477331+00:00
431172000,DIONE LEADER,cargo,,431,Japan,日本,15,critical,2,9.3,2.3,3,eac-c2c;flag-north-asia-loopreach-north-asia-loop;seamewe-3;southeast-asia-japan-cable-2-sjc2,0.0,0,0,,,,,50.1,未觀測到靠港,26.642532,122.037457,eez,2026-08-10T23:25:57.749336+00:00
440117000,HMM BLESSING,cargo,,440,South Korea,韓國,15,critical,1,7.6,1.9,1,apcn-2;taiwan-penghu-kinmen-matsu-no-3-tpkm3;trans-pacific-express-tpe-cable-system,0.0,1,0,,,,,203.8,未觀測到靠港,25.38791,121.69452,internal_waters,2026-08-31T04:58:30.564755+00:00
477134400,SEA SILK JINJIANG,cargo,,477,Hong Kong,香港,15,critical,1,0,,0,asia-direct-cable-adc;taiwan-penghu-kinmen-matsu-no-3-tpkm3,0.0,0,0,廈門 Xiamen,2026-08-29T16:03:35.212630+00:00,,,6.9,,22.804,119.251617,contiguous_zone,2026-08-30T00:54:50.080310+00:00
477524300,MILD TUNE,cargo,,477,Hong Kong,香港,15,critical,2,6.6,1.2,1,taiwan-matsu-no-4;taiwan-penghu-kinmen-matsu-no-3-tpkm3,0.0,0,0,廈門 Xiamen,2026-08-25T09:25:20.380906+00:00,,,161.3,,24.254523,118.603705,eez,2026-09-01T04:37:22.691006+00:00
538006247,LOTUS RISING,cargo,,538,Marshall Islands,馬紹爾群島,15,critical,2,7.8,2.7,2,apcn-2;asia-pacific-gateway-apg;asia-united-gateway-east-aug-east;e2a;h2-cable;orca,6.9,0,0,,,,,185.8,未觀測到靠港,25.990873,122.942605,eez,2026-08-30T00:54:50.080310+00:00
538009233,MMSI-538009233,tanker,,538,Marshall Islands,馬紹爾群島,15,critical,2,0,,0,apcn-2;eac-c2c;seamewe-3;taiwan-penghu-kinmen-matsu-no-3-tpkm3,5.5,0,0,,,,,204.3,未觀測到靠港,22.957327,119.79656,internal_waters,2026-08-28T11:34:06.990542+00:00
538009928,ECO ENCHANTED,tanker,,538,Marshall Islands,馬紹爾群島,15,critical,1,4.0,2.1,1,eac-c2c;taiwan-penghu-kinmen-matsu-no-3-tpkm3;taiwan-strait-express-1-tse-1,0.0,0,0,,,,,259.6,未觀測到靠港,22.608328,118.926987,eez,2026-08-19T01:39:19.475482+00:00
563058100,ST.MICHAELIS,tanker,,563,Singapore,新加坡,15,critical,2,7.3,3.3,2,apcn-2;flag-north-asia-loopreach-north-asia-loop;seamewe-3;taiwan-penghu-kinmen-matsu-no-2-tpkm2;trans-pacific-express-tpe-cable-system,0.0,0,0,,,,,347.7,未觀測到靠港,22.285777,119.08972,eez,2026-08-22T21:12:40.405287+00:00
563178000,PRACHI,tanker,,563,Singapore,新加坡,15,critical,2,17.5,1.3,1,apcn-2;asia-united-gateway-east-aug-east;eac-c2c;seamewe-3,0.0,0,0,,,,,123.5,未觀測到靠港,21.340798,119.851768,eez,2026-08-17T05:56:49.084235+00:00
563255900,SUNNY TRITON,tanker,,563,Singapore,新加坡,15,critical,2,13.7,0.0,1,apcn-2;asia-united-gateway-east-aug-east;eac-c2c;faster;new-cross-pacific-ncp-cable-system;taiwan-penghu-kinmen-matsu-no-3-tpkm3;trans-pacific-express-tpe-cable-system,0.0,0,0,台北港 Taipei,2026-08-20T23:17:11.148940+00:00,,,152.3,,25.21317,122.563303,eez,2026-08-27T10:02:50.170976+00:00
620999951,NEPTUNE,cargo,,620,Comoros,葛摩,15,critical,2,210.7,0.7,2,eac-c2c;taiwan-penghu-kinmen-matsu-no-2-tpkm2;taiwan-penghu-kinmen-matsu-no-3-tpkm3;taiwan-strait-express-1-tse-1;trans-pacific-express-tpe-cable-system,0.0,1,0,,,,,559.3,未觀測到靠港,24.523475,120.358702,territorial_sea,2026-09-01T04:37:22.691006+00:00
629028482,BEESTA,tanker,,629,Gambia,甘比亞,15,critical,2,33.3,1.4,7,apcn-2;asia-pacific-gateway-apg;asia-united-gateway-east-aug-east;eac-c2c;flag-europe-asia-fea;hong-kong-americas-hka;new-cross-pacific-ncp-cable-system,0.0,1,0,,,,,258.0,未觀測到靠港,21.352258,120.131362,eez,2026-08-19T15:21:52.877359+00:00
631010157,HUIZHOU,tanker,,631,Equatorial Guinea,赤道幾內亞,15,critical,2,22.1,1.5,2,eac-c2c;taiwan-penghu-kinmen-matsu-no-2-tpkm2;taiwan-penghu-kinmen-matsu-no-3-tpkm3;taiwan-strait-express-1-tse-1;trans-pacific-express-tpe-cable-system,0.0,1,0,,,,,297.3,未觀測到靠港,22.788792,120.058627,internal_waters,2026-09-01T04:37:22.691006+00:00
636012797,YM INITIATIVE,cargo,,636,Liberia,賴比瑞亞,15,critical,1,0,,0,apcn-2;eac-c2c;southeast-asia-japan-cable-sjc,1.5,0,0,小港臨海新村漁港 Xiaogang,2026-08-25T19:28:24.092970+00:00,,,141.3,,22.542192,120.329487,internal_waters,2026-08-31T18:36:53.316921+00:00
650000174,ASTRA,tanker,,650,Mozambique,莫三比克,15,critical,1,0,,0,eac-c2c;taiwan-penghu-kinmen-matsu-no-2-tpkm2;taiwan-penghu-kinmen-matsu-no-3-tpkm3,0.0,1,1,,,,,31.0,未觀測到靠港,23.03137,117.739008,eez,2026-08-13T19:52:59.371224+00:00
800051100,00328,cargo,,800,Unknown,未知,15,critical,1,0,,0,taiwan-strait-express-1-tse-1,0.0,1,0,,,,,122.5,未觀測到靠港,26.179807,119.793235,eez,2026-08-21T05:54:15.565293+00:00
875411111,11111,fishing,,875,Unknown,未知,15,critical,1,0,,0,seamewe-3,0.0,1,0,,,,,539.1,未觀測到靠港,23.213348,117.496317,eez,2026-08-31T18:36:53.316921+00:00
100921335,MINLONGYU64319,fishing,,100,Unknown,未知,14,critical,1,0,,0,taiwan-penghu-kinmen-matsu-no-2-tpkm2;taiwan-penghu-kinmen-matsu-no-3-tpkm3,0.0,1,0,廈門 Xiamen,2026-08-24T15:29:51.857744+00:00,,,0.0,,24.43022,117.84823,eez,2026-08-24T17:23:00.120347+00:00
108002139,MINLIANYU69331-3,unknown,,108,Unknown,未知,14,critical,2,9.7,1.1,3,taiwan-matsu-no-4,0.0,1,0,,,,,291.3,未觀測到靠港,26.13705,120.14259,eez,2026-08-31T18:36:53.316921+00:00
13005070,CT2-5070:3       7V9,unknown,,130,Unknown,未知,14,critical,2,8.1,0.1,2,asia-united-gateway-east-aug-east,0.0,1,0,蘇澳港 Suao,2026-08-20T09:02:40.913184+00:00,,,37.8,,24.673907,121.861302,internal_waters,2026-08-21T23:14:38.874928+00:00
18005602,CT2-5602-8       8V1,unknown,,180,Unknown,未知,14,critical,2,10.9,1.5,3,apcn-2;asia-pacific-gateway-apg;asia-united-gateway-east-aug-east;e2a;eac-c2c;h2-cable,0.0,1,0,,,,,458.3,未觀測到靠港,24.860017,122.105157,territorial_sea,2026-08-31T16:32:04.528899+00:00
200010610,NETFISHING       8V0,unknown,,200,Unknown,未知,14,critical,2,6.2,2.5,1,apcn-2;asia-united-gateway-east-aug-east;flag-north-asia-loopreach-north-asia-loop,0.0,1,0,,,,,482.8,未觀測到靠港,23.829382,122.564452,eez,2026-08-31T04:58:30.564755+00:00
205534000,GOLDEN WAVE,cargo,,205,Unknown,未知,14,critical,2,0,,0,eac-c2c;flag-europe-asia-fea;flag-north-asia-loopreach-north-asia-loop;taiwan-penghu-kinmen-matsu-no-2-tpkm2,14.9,1,0,麗水漁港 Lishui,2026-08-23T04:58:29.790954+00:00,,,22.4,,21.107493,121.346527,eez,2026-08-24T04:13:24.721954+00:00
269047000,ST-CERGUE,cargo,,269,Unknown,未知,14,critical,1,0,,0,apcn-2;asia-direct-cable-adc;taiwan-penghu-kinmen-matsu-no-2-tpkm2,0.0,1,0,,,,,207.9,未觀測到靠港,23.035392,117.36536,eez,2026-08-19T15:21:52.877359+00:00
312672000,SUMMER BAY,cargo,,312,Belize,貝里斯,14,critical,1,0,,0,,21.1,1,0,,,,,557.3,未觀測到靠港,23.583677,119.06076,contiguous_zone,2026-09-01T04:37:22.691006+00:00
351664000,ITX EHIME,cargo,,351,Panama,巴拿馬,14,critical,2,17.2,0.7,1,apcn-2;asia-united-gateway-east-aug-east;e2a;eac-c2c;taiwan-penghu-kinmen-matsu-no-2-tpkm2;taiwan-penghu-kinmen-matsu-no-3-tpkm3;tpu,0.0,0,0,小港臨海新村漁港 Xiaogang,2026-08-25T09:25:20.380906+00:00,,,28.9,,22.85479,122.385215,eez,2026-08-26T16:10:14.987861+00:00
352003252,MING XI HAI YANG,cargo,,352,Panama,巴拿馬,14,critical,1,0,,0,apcn-2;taiwan-penghu-kinmen-matsu-no-3-tpkm3,1.6,0,0,高雄港 Kaohsiung,2026-08-25T09:25:20.380906+00:00,,,72.3,,27.44642,122.1562,eez,2026-08-28T11:34:06.990542+00:00
357020000,TIARA 108,cargo,,357,Panama,巴拿馬,14,critical,2,11.7,1.6,1,apcn-2;flag-north-asia-loopreach-north-asia-loop,5.4,0,0,高雄港 Kaohsiung,2026-08-26T03:29:57.399731+00:00,,,144.5,,22.009268,120.260438,contiguous_zone,2026-09-01T04:37:22.691006+00:00
357527000,STEP FORWARD,cargo,,357,Panama,巴拿馬,14,critical,1,0,,0,asia-pacific-gateway-apg;asia-united-gateway-east-aug-east;seamewe-3,0.0,0,0,蘇澳港 Suao,2026-08-31T05:49:54.519009+00:00,,,4.4,,25.779725,122.251238,contiguous_zone,2026-08-31T18:36:53.316921+00:00
412066824,MINLONGYU66824,fishing,,412,China,中國,14,critical,1,6.8,3.4,5,taiwan-penghu-kinmen-matsu-no-3-tpkm3,0.0,0,0,,,,,286.6,未觀測到靠港,24.31118,118.49707,eez,2026-08-30T15:52:29.078583+00:00
412204970,DONG SHAN 29,cargo,,412,China,中國,14,critical,2,42.3,0.3,5,cross-straits-cable-network;taiwan-penghu-kinmen-matsu-no-2-tpkm2;taiwan-penghu-kinmen-matsu-no-3-tpkm3,0.0,0,0,桶盤漁港 Tongpan,2026-08-28T11:34:06.990542+00:00,,,68.0,,25.942783,119.8692,eez,2026-08-31T16:32:04.528899+00:00
412441015,MINLIANYU62399,fishing,,412,China,中國,14,critical,1,3.8,2.4,1,taiwan-penghu-kinmen-matsu-no-3-tpkm3;taiwan-strait-express-1-tse-1,0.0,0,0,,,,,292.8,未觀測到靠港,26.28515,119.78195,eez,2026-08-31T14:11:41.168860+00:00
412441037,MINLIANYU60407,fishing,,412,China,中國,14,critical,1,5.9,2.8,3,taiwan-matsu-no-4;taiwan-penghu-kinmen-matsu-no-2-tpkm2;taiwan-strait-express-1-tse-1,0.0,0,0,,,,,307.6,未觀測到靠港,26.53156,120.77303,eez,2026-09-01T04:37:22.691006+00:00
412441057,MINLIANYU60157,fishing,,412,China,中國,14,critical,2,7.4,1.2,2,taiwan-matsu-no-4;taiwan-penghu-kinmen-matsu-no-3-tpkm3,0.0,0,0,,,,,300.7,未觀測到靠港,26.24496,120.20338,eez,2026-08-31T21:41:57.448444+00:00
412441075,MINLIANYU61785,fishing,,412,China,中國,14,critical,2,7.4,3.0,1,taiwan-matsu-no-4;taiwan-penghu-kinmen-matsu-no-2-tpkm2;taiwan-penghu-kinmen-matsu-no-3-tpkm3;taiwan-strait-express-1-tse-1,0.0,0,0,,,,,304.5,未觀測到靠港,25.80888,120.20596,eez,2026-09-01T01:31:13.238497+00:00
412441139,MINLIANYU,fishing,,412,China,中國,14,critical,2,17.8,1.4,6,taiwan-matsu-no-4;taiwan-penghu-kinmen-matsu-no-2-tpkm2;taiwan-penghu-kinmen-matsu-no-3-tpkm3,0.0,0,0,,,,,307.6,未觀測到靠港,26.34718,120.35977,eez,2026-09-01T04:37:22.691006+00:00
412441219,MINLIANYU68994,fishing,,412,China,中國,14,critical,1,8.3,3.7,3,taiwan-penghu-kinmen-matsu-no-3-tpkm3;taiwan-strait-express-1-tse-1,0.0,0,0,,,,,307.6,未觀測到靠港,25.99248,120.16032,eez,2026-09-01T04:37:22.691006+00:00
412441268,MINLIANYU61518,fishing,,412,China,中國,14,critical,2,6.6,2.3,4,taiwan-matsu-no-4;taiwan-penghu-kinmen-matsu-no-3-tpkm3;taiwan-strait-express-1-tse-1,0.0,0,0,,,,,287.4,未觀測到靠港,26.31811,119.87788,eez,2026-08-31T01:00:40.959031+00:00
412441628,MINLIANYU60013,fishing,,412,China,中國,14,critical,1,14.3,3.4,5,taiwan-matsu-no-4;taiwan-penghu-kinmen-matsu-no-3-tpkm3;taiwan-strait-express-1-tse-1,0.0,0,0,,,,,307.6,未觀測到靠港,25.8997,120.24491,eez,2026-09-01T04:37:22.691006+00:00
412441919,MINLIANYUYUN60808,fishing,,412,China,中國,14,critical,2,10.9,2.5,2,taiwan-matsu-no-4;taiwan-penghu-kinmen-matsu-no-2-tpkm2;taiwan-penghu-kinmen-matsu-no-3-tpkm3;taiwan-strait-express-1-tse-1,0.0,0,0,,,,,307.6,未觀測到靠港,26.70468,120.62608,eez,2026-09-01T04:37:22.691006+00:00
412441975,MINLIANYU60495,fishing,,412,China,中國,14,critical,2,9.6,2.9,5,taiwan-matsu-no-4;taiwan-penghu-kinmen-matsu-no-2-tpkm2;taiwan-penghu-kinmen-matsu-no-3-tpkm3;taiwan-strait-express-1-tse-1,0.0,0,0,,,,,305.3,未觀測到靠港,26.59943,120.74617,eez,2026-09-01T04:37:22.691006+00:00
412442126,MINLIANYUYUN61189,fishing,,412,China,中國,14,critical,2,5.3,0.5,1,taiwan-matsu-no-4;taiwan-penghu-kinmen-matsu-no-3-tpkm3,0.0,0,0,,,,,300.7,未觀測到靠港,26.31585,119.85911,eez,2026-08-31T21:41:57.448444+00:00
412442368,MINLIANYU61728,fishing,,412,China,中國,14,critical,1,6.3,2.5,2,taiwan-matsu-no-4;taiwan-penghu-kinmen-matsu-no-3-tpkm3;taiwan-strait-express-1-tse-1,0.0,0,0,,,,,287.4,未觀測到靠港,26.31745,119.88236,eez,2026-08-31T01:00:40.959031+00:00
412442406,MINLIANYUYUN66156,unknown,,412,China,中國,14,critical,2,29.9,0.7,3,e2a;eac-c2c;faster;taiwan-penghu-kinmen-matsu-no-3-tpkm3;taiwan-strait-express-1-tse-1,0.0,0,0,,,,,307.6,未觀測到靠港,26.08261,120.17213,eez,2026-09-01T04:37:22.691006+00:00
412443857,MINLIANYU60983,fishing,,412,China,中國,14,critical,1,17.3,3.3,2,taiwan-penghu-kinmen-matsu-no-2-tpkm2;taiwan-penghu-kinmen-matsu-no-3-tpkm3;taiwan-strait-express-1-tse-1,0.0,0,0,,,,,307.6,未觀測到靠港,26.65246,120.7497,eez,2026-09-01T04:37:22.691006+00:00
412444189,MINLONGYU66824,fishing,,412,China,中國,14,critical,1,6.8,3.3,4,taiwan-penghu-kinmen-matsu-no-3-tpkm3,0.0,0,0,,,,,286.6,未觀測到靠港,24.31109,118.49252,eez,2026-08-30T15:52:29.078583+00:00
412444335,MINLONGYU61287,fishing,,412,China,中國,14,critical,1,6.0,2.9,1,taiwan-penghu-kinmen-matsu-no-3-tpkm3,0.0,0,0,,,,,278.2,未觀測到靠港,24.21114,118.13673,eez,2026-08-30T15:52:29.078583+00:00
412444396,MINLIANYU60269,fishing,,412,China,中國,14,critical,2,9.6,3.4,4,taiwan-matsu-no-4;taiwan-penghu-kinmen-matsu-no-2-tpkm2;taiwan-penghu-kinmen-matsu-no-3-tpkm3;taiwan-strait-express-1-tse-1,0.0,0,0,,,,,307.6,未觀測到靠港,26.63976,120.73592,eez,2026-09-01T04:37:22.691006+00:00
412444525,61152,fishing,,412,China,中國,14,critical,2,9.6,3.4,1,taiwan-penghu-kinmen-matsu-no-2-tpkm2;taiwan-penghu-kinmen-matsu-no-3-tpkm3,0.0,0,0,,,,,307.6,未觀測到靠港,24.22956,118.53773,eez,2026-09-01T04:37:22.691006+00:00
412445234,61859GYU61859,fishing,,412,China,中國,14,critical,2,3.5,2.6,1,taiwan-penghu-kinmen-matsu-no-2-tpkm2;taiwan-penghu-kinmen-matsu-no-3-tpkm3,0.0,0,0,,,,,279.4,未觀測到靠港,24.34626,118.69131,eez,2026-08-31T04:58:30.564755+00:00
412446421,MINLIANYU62167,fishing,,412,China,中國,14,critical,2,8.3,3.6,3,taiwan-penghu-kinmen-matsu-no-3-tpkm3;taiwan-strait-express-1-tse-1,0.0,0,0,,,,,300.7,未觀測到靠港,23.4735,117.7157,eez,2026-08-31T21:41:57.448444+00:00
412447217,MIN LONG YU 61855,fishing,,412,China,中國,14,critical,2,4.2,2.7,1,taiwan-penghu-kinmen-matsu-no-2-tpkm2;taiwan-penghu-kinmen-matsu-no-3-tpkm3,0.0,0,0,,,,,281.3,未觀測到靠港,24.30802,118.46715,eez,2026-08-31T05:49:54.519009+00:00
412447579,MINLIANYU60889,fishing,,412,China,中國,14,critical,1,5.6,3.0,1,taiwan-penghu-kinmen-matsu-no-2-tpkm2,0.0,0,0,,,,,291.3,未觀測到靠港,26.70153,120.84139,eez,2026-08-31T04:58:30.564755+00:00
412450885,MINLIANYU62165,fishing,,412,China,中國,14,critical,1,8.3,3.7,5,taiwan-matsu-no-4;taiwan-penghu-kinmen-matsu-no-3-tpkm3;taiwan-strait-express-1-tse-1,0.0,0,0,,,,,307.6,未觀測到靠港,26.27461,119.78871,eez,2026-09-01T04:37:22.691006+00:00
412451653,MIN SHI YU 06526,fishing,,412,China,中國,14,critical,2,7.7,3.5,2,taiwan-penghu-kinmen-matsu-no-2-tpkm2;taiwan-penghu-kinmen-matsu-no-3-tpkm3,0.0,0,0,,,,,278.2,未觀測到靠港,24.46127,118.68922,eez,2026-08-30T15:52:29.078583+00:00
412452695,MINLIANYU61519,fishing,,412,China,中國,14,critical,1,7.6,2.0,4,taiwan-matsu-no-4;taiwan-penghu-kinmen-matsu-no-3-tpkm3;taiwan-strait-express-1-tse-1,0.0,0,0,,,,,285.6,未觀測到靠港,26.31768,119.88074,eez,2026-08-31T01:00:40.959031+00:00
413265270,JI XIANG JIN XIU,cargo,,413,China,中國,14,critical,1,14.2,0.7,1,taiwan-penghu-kinmen-matsu-no-2-tpkm2;taiwan-penghu-kinmen-matsu-no-3-tpkm3,0.0,0,0,深滬灣/圍頭東 Shenhu,2026-08-09T12:37:39.775245+00:00,深滬灣/圍頭東 Shenhu,2026-08-30T05:34:21.607312+00:00,495.2,,24.627695,118.43344,eez,2026-08-30T15:52:29.078583+00:00
413313110,HAISHENGJIA877,cargo,,413,China,中國,14,critical,2,0,,0,,9.2,0,0,,,,,559.3,未觀測到靠港,26.247367,119.804808,eez,2026-09-01T04:37:22.691006+00:00
413400630,HAI XIN YOU 602,tanker,,413,China,中國,14,critical,2,0,,0,southeast-asia-japan-cable-sjc;taiwan-penghu-kinmen-matsu-no-2-tpkm2;taiwan-penghu-kinmen-matsu-no-3-tpkm3,6.8,0,0,同安灣/廈門灣北 Tongan,2026-08-31T04:58:30.564755+00:00,莆田湄洲灣 Putian,2026-08-31T21:41:57.448444+00:00,4.4,,25.056002,119.05577,eez,2026-09-01T04:37:22.691006+00:00
413521630,YU JIA 9,cargo,,413,China,中國,14,critical,2,44.6,0.3,1,taiwan-penghu-kinmen-matsu-no-3-tpkm3,2.6,0,0,,,,,559.3,未觀測到靠港,27.5569,120.998948,eez,2026-09-01T04:37:22.691006+00:00
413551460,TONG YANG HUA RUI,cargo,,413,China,中國,14,critical,2,3.9,0.2,1,apcn-2;taiwan-penghu-kinmen-matsu-no-2-tpkm2;taiwan-penghu-kinmen-matsu-no-3-tpkm3;taiwan-strait-express-1-tse-1,0.0,0,0,汕頭港外 Shantou-appr,2026-08-15T17:12:34.210950+00:00,,,302.5,,23.798885,117.867173,eez,2026-08-31T05:49:54.519009+00:00
413706310,DONG SHAN 27,cargo,,413,China,中國,14,critical,2,62.7,0.2,5,taiwan-penghu-kinmen-matsu-no-2-tpkm2;taiwan-penghu-kinmen-matsu-no-3-tpkm3;taiwan-strait-express-1-tse-1,0.0,0,0,廈門 Xiamen,2026-08-18T07:59:01.775479+00:00,,,331.6,,24.43348,117.841823,eez,2026-09-01T04:37:22.691006+00:00
414693000,REN JIAN 16,cargo,,414,China,中國,14,critical,2,3.5,1.6,1,taiwan-matsu-no-4;taiwan-penghu-kinmen-matsu-no-2-tpkm2;taiwan-penghu-kinmen-matsu-no-3-tpkm3,0.0,0,0,,,,,29.3,未觀測到靠港,26.462538,121.222302,eez,2026-08-10T02:39:24.028616+00:00
416000427,DER SHUEN 26,fishing,,416,Taiwan,台灣,14,critical,1,4.2,2.4,3,apcn-2;eac-c2c;faster,0.0,0,0,野柳漁港 Yehliu,2026-08-29T02:56:44.800599+00:00,,,33.2,,25.58655,121.783573,territorial_sea,2026-08-30T15:52:29.078583+00:00
416003566,YU FA 286,fishing,,416,Taiwan,台灣,14,critical,1,8.1,2.3,2,apcn-2;eac-c2c;faster;taiwan-matsu-no-4;taiwan-strait-express-1-tse-1,0.0,0,0,,,,,502.8,未觀測到靠港,25.671005,121.09364,eez,2026-08-31T18:36:53.316921+00:00
416003784,CHYUAN MEEI NO.168,fishing,,416,Taiwan,台灣,14,critical,1,23.9,1.0,4,apcn-2;eac-c2c;faster,0.0,0,0,望海巷漁港 Wanghaixiang,2026-08-30T00:54:50.080310+00:00,長潭里漁港 Changtanli,2026-09-01T01:31:13.238497+00:00,10.3,,25.131622,121.820567,internal_waters,2026-09-01T01:31:13.238497+00:00
416005880,SH1098,fishing,,416,Taiwan,台灣,14,critical,1,9.0,2.1,2,eac-c2c;faster;taiwan-penghu-kinmen-matsu-no-3-tpkm3,0.0,0,0,,,,,411.1,未觀測到靠港,23.49058,119.27529,territorial_sea,2026-08-30T05:34:21.607312+00:00
416005926,SHYANG FA NO.66,fishing,,416,Taiwan,台灣,14,critical,1,11.8,0.8,2,apcn-2;eac-c2c;faster,0.0,0,0,水尾漁港 Shuiwei,2026-08-20T05:53:01.460793+00:00,,,226.0,,25.825933,121.943998,contiguous_zone,2026-08-30T15:52:29.078583+00:00
416006664,HSIEHCHIENNO,fishing,,416,Taiwan,台灣,14,critical,1,4.0,0.5,1,apcn-2;eac-c2c;faster,0.0,0,0,長潭里漁港 Changtanli,2026-08-21T01:42:54.233853+00:00,,,186.4,,25.153905,121.83122,internal_waters,2026-08-30T05:34:21.607312+00:00
431350000,ONE HELSINKI,cargo,,431,Japan,日本,14,critical,2,8.1,1.5,2,taiwan-penghu-kinmen-matsu-no-2-tpkm2;taiwan-penghu-kinmen-matsu-no-3-tpkm3,1.6,0,0,,,,,47.4,未觀測到靠港,26.88095,121.862783,eez,2026-08-10T08:55:07.609550+00:00
45280147,ZHEDAIYU04528-147,unknown,,452,Unknown,未知,14,critical,2,28.0,0.9,3,taiwan-penghu-kinmen-matsu-no-3-tpkm3,0.0,1,0,,,,,38.3,未觀測到靠港,26.32977,120.46135,eez,2026-08-20T23:17:11.148940+00:00
477711900,GREAT QIN,cargo,,477,Hong Kong,香港,14,critical,1,9.7,0.8,2,apcn-2;flag-north-asia-loopreach-north-asia-loop;taiwan-penghu-kinmen-matsu-no-3-tpkm3,0.0,0,0,廈門 Xiamen,2026-08-30T05:34:21.607312+00:00,,,3.8,,23.392407,119.035762,contiguous_zone,2026-08-30T15:52:29.078583+00:00
477769500,FENG SHUN,cargo,,477,Hong Kong,香港,14,critical,2,16.0,0.9,2,eac-c2c;faster;taiwan-penghu-kinmen-matsu-no-3-tpkm3;taiwan-strait-express-1-tse-1,0.0,0,0,台北港 Taipei,2026-08-21T19:19:16.495479+00:00,,,6.8,,26.095707,122.672723,eez,2026-08-22T04:01:45.765640+00:00
538005805,MARLIN AMMOLITE,tanker,,538,Marshall Islands,馬紹爾群島,14,critical,2,10.0,1.4,4,apcn-2;asia-pacific-gateway-apg;eac-c2c;h2-cable;taiwan-penghu-kinmen-matsu-no-2-tpkm2;taiwan-penghu-kinmen-matsu-no-3-tpkm3,0.0,0,0,深澳漁港 Shenao,2026-08-30T00:54:50.080310+00:00,,,0.7,,26.001487,122.182768,contiguous_zone,2026-08-30T05:34:21.607312+00:00
538006031,SAMATAN,cargo,,538,Marshall Islands,馬紹爾群島,14,critical,2,3.5,1.7,1,apcn-2;asia-direct-cable-adc;asia-united-gateway-east-aug-east;eac-c2c;flag-europe-asia-fea;h2-cable,5.5,0,0,,,,,166.7,未觀測到靠港,24.301875,121.764712,internal_waters,2026-09-01T04:37:22.691006+00:00
538009915,TS NAGOYA,cargo,,538,Marshall Islands,馬紹爾群島,14,critical,2,5.3,1.1,1,apcn-2;asia-pacific-gateway-apg;eac-c2c;pacific-light-cable-network-plcn;taiwan-penghu-kinmen-matsu-no-2-tpkm2;taiwan-penghu-kinmen-matsu-no-3-tpkm3,0.0,0,0,基隆港 Keelung,2026-08-26T11:20:16.155309+00:00,,,40.4,,27.123063,122.969062,eez,2026-08-28T05:01:48.482487+00:00
538010555,ROSEWOOD,cargo,,538,Marshall Islands,馬紹爾群島,14,critical,2,10.0,0.8,1,flag-europe-asia-fea;flag-north-asia-loopreach-north-asia-loop;southeast-asia-japan-cable-2-sjc2;taiwan-penghu-kinmen-matsu-no-2-tpkm2,6.7,0,0,,,,,193.1,未觀測到靠港,24.258433,120.434267,internal_waters,2026-09-01T04:37:22.691006+00:00
563229300,EVER MEED,cargo,,563,Singapore,新加坡,14,critical,1,12.0,1.8,1,eac-c2c;taiwan-matsu-no-4;taiwan-penghu-kinmen-matsu-no-2-tpkm2;trans-pacific-express-tpe-cable-system,0.0,0,0,台北港 Taipei,2026-08-16T07:51:39.355776+00:00,,,18.5,,22.932403,117.424352,eez,2026-08-17T03:24:49.792267+00:00
563281500,YM WARMTH,cargo,,563,Singapore,新加坡,14,critical,2,6.9,1.8,2,apcn-2;taiwan-penghu-kinmen-matsu-no-2-tpkm2;taiwan-penghu-kinmen-matsu-no-3-tpkm3,3.7,0,0,,,,,88.9,未觀測到靠港,22.879265,117.3416,eez,2026-08-12T14:14:44.121110+00:00
563287700,HAIPHONG EXPRESS,cargo,,563,Singapore,新加坡,14,critical,2,29.2,1.3,4,apcn-2;seamewe-3;southeast-asia-japan-cable-sjc;taiwan-penghu-kinmen-matsu-no-2-tpkm2,0.0,0,0,廈門 Xiamen,2026-08-24T04:13:24.721954+00:00,,,14.2,,25.83563,121.237277,eez,2026-08-24T19:22:01.181129+00:00
565312000,CEMTEX LEADER,cargo,,565,Singapore,新加坡,14,critical,2,4.9,0.8,1,apcn-2;taiwan-matsu-no-4;taiwan-penghu-kinmen-matsu-no-2-tpkm2;taiwan-penghu-kinmen-matsu-no-3-tpkm3;taiwan-strait-express-1-tse-1,0.0,0,0,前鎮漁港 Qianzhen,2026-08-24T09:36:53.209692+00:00,,,6.1,,21.369563,119.817012,eez,2026-08-24T17:23:00.120347+00:00
620800141,SHUN FONG,cargo,,620,Comoros,葛摩,14,critical,2,0,,0,,6.7,1,0,,,,,555.3,未觀測到靠港,22.781833,120.13708,internal_waters,2026-08-31T18:36:53.316921+00:00
636025397,SHIRAYUKI,tanker,,636,Liberia,賴比瑞亞,14,critical,2,11.1,1.6,3,eac-c2c;flag-europe-asia-fea;flag-north-asia-loopreach-north-asia-loop;taiwan-matsu-no-4;taiwan-penghu-kinmen-matsu-no-3-tpkm3;taiwan-strait-express-1-tse-1;trans-pacific-express-tpe-cable-system,0.0,0,0,,,,,249.9,未觀測到靠港,21.229203,119.673302,eez,2026-08-19T07:12:47.553747+00:00
677072200,VIVI,cargo,,677,Tanzania,坦尚尼亞,14,critical,1,0,,0,flag-europe-asia-fea;flag-north-asia-loopreach-north-asia-loop,10.9,1,0,,,,,520.9,未觀測到靠港,22.988947,119.977592,internal_waters,2026-09-01T04:37:22.691006+00:00
219019139,MARSTAL MAERSK,cargo,,219,Unknown,未知,13,critical,2,4.0,1.9,2,asia-direct-cable-adc;eac-c2c;seamewe-3;taiwan-penghu-kinmen-matsu-no-2-tpkm2;taiwan-strait-express-1-tse-1,0.0,1,0,,,,,201.8,未觀測到靠港,22.369733,119.144883,eez,2026-08-16T19:14:28.847440+00:00
311002209,MMSI-311002209,cargo,,311,Bahamas,巴哈馬,13,critical,2,64.4,0.1,1,taiwan-penghu-kinmen-matsu-no-2-tpkm2;taiwan-penghu-kinmen-matsu-no-3-tpkm3;taiwan-strait-express-1-tse-1,2.7,1,0,廈門 Xiamen,2026-08-19T17:22:27.669589+00:00,,,10.6,,22.990913,117.4388,eez,2026-08-20T05:53:01.460793+00:00
341628002,MERCURY,cargo,,341,St Kitts & Nevis,聖克里斯多福,13,critical,2,0,,0,,9.2,1,0,高雄港 Kaohsiung,2026-08-14T06:50:09.036254+00:00,,,427.9,,22.651933,120.230717,internal_waters,2026-09-01T04:37:22.691006+00:00
352003952,MAERSK PORT KLANG,cargo,,352,Panama,巴拿馬,13,critical,2,5.6,0.8,2,apcn-2;seamewe-3;taiwan-matsu-no-4,0.0,0,0,,,,,405.8,未觀測到靠港,27.278205,122.244423,eez,2026-08-25T07:16:54.436290+00:00
355837000,ESTEEM ASTRO,tanker,,355,Panama,巴拿馬,13,critical,2,0,,0,seamewe-3,12.1,0,0,,,,,308.2,未觀測到靠港,21.771837,119.74062,eez,2026-08-28T05:01:48.482487+00:00
356554000,ATHENS BRIDGE,cargo,,356,Panama,巴拿馬,13,critical,1,4.7,1.3,1,apcn-2;faster;flag-europe-asia-fea,0.0,0,0,基隆港 Keelung,2026-08-31T14:11:41.168860+00:00,,,2.1,,25.396752,121.352515,territorial_sea,2026-08-31T18:36:53.316921+00:00
356613000,PULAU TIOMAN,cargo,,356,Panama,巴拿馬,13,critical,1,4.0,0.0,1,apcn-2;asia-pacific-gateway-apg;h2-cable,0.0,0,0,,,,,454.1,未觀測到靠港,25.160838,121.396453,internal_waters,2026-08-31T04:58:30.564755+00:00
356728000,WEBO 307,cargo,,356,Panama,巴拿馬,13,critical,1,0,,0,eac-c2c,6.2,0,0,高雄港 Kaohsiung,2026-08-25T05:54:11.939292+00:00,,,165.3,,22.25405,120.049733,contiguous_zone,2026-09-01T04:37:22.691006+00:00
373142000,GOLDEN FLAME,cargo,,373,Panama,巴拿馬,13,critical,1,17.8,0.1,3,apcn-2;eac-c2c;taiwan-penghu-kinmen-matsu-no-3-tpkm3,5.1,1,0,,,,,145.1,未觀測到靠港,22.970865,120.172167,internal_waters,2026-09-01T04:37:22.691006+00:00
373448000,SEEDIQ BENEFIT,cargo,,373,Panama,巴拿馬,13,critical,2,8.7,2.3,1,apcn-2;asia-pacific-gateway-apg;eac-c2c;h2-cable;new-cross-pacific-ncp-cable-system;orca,0.0,1,0,蘇澳港 Suao,2026-08-30T00:54:50.080310+00:00,,,0.7,,24.72304,122.16887,contiguous_zone,2026-08-30T05:34:21.607312+00:00
412022116,MINLIANYU22116,fishing,,412,China,中國,13,critical,2,6.6,0.7,3,taiwan-penghu-kinmen-matsu-no-3-tpkm3;taiwan-strait-express-1-tse-1,0.0,0,0,,,,,320.3,未觀測到靠港,26.253637,119.794483,eez,2026-08-29T13:14:06.253758+00:00
412441056,MINLIANYU60135,fishing,,412,China,中國,13,critical,2,14.4,1.2,6,taiwan-penghu-kinmen-matsu-no-3-tpkm3,0.0,0,0,,,,,307.2,未觀測到靠港,26.39916,120.07299,eez,2026-09-01T04:37:22.691006+00:00
412441236,MINLIANYU68975,fishing,,412,China,中國,13,critical,2,4.7,1.8,1,taiwan-matsu-no-4;taiwan-penghu-kinmen-matsu-no-3-tpkm3;taiwan-strait-express-1-tse-1,0.0,0,0,,,,,402.7,未觀測到靠港,26.172868,120.170463,eez,2026-08-30T00:54:50.080310+00:00
412441298,MINLIANYU68965,fishing,,412,China,中國,13,critical,2,7.8,1.6,1,taiwan-penghu-kinmen-matsu-no-3-tpkm3;taiwan-strait-express-1-tse-1,0.0,0,0,,,,,304.1,未觀測到靠港,25.82078,120.52418,eez,2026-09-01T04:37:22.691006+00:00
412441329,00C,fishing,,412,China,中國,13,critical,1,9.6,3.6,3,taiwan-matsu-no-4;taiwan-penghu-kinmen-matsu-no-3-tpkm3;taiwan-strait-express-1-tse-1,0.0,0,0,,,,,309.4,未觀測到靠港,26.0195,120.180723,eez,2026-08-24T23:14:53.801317+00:00
412441368,MIN LIAN YU 61715,fishing,,412,China,中國,13,critical,2,9.2,3.0,3,taiwan-matsu-no-4;taiwan-penghu-kinmen-matsu-no-2-tpkm2;taiwan-penghu-kinmen-matsu-no-3-tpkm3;taiwan-strait-express-1-tse-1,0.0,0,0,,,,,304.5,未觀測到靠港,25.7288,120.29001,eez,2026-09-01T01:31:13.238497+00:00
412441631,MINLIANYU60005,fishing,,412,China,中國,13,critical,1,28.4,3.6,4,taiwan-matsu-no-4;taiwan-penghu-kinmen-matsu-no-3-tpkm3;taiwan-strait-express-1-tse-1,0.0,0,0,,,,,307.6,未觀測到靠港,25.92691,120.17467,eez,2026-09-01T04:37:22.691006+00:00
412441639,MINLIANYU60323,fishing,,412,China,中國,13,critical,1,12.1,3.4,3,taiwan-matsu-no-4;taiwan-penghu-kinmen-matsu-no-3-tpkm3;taiwan-strait-express-1-tse-1,0.0,0,0,,,,,307.6,未觀測到靠港,25.92404,120.08498,eez,2026-09-01T04:37:22.691006+00:00
412441664,QLG0,fishing,,412,China,中國,13,critical,1,4.4,2.2,2,taiwan-matsu-no-4;taiwan-penghu-kinmen-matsu-no-2-tpkm2;taiwan-strait-express-1-tse-1,0.0,0,0,,,,,304.5,未觀測到靠港,25.83739,120.28126,eez,2026-09-01T01:31:13.238497+00:00
412441715,MINLIANYU60979,fishing,,412,China,中國,13,critical,1,9.4,3.1,5,taiwan-matsu-no-4;taiwan-penghu-kinmen-matsu-no-2-tpkm2;taiwan-penghu-kinmen-matsu-no-3-tpkm3;taiwan-strait-express-1-tse-1,0.0,0,0,,,,,307.6,未觀測到靠港,26.61352,120.74569,eez,2026-09-01T04:37:22.691006+00:00
412441977,MINLIANYU61765,fishing,,412,China,中國,13,critical,1,9.5,3.1,4,taiwan-matsu-no-4;taiwan-penghu-kinmen-matsu-no-2-tpkm2;taiwan-penghu-kinmen-matsu-no-3-tpkm3;taiwan-strait-express-1-tse-1,0.0,0,0,,,,,304.1,未觀測到靠港,26.320432,119.881517,eez,2026-08-26T03:29:57.399731+00:00
412442105,MINLIANYU68896,fishing,,412,China,中國,13,critical,2,15.4,1.7,1,eac-c2c;taiwan-matsu-no-4;taiwan-penghu-kinmen-matsu-no-2-tpkm2;taiwan-penghu-kinmen-matsu-no-3-tpkm3,0.0,0,0,,,,,215.0,未觀測到靠港,26.32067,119.88243,eez,2026-08-28T11:34:06.990542+00:00
412442157,MINLIANYU60006,fishing,,412,China,中國,13,critical,2,18.4,3.3,7,taiwan-matsu-no-4;taiwan-penghu-kinmen-matsu-no-3-tpkm3;taiwan-strait-express-1-tse-1,0.0,0,0,,,,,307.6,未觀測到靠港,25.93339,120.17871,eez,2026-09-01T04:37:22.691006+00:00
412442244,MINLIANYU62035,fishing,,412,China,中國,13,critical,1,8.3,3.5,3,taiwan-matsu-no-4;taiwan-penghu-kinmen-matsu-no-3-tpkm3;taiwan-strait-express-1-tse-1,0.0,0,0,,,,,273.2,未觀測到靠港,26.0868,119.88345,eez,2026-08-30T18:16:08.308925+00:00
412442288,MINLIANYU60039,fishing,,412,China,中國,13,critical,1,4.4,2.1,2,taiwan-matsu-no-4;taiwan-penghu-kinmen-matsu-no-3-tpkm3;taiwan-strait-express-1-tse-1,0.0,0,0,,,,,301.6,未觀測到靠港,26.180145,120.158975,eez,2026-08-29T02:56:44.800599+00:00
412442463,MINCHANGYU23166,fishing,,412,China,中國,13,critical,2,21.8,1.6,2,taiwan-penghu-kinmen-matsu-no-3-tpkm3;taiwan-strait-express-1-tse-1,0.0,0,0,閩江口錨地 Minjiangkou,2026-08-26T16:10:14.987861+00:00,,,73.2,,25.93238,119.76923,eez,2026-08-31T21:41:57.448444+00:00
412443045,MINCHANGYUYUN23377,fishing,,412,China,中國,13,critical,2,4.2,1.1,1,taiwan-matsu-no-4;taiwan-penghu-kinmen-matsu-no-3-tpkm3;taiwan-strait-express-1-tse-1,0.0,0,0,,,,,287.4,未觀測到靠港,25.94093,119.82632,eez,2026-08-31T01:00:40.959031+00:00
412443943,MINFUZHOUYU65895,fishing,,412,China,中國,13,critical,2,7.7,1.4,4,taiwan-penghu-kinmen-matsu-no-3-tpkm3;taiwan-strait-express-1-tse-1,0.0,0,0,閩江口錨地 Minjiangkou,2026-08-25T09:06:24.201787+00:00,,,33.1,,25.88292,119.8414,eez,2026-08-30T12:03:28.899785+00:00
412444743,MINLONGYU62398,fishing,,412,China,中國,13,critical,1,3.8,2.8,1,taiwan-penghu-kinmen-matsu-no-3-tpkm3,0.0,0,0,,,,,288.0,未觀測到靠港,24.31941,118.1372,eez,2026-08-31T04:58:30.564755+00:00
412444903,MINLIANYUYUN65866,fishing,,412,China,中國,13,critical,1,8.5,3.0,4,taiwan-matsu-no-4;taiwan-penghu-kinmen-matsu-no-3-tpkm3;taiwan-strait-express-1-tse-1,0.0,0,0,,,,,297.6,未觀測到靠港,26.3743,119.94892,eez,2026-08-31T18:36:53.316921+00:00
412444989,MINLIANYUYUN60066,fishing,,412,China,中國,13,critical,2,4.9,3.5,1,taiwan-matsu-no-4;taiwan-penghu-kinmen-matsu-no-3-tpkm3;taiwan-strait-express-1-tse-1,0.0,0,0,,,,,295.5,未觀測到靠港,26.36483,119.92664,eez,2026-08-31T16:32:04.528899+00:00
412447648,MIN LIAN YU 60478,fishing,,412,China,中國,13,critical,1,6.1,2.7,2,taiwan-matsu-no-4;taiwan-penghu-kinmen-matsu-no-3-tpkm3;taiwan-strait-express-1-tse-1,0.0,0,0,,,,,307.6,未觀測到靠港,26.57046,120.81942,eez,2026-09-01T04:37:22.691006+00:00
412447651,MINLIANYU63853,fishing,,412,China,中國,13,critical,2,3.8,3.3,2,taiwan-matsu-no-4;taiwan-penghu-kinmen-matsu-no-2-tpkm2;taiwan-penghu-kinmen-matsu-no-3-tpkm3,0.0,0,0,,,,,202.6,未觀測到靠港,26.09291,120.58011,eez,2026-08-31T05:49:54.519009+00:00
412447653,MINLIANYU60969,fishing,,412,China,中國,13,critical,1,10.1,3.0,2,taiwan-matsu-no-4;taiwan-penghu-kinmen-matsu-no-3-tpkm3;taiwan-strait-express-1-tse-1,0.0,0,0,,,,,307.2,未觀測到靠港,26.66576,120.79291,eez,2026-09-01T04:37:22.691006+00:00
413225190,YONG SHENG 689,cargo,,413,China,中國,13,critical,2,0,,0,,11.7,0,0,,,,,532.4,未觀測到靠港,26.445358,119.919907,eez,2026-08-30T21:44:18.641860+00:00
413286420,HUA YI 005,cargo,,413,China,中國,13,critical,2,4.1,0.4,1,asia-direct-cable-adc;taiwan-penghu-kinmen-matsu-no-3-tpkm3,0.0,0,0,汕頭港外 Shantou-appr,2026-08-30T00:54:50.080310+00:00,,,35.6,,27.005148,120.458983,eez,2026-08-31T16:32:04.528899+00:00
413360230,AN RUN DA 2,cargo,,413,China,中國,13,critical,2,0,,0,taiwan-penghu-kinmen-matsu-no-3-tpkm3;taiwan-strait-express-1-tse-1,13.0,0,0,,,,,559.3,未觀測到靠港,26.325288,119.854395,eez,2026-09-01T04:37:22.691006+00:00
416001071,YIH DAH NO.168,fishing,,416,Taiwan,台灣,13,critical,2,31.5,3.1,5,apcn-2;eac-c2c;faster;southeast-asia-japan-cable-2-sjc2,0.0,0,0,正濱漁港 Zhengbin,2026-08-31T01:00:40.959031+00:00,,,0.0,,25.571985,121.927722,territorial_sea,2026-08-31T04:58:30.564755+00:00
440177000,RAON TERESA,tanker,,440,South Korea,韓國,13,critical,2,21.5,0.1,1,eac-c2c;taiwan-penghu-kinmen-matsu-no-2-tpkm2;taiwan-penghu-kinmen-matsu-no-3-tpkm3,0.0,1,0,前鎮漁港 Qianzhen,2026-08-13T08:48:45.749355+00:00,,,281.5,,22.390767,119.706567,contiguous_zone,2026-08-25T03:24:02.425571+00:00
440493000,KMTC SINGAPORE,cargo,,440,South Korea,韓國,13,critical,1,7.2,0.1,1,apcn-2;southeast-asia-japan-cable-sjc;taiwan-penghu-kinmen-matsu-no-3-tpkm3,0.0,1,0,小港臨海新村漁港 Xiaogang,2026-08-29T14:05:09.589216+00:00,,,36.9,,25.189183,121.729533,internal_waters,2026-08-31T04:58:30.564755+00:00
441509000,NEW CHALLENGE,tanker,,441,South Korea,韓國,13,critical,1,14.7,0.0,1,apcn-2;eac-c2c;trans-pacific-express-tpe-cable-system,0.0,1,0,台中港 Taichung,2026-08-31T01:00:40.959031+00:00,,,11.6,,25.8149,122.658917,eez,2026-08-31T16:32:04.528899+00:00
477118600,COSCO SHIPPING RHINE,cargo,,477,Hong Kong,香港,13,critical,1,3.4,0.9,1,apcn-2;taiwan-penghu-kinmen-matsu-no-2-tpkm2;taiwan-penghu-kinmen-matsu-no-3-tpkm3,0.0,0,0,,,,,212.0,未觀測到靠港,23.086762,117.330882,eez,2026-08-17T01:59:37.857320+00:00
477928900,BOHAI STAR,cargo,,477,Hong Kong,香港,13,critical,2,3.8,2.5,1,faster;taiwan-penghu-kinmen-matsu-no-2-tpkm2;taiwan-penghu-kinmen-matsu-no-3-tpkm3;taiwan-strait-express-1-tse-1;trans-pacific-express-tpe-cable-system,0.0,0,0,廈門 Xiamen,2026-08-30T05:34:21.607312+00:00,,,40.6,,25.948628,119.849122,eez,2026-09-01T04:37:22.691006+00:00
563137200,RU YI II,cargo,,563,Singapore,新加坡,13,critical,2,6.2,1.2,1,asia-direct-cable-adc;seamewe-3;taiwan-penghu-kinmen-matsu-no-3-tpkm3;taiwan-strait-express-1-tse-1,0.0,0,0,,,,,47.4,未觀測到靠港,26.968235,121.8014,eez,2026-08-10T08:55:07.609550+00:00
631109543,FU YUN8,tanker,,631,Equatorial Guinea,赤道幾內亞,13,critical,2,3.5,0.2,1,trans-pacific-express-tpe-cable-system,0.0,1,0,,,,,3.5,未觀測到靠港,25.8092,121.552652,eez,2026-08-14T23:13:03.942837+00:00
667001413,FUSHUN8,tanker,,667,Sierra Leone,獅子山,13,critical,2,47.7,1.0,3,eac-c2c;taiwan-penghu-kinmen-matsu-no-2-tpkm2;taiwan-penghu-kinmen-matsu-no-3-tpkm3;taiwan-strait-express-1-tse-1;trans-pacific-express-tpe-cable-system,0.0,1,0,,,,,559.3,未觀測到靠港,22.914665,120.040025,internal_waters,2026-09-01T04:37:22.691006+00:00
667002162,HE CHENG 3,cargo,,667,Sierra Leone,獅子山,13,critical,1,0,,0,taiwan-penghu-kinmen-matsu-no-3-tpkm3,18.3,1,0,,,,,524.9,未觀測到靠港,23.7875,119.203672,contiguous_zone,2026-08-30T18:16:08.308925+00:00
668116281,DING FONT,tanker,,668,Sao Tome,聖多美,13,critical,1,0,,0,,13.2,1,0,,,,,555.3,未觀測到靠港,22.739162,120.173742,internal_waters,2026-08-31T18:36:53.316921+00:00
677025700,LONG AN,cargo,,677,Tanzania,坦尚尼亞,13,critical,2,0,,0,,7.1,1,0,,,,,557.3,未觀測到靠港,22.723563,120.17736,internal_waters,2026-09-01T04:37:22.691006+00:00
12025948,CT2-5948.2       8V2,unknown,,120,Unknown,未知,12,critical,2,6.2,0.7,2,asia-united-gateway-east-aug-east,0.0,1,0,蘇澳港 Suao,2026-08-29T18:01:43.259492+00:00,南方澳漁港 Nanfangao,2026-08-30T14:06:31.206236+00:00,3.5,,24.577643,121.868435,internal_waters,2026-08-31T04:58:30.564755+00:00
19005602,CT2-5602-9       7V9,unknown,,190,Unknown,未知,12,critical,2,11.0,1.5,3,apcn-2;asia-pacific-gateway-apg;e2a;eac-c2c;h2-cable;new-cross-pacific-ncp-cable-system,0.0,1,0,,,,,411.8,未觀測到靠港,24.882337,122.272345,contiguous_zone,2026-08-29T18:01:43.259492+00:00
22005602,CT2-5602-12      8V0,unknown,,220,Unknown,未知,12,critical,1,9.2,1.7,5,apcn-2;e2a;flag-north-asia-loopreach-north-asia-loop,0.0,1,0,烏石漁港 Wushi,2026-08-30T18:16:08.308925+00:00,,,3.1,,25.010587,122.194413,territorial_sea,2026-09-01T04:37:22.691006+00:00
241431000,MARAN HOPE,cargo,,241,Greece,希臘,12,critical,2,6.0,1.0,1,asia-pacific-gateway-apg;eac-c2c;flag-north-asia-loopreach-north-asia-loop;new-cross-pacific-ncp-cable-system;southeast-asia-japan-cable-2-sjc2;taiwan-penghu-kinmen-matsu-no-3-tpkm3;trans-pacific-express-tpe-cable-system,0.0,1,0,,,,,194.6,未觀測到靠港,26.462557,119.94576,eez,2026-09-01T04:37:22.691006+00:00
269085000,DIAVOLEZZA,cargo,,269,Unknown,未知,12,critical,1,13.3,0.9,1,apcn-2;taiwan-penghu-kinmen-matsu-no-2-tpkm2,0.0,1,0,,,,,52.1,未觀測到靠港,27.208092,121.5642,eez,2026-08-10T10:09:28.663144+00:00
27005602,CT2-5602-17      7V9,unknown,,270,Unknown,未知,12,critical,1,10.1,1.2,5,apcn-2;e2a;h2-cable,0.0,1,0,,,烏石漁港 Wushi,2026-08-30T15:52:29.078583+00:00,411.8,,24.8677,121.838052,internal_waters,2026-08-30T15:52:29.078583+00:00
28005602,CT2-5602-18      8V4,unknown,,280,Unknown,未知,12,critical,2,10.8,1.5,5,apcn-2;asia-pacific-gateway-apg;e2a;eac-c2c;h2-cable,0.0,1,0,烏石漁港 Wushi,2026-08-31T01:00:40.959031+00:00,,,10.0,,25.06208,122.21205,territorial_sea,2026-09-01T04:37:22.691006+00:00
30005602,CT2-5602-20      7V9,unknown,,300,Unknown,未知,12,critical,2,9.3,1.4,3,apcn-2;asia-pacific-gateway-apg;e2a;eac-c2c;h2-cable,0.0,1,0,烏石漁港 Wushi,2026-08-30T18:16:08.308925+00:00,,,4.4,,24.862865,122.235742,contiguous_zone,2026-08-31T18:36:53.316921+00:00
341890000,HONG XING,cargo,,341,St Kitts & Nevis,聖克里斯多福,12,critical,2,1.2,,0,taiwan-penghu-kinmen-matsu-no-3-tpkm3,18.3,1,0,,,,,498.7,未觀測到靠港,24.118843,119.593165,contiguous_zone,2026-08-29T18:01:43.259492+00:00
352004467,JUI HO,cargo,,352,Panama,巴拿馬,12,critical,2,6.0,0.2,1,asia-united-gateway-east-aug-east;flag-north-asia-loopreach-north-asia-loop;seamewe-3;taiwan-penghu-kinmen-matsu-no-2-tpkm2;tpu,0.0,0,0,高雄港 Kaohsiung,2026-08-31T01:00:40.959031+00:00,,,0.0,,23.275167,119.93455,internal_waters,2026-08-31T04:58:30.564755+00:00
354255000,LUCKY BAY,cargo,,354,Panama,巴拿馬,12,critical,2,62.8,0.2,3,apcn-2;eac-c2c,0.0,0,0,基隆港 Keelung,2026-08-22T13:24:33.669284+00:00,,,4.1,,25.652537,122.834565,eez,2026-08-22T19:15:52.925374+00:00
356468000,TRANS FUTURE 11,cargo,,356,Panama,巴拿馬,12,critical,2,7.6,1.3,4,eac-c2c;taiwan-penghu-kinmen-matsu-no-2-tpkm2;taiwan-penghu-kinmen-matsu-no-3-tpkm3;taiwan-strait-express-1-tse-1;trans-pacific-express-tpe-cable-system,0.0,0,0,台北港 Taipei,2026-08-31T01:00:40.959031+00:00,,,13.6,,22.962138,117.662487,eez,2026-08-31T18:36:53.316921+00:00
357874000,EVER USEFUL,cargo,,357,Panama,巴拿馬,12,critical,2,4.8,1.5,1,apcn-2;taiwan-penghu-kinmen-matsu-no-2-tpkm2;taiwan-penghu-kinmen-matsu-no-3-tpkm3;taiwan-strait-express-1-tse-1,0.0,0,0,鳳鼻頭漁港 Fengbitou,2026-08-22T19:15:52.925374+00:00,,,4.9,,22.436337,119.178237,eez,2026-08-23T02:07:00.101264+00:00
411999333,MIN MIN YU11036,fishing,,411,Unknown,未知,12,critical,2,5.8,1.6,2,taiwan-strait-express-1-tse-1,0.0,1,0,福清灣/海壇 Fuqing,2026-08-22T09:18:02.581605+00:00,,,46.1,,26.08638,119.74062,eez,2026-08-31T01:00:40.959031+00:00
412062223,62223,fishing,,412,China,中國,12,critical,2,6.1,1.4,1,taiwan-strait-express-1-tse-1,0.0,0,0,,,,,239.3,未觀測到靠港,26.20185,119.85477,eez,2026-08-30T00:54:50.080310+00:00
412270780,69566,fishing,,412,China,中國,12,critical,2,8.2,1.6,2,taiwan-matsu-no-4;taiwan-penghu-kinmen-matsu-no-3-tpkm3,0.0,0,0,,,,,251.0,未觀測到靠港,26.11685,119.8504,eez,2026-08-30T18:16:08.308925+00:00
412379380,SHAN SHI,tanker,,412,China,中國,12,critical,1,16.1,0.0,1,eac-c2c;taiwan-matsu-no-4;taiwan-penghu-kinmen-matsu-no-2-tpkm2,0.0,0,0,台北港 Taipei,2026-08-11T11:37:21.104207+00:00,,,485.8,,26.37775,120.638517,eez,2026-08-31T18:36:53.316921+00:00
412440163,MINLIANYUYUN60156,fishing,,412,China,中國,12,critical,2,4.0,2.3,2,taiwan-matsu-no-4;taiwan-penghu-kinmen-matsu-no-2-tpkm2;taiwan-penghu-kinmen-matsu-no-3-tpkm3,0.0,0,0,,,,,291.3,未觀測到靠港,26.19744,120.61077,eez,2026-08-31T04:58:30.564755+00:00
412441044,MINLIANYU60129,fishing,,412,China,中國,12,critical,1,16.5,1.4,4,taiwan-penghu-kinmen-matsu-no-3-tpkm3,0.0,0,0,,,,,280.7,未觀測到靠港,26.35334,120.01715,eez,2026-08-30T12:03:28.899785+00:00
412441202,MINLIANYU60079,fishing,,412,China,中國,12,critical,1,4.4,2.7,3,taiwan-matsu-no-4;taiwan-penghu-kinmen-matsu-no-3-tpkm3;taiwan-strait-express-1-tse-1,0.0,0,0,,,,,307.6,未觀測到靠港,26.12595,120.2594,eez,2026-09-01T04:37:22.691006+00:00
412441212,MINLIANYU60162,fishing,,412,China,中國,12,critical,2,15.6,1.3,4,taiwan-penghu-kinmen-matsu-no-3-tpkm3,0.0,0,0,,,,,291.3,未觀測到靠港,26.3332,120.0592,eez,2026-08-31T04:58:30.564755+00:00
412441228,MIN LIAN YU60455,fishing,,412,China,中國,12,critical,2,17.4,0.7,4,taiwan-matsu-no-4;taiwan-penghu-kinmen-matsu-no-3-tpkm3,0.0,0,0,,,,,326.6,未觀測到靠港,26.34015,120.034655,eez,2026-08-30T00:54:50.080310+00:00
412441253,MINLIANYU68993,fishing,,412,China,中國,12,critical,1,10.9,3.5,4,taiwan-penghu-kinmen-matsu-no-3-tpkm3;taiwan-strait-express-1-tse-1,0.0,0,0,,,,,297.2,未觀測到靠港,25.87498,119.97789,eez,2026-08-31T14:11:41.168860+00:00
412441261,MINLIANYU60076,fishing,,412,China,中國,12,critical,1,10.2,3.7,2,taiwan-matsu-no-4;taiwan-penghu-kinmen-matsu-no-3-tpkm3;taiwan-strait-express-1-tse-1,0.0,0,0,,,,,307.6,未觀測到靠港,25.94875,120.09563,eez,2026-09-01T04:37:22.691006+00:00
412441273,MINLIANYU60287,fishing,,412,China,中國,12,critical,1,16.6,3.4,1,taiwan-matsu-no-4;taiwan-penghu-kinmen-matsu-no-2-tpkm2;taiwan-penghu-kinmen-matsu-no-3-tpkm3;taiwan-strait-express-1-tse-1,0.0,0,0,,,,,307.6,未觀測到靠港,26.59176,120.84231,eez,2026-09-01T04:37:22.691006+00:00
412441297,MINLIANYU60081,fishing,,412,China,中國,12,critical,1,10.1,4.0,2,taiwan-matsu-no-4;taiwan-penghu-kinmen-matsu-no-3-tpkm3;taiwan-strait-express-1-tse-1,0.0,0,0,,,,,283.1,未觀測到靠港,25.92616,120.20741,eez,2026-08-31T01:00:40.959031+00:00
412441363,MINLIANYU68983,fishing,,412,China,中國,12,critical,2,7.8,1.9,4,taiwan-matsu-no-4;taiwan-penghu-kinmen-matsu-no-3-tpkm3;taiwan-strait-express-1-tse-1,0.0,0,0,,,,,307.6,未觀測到靠港,25.95711,120.50987,eez,2026-09-01T04:37:22.691006+00:00
412441558,MIN LIAN YU 61038,fishing,,412,China,中國,12,critical,2,12.1,3.3,2,taiwan-matsu-no-4;taiwan-penghu-kinmen-matsu-no-3-tpkm3;taiwan-strait-express-1-tse-1,0.0,0,0,,,,,209.7,未觀測到靠港,26.31104,119.89295,eez,2026-08-29T13:14:06.253758+00:00
412441561,MINLIANYU60080,fishing,,412,China,中國,12,critical,1,4.4,2.9,3,taiwan-matsu-no-4;taiwan-penghu-kinmen-matsu-no-3-tpkm3;taiwan-strait-express-1-tse-1,0.0,0,0,,,,,307.6,未觀測到靠港,26.13125,120.26458,eez,2026-09-01T04:37:22.691006+00:00
412441601,MINLIANYU61768,fishing,,412,China,中國,12,critical,1,4.1,3.1,2,taiwan-matsu-no-4;taiwan-penghu-kinmen-matsu-no-3-tpkm3;taiwan-strait-express-1-tse-1,0.0,0,0,,,,,297.6,未觀測到靠港,25.93978,120.33295,eez,2026-08-31T18:36:53.316921+00:00
412441684,MIN LIAN YU 60981,fishing,,412,China,中國,12,critical,2,11.7,3.6,5,taiwan-matsu-no-4;taiwan-penghu-kinmen-matsu-no-3-tpkm3;taiwan-strait-express-1-tse-1,0.0,0,0,,,,,307.6,未觀測到靠港,26.12945,120.23674,eez,2026-08-24T05:07:50.163540+00:00
412441699,MIN LIAN YU 68888,fishing,,412,China,中國,12,critical,2,10.6,3.1,2,taiwan-matsu-no-4;taiwan-penghu-kinmen-matsu-no-2-tpkm2;taiwan-penghu-kinmen-matsu-no-3-tpkm3,0.0,0,0,,,,,307.6,未觀測到靠港,26.5041,120.67675,eez,2026-09-01T04:37:22.691006+00:00
412441719,MINLIANYUYUN60475,fishing,,412,China,中國,12,critical,1,16.3,0.6,2,taiwan-matsu-no-4;taiwan-penghu-kinmen-matsu-no-3-tpkm3,0.0,0,0,,,,,278.5,未觀測到靠港,26.20653,120.09232,eez,2026-08-31T05:49:54.519009+00:00
412441744,MINLIANYU61735,fishing,,412,China,中國,12,critical,2,3.7,3.2,2,taiwan-matsu-no-4;taiwan-penghu-kinmen-matsu-no-2-tpkm2;taiwan-penghu-kinmen-matsu-no-3-tpkm3;taiwan-strait-express-1-tse-1,0.0,0,0,,,,,304.5,未觀測到靠港,25.7976,120.31277,eez,2026-09-01T01:31:13.238497+00:00
412441888,MINLIANYU60014,fishing,,412,China,中國,12,critical,1,14.3,3.5,5,taiwan-matsu-no-4;taiwan-penghu-kinmen-matsu-no-3-tpkm3;taiwan-strait-express-1-tse-1,0.0,0,0,,,,,307.2,未觀測到靠港,25.89605,120.24171,eez,2026-09-01T04:37:22.691006+00:00
412441899,MINLIANYU62108,fishing,,412,China,中國,12,critical,1,8.0,3.7,4,taiwan-penghu-kinmen-matsu-no-3-tpkm3;taiwan-strait-express-1-tse-1,0.0,0,0,,,,,273.2,未觀測到靠港,26.0738,119.87743,eez,2026-08-30T18:16:08.308925+00:00
412442245,MINLIANYU61716,fishing,,412,China,中國,12,critical,1,5.3,2.6,1,taiwan-matsu-no-4;taiwan-penghu-kinmen-matsu-no-2-tpkm2;taiwan-penghu-kinmen-matsu-no-3-tpkm3,0.0,0,0,,,,,307.6,未觀測到靠港,26.51294,120.66918,eez,2026-09-01T04:37:22.691006+00:00
412442324,MINLIANYU62023,fishing,,412,China,中國,12,critical,1,8.3,3.8,3,taiwan-matsu-no-4;taiwan-penghu-kinmen-matsu-no-3-tpkm3;taiwan-strait-express-1-tse-1,0.0,0,0,,,,,273.2,未觀測到靠港,26.0678,119.91389,eez,2026-08-30T18:16:08.308925+00:00
412442386,MINLIANYU67777,fishing,,412,China,中國,12,critical,2,10.1,2.6,6,taiwan-matsu-no-4;taiwan-penghu-kinmen-matsu-no-2-tpkm2;taiwan-penghu-kinmen-matsu-no-3-tpkm3;taiwan-strait-express-1-tse-1,0.0,0,0,,,,,307.6,未觀測到靠港,26.48249,120.70752,eez,2026-09-01T04:37:22.691006+00:00
412442435,MINLIANYU60022,fishing,,412,China,中國,12,critical,1,12.0,2.8,5,taiwan-matsu-no-4;taiwan-penghu-kinmen-matsu-no-2-tpkm2;taiwan-penghu-kinmen-matsu-no-3-tpkm3;taiwan-strait-express-1-tse-1,0.0,0,0,,,,,307.6,未觀測到靠港,26.38432,119.97244,eez,2026-09-01T04:37:22.691006+00:00
412442489,MINCHANGYU23038,fishing,,412,China,中國,12,critical,2,38.4,1.1,1,taiwan-matsu-no-4;taiwan-penghu-kinmen-matsu-no-3-tpkm3;taiwan-strait-express-1-tse-1,0.0,0,0,閩江口錨地 Minjiangkou,2026-08-25T05:01:01.249756+00:00,,,62.5,,25.79605,119.73102,eez,2026-09-01T04:37:22.691006+00:00
412442735,MINLIANYU62083,fishing,,412,China,中國,12,critical,2,8.3,3.7,2,taiwan-matsu-no-4;taiwan-penghu-kinmen-matsu-no-3-tpkm3;taiwan-strait-express-1-tse-1,0.0,0,0,,,,,273.2,未觀測到靠港,26.06283,119.9002,eez,2026-08-30T18:16:08.308925+00:00
412442975,MINLIANYU60415,fishing,,412,China,中國,12,critical,2,4.5,2.5,2,taiwan-matsu-no-4;taiwan-penghu-kinmen-matsu-no-2-tpkm2;taiwan-penghu-kinmen-matsu-no-3-tpkm3;taiwan-strait-express-1-tse-1,0.0,0,0,,,,,301.6,未觀測到靠港,26.57573,120.68984,eez,2026-08-31T18:36:53.316921+00:00
412443289,MINLIANYU60286,fishing,,412,China,中國,12,critical,1,9.8,3.1,2,taiwan-matsu-no-4;taiwan-penghu-kinmen-matsu-no-3-tpkm3;taiwan-strait-express-1-tse-1,0.0,0,0,,,,,307.6,未觀測到靠港,26.65976,120.77394,eez,2026-09-01T04:37:22.691006+00:00
412444124,MINLONGYU66720,fishing,,412,China,中國,12,critical,1,3.9,3.5,1,taiwan-penghu-kinmen-matsu-no-3-tpkm3,0.0,0,0,,,,,286.6,未觀測到靠港,24.28216,118.84568,eez,2026-08-30T15:52:29.078583+00:00
412444172,MIN LONG YU 60229,fishing,,412,China,中國,12,critical,1,11.9,3.6,2,taiwan-penghu-kinmen-matsu-no-3-tpkm3,0.0,0,0,,,,,298.4,未觀測到靠港,24.25482,118.51092,eez,2026-08-31T21:41:57.448444+00:00
412444343,MINHUIYU02026,fishing,,412,China,中國,12,critical,2,11.9,3.0,5,taiwan-matsu-no-4;taiwan-penghu-kinmen-matsu-no-3-tpkm3;taiwan-strait-express-1-tse-1,0.0,0,0,,,,,287.4,未觀測到靠港,26.32283,119.87797,eez,2026-08-31T01:00:40.959031+00:00
412444353,MINLONGYU61186,fishing,,412,China,中國,12,critical,2,7.7,3.5,1,taiwan-penghu-kinmen-matsu-no-3-tpkm3,0.0,0,0,,,,,274.1,未觀測到靠港,24.17552,118.76361,eez,2026-08-30T12:03:28.899785+00:00
412444365,MINLONGYU61252,fishing,,412,China,中國,12,critical,2,4.5,3.3,2,taiwan-penghu-kinmen-matsu-no-2-tpkm2;taiwan-penghu-kinmen-matsu-no-3-tpkm3,0.0,0,0,,,,,304.5,未觀測到靠港,24.2972,118.17649,eez,2026-09-01T01:31:13.238497+00:00
412444727,MINLIANYU60489,fishing,,412,China,中國,12,critical,2,10.1,2.8,2,taiwan-matsu-no-4;taiwan-penghu-kinmen-matsu-no-2-tpkm2;taiwan-penghu-kinmen-matsu-no-3-tpkm3;taiwan-strait-express-1-tse-1,0.0,0,0,,,,,307.6,未觀測到靠港,26.68033,120.91424,eez,2026-09-01T04:37:22.691006+00:00
412444732,MINLIANYU60256,fishing,,412,China,中國,12,critical,1,10.4,1.5,2,taiwan-matsu-no-4;taiwan-penghu-kinmen-matsu-no-3-tpkm3,0.0,0,0,,,,,291.3,未觀測到靠港,26.35358,119.94456,eez,2026-08-31T04:58:30.564755+00:00
412444745,MINLONGYU62669,fishing,,412,China,中國,12,critical,2,3.8,3.0,1,taiwan-penghu-kinmen-matsu-no-3-tpkm3,0.0,0,0,廈門 Xiamen,2026-08-25T11:18:15.165846+00:00,,,156.9,,24.23369,118.16224,eez,2026-09-01T01:31:13.238497+00:00
412444828,MINLONGYU62371,fishing,,412,China,中國,12,critical,1,3.8,3.6,1,taiwan-penghu-kinmen-matsu-no-3-tpkm3,0.0,0,0,廈門 Xiamen,2026-08-25T11:18:15.165846+00:00,,,125.6,,24.18969,118.40913,eez,2026-08-30T18:16:08.308925+00:00
412444922,MINLONGYU61819,fishing,,412,China,中國,12,critical,2,14.1,3.4,3,taiwan-penghu-kinmen-matsu-no-3-tpkm3,0.0,0,0,,,,,291.3,未觀測到靠港,24.15615,118.62905,eez,2026-08-31T04:58:30.564755+00:00
412444975,MIN LONG YU 60824,fishing,,412,China,中國,12,critical,1,3.5,0.7,1,taiwan-penghu-kinmen-matsu-no-3-tpkm3,0.0,0,0,,,,,299.6,未觀測到靠港,24.23177,118.84461,eez,2026-08-31T16:32:04.528899+00:00
412444982,MINLIANYU66577,fishing,,412,China,中國,12,critical,1,17.9,3.0,4,taiwan-matsu-no-4;taiwan-penghu-kinmen-matsu-no-2-tpkm2;taiwan-strait-express-1-tse-1,0.0,0,0,,,,,307.6,未觀測到靠港,26.61035,120.7114,eez,2026-09-01T04:37:22.691006+00:00
412444997,MINLIANYU60036,fishing,,412,China,中國,12,critical,2,14.0,2.7,3,taiwan-matsu-no-4;taiwan-penghu-kinmen-matsu-no-2-tpkm2;taiwan-penghu-kinmen-matsu-no-3-tpkm3;taiwan-strait-express-1-tse-1,0.0,0,0,,,,,307.6,未觀測到靠港,26.51873,120.77409,eez,2026-09-01T04:37:22.691006+00:00
412445019,MINLONGYU08966,fishing,,412,China,中國,12,critical,2,3.9,0.6,1,taiwan-penghu-kinmen-matsu-no-2-tpkm2;taiwan-penghu-kinmen-matsu-no-3-tpkm3,0.0,0,0,廈門 Xiamen,2026-08-25T07:16:54.436290+00:00,,,164.5,,24.13143,118.30004,eez,2026-09-01T04:37:22.691006+00:00
412445022,MIN LONG YU 66893,fishing,,412,China,中國,12,critical,1,8.1,3.8,1,taiwan-penghu-kinmen-matsu-no-3-tpkm3,0.0,0,0,,,,,301.6,未觀測到靠港,24.16285,118.6868,eez,2026-08-31T18:36:53.316921+00:00
412445095,MINLIANYU60922,fishing,,412,China,中國,12,critical,1,4.8,3.0,5,taiwan-matsu-no-4;taiwan-penghu-kinmen-matsu-no-2-tpkm2;taiwan-penghu-kinmen-matsu-no-3-tpkm3;taiwan-strait-express-1-tse-1,0.0,0,0,,,,,307.6,未觀測到靠港,26.63943,120.87181,eez,2026-09-01T04:37:22.691006+00:00
412445132,MINLIANYU60476,fishing,,412,China,中國,12,critical,2,9.4,2.9,4,taiwan-matsu-no-4;taiwan-penghu-kinmen-matsu-no-2-tpkm2;taiwan-penghu-kinmen-matsu-no-3-tpkm3;taiwan-strait-express-1-tse-1,0.0,0,0,,,,,297.2,未觀測到靠港,26.58433,120.81448,eez,2026-08-31T14:11:41.168860+00:00
412445199,MINLONGYU,fishing,,412,China,中國,12,critical,2,11.8,1.0,3,taiwan-penghu-kinmen-matsu-no-2-tpkm2;taiwan-penghu-kinmen-matsu-no-3-tpkm3,0.0,0,0,,,,,304.5,未觀測到靠港,24.29721,118.19,eez,2026-09-01T01:31:13.238497+00:00
412445501,MINLIANYU60965,fishing,,412,China,中國,12,critical,1,12.0,3.4,4,taiwan-matsu-no-4;taiwan-penghu-kinmen-matsu-no-2-tpkm2;taiwan-strait-express-1-tse-1,0.0,0,0,,,,,307.6,未觀測到靠港,26.57607,120.68577,eez,2026-09-01T04:37:22.691006+00:00
412445633,MIN MIN YU 11008,fishing,,412,China,中國,12,critical,2,6.9,1.1,2,taiwan-strait-express-1-tse-1,0.0,0,0,閩江口錨地 Minjiangkou,2026-08-20T03:15:07.947128+00:00,,,247.7,,26.05778,119.75465,eez,2026-08-31T01:00:40.959031+00:00
412447639,MIN LONG YU 61828,fishing,,412,China,中國,12,critical,1,3.3,3.6,1,taiwan-penghu-kinmen-matsu-no-2-tpkm2;taiwan-penghu-kinmen-matsu-no-3-tpkm3,0.0,0,0,,,,,288.6,未觀測到靠港,24.317,118.12673,eez,2026-08-31T14:11:41.168860+00:00
412447661,MINLIANYU66555,fishing,,412,China,中國,12,critical,1,6.0,2.0,2,taiwan-matsu-no-4;taiwan-penghu-kinmen-matsu-no-2-tpkm2;taiwan-strait-express-1-tse-1,0.0,0,0,,,,,307.6,未觀測到靠港,26.54773,120.78068,eez,2026-09-01T04:37:22.691006+00:00
412447912,MINLONGYU64789,fishing,,412,China,中國,12,critical,1,4.8,0.3,1,cross-straits-cable-network,0.0,0,0,大嶝/圍頭灣 Weitou,2026-08-29T13:14:06.253758+00:00,大嶝/圍頭灣 Weitou,2026-08-30T14:06:31.206236+00:00,0.0,,24.48445,118.23584,eez,2026-08-30T15:52:29.078583+00:00
412452067,MINSHIYU06029,fishing,,412,China,中國,12,critical,2,6.2,3.2,1,taiwan-matsu-no-4;taiwan-penghu-kinmen-matsu-no-3-tpkm3;taiwan-strait-express-1-tse-1,0.0,0,0,,,,,279.4,未觀測到靠港,25.53847,121.05836,eez,2026-08-31T04:58:30.564755+00:00
412477740,TONG XIN YUAN,tanker,,412,China,中國,12,critical,1,27.2,0.6,1,taiwan-matsu-no-4;taiwan-penghu-kinmen-matsu-no-3-tpkm3;taiwan-strait-express-1-tse-1,0.0,0,0,湄洲灣泉港 Meizhouwan,2026-08-25T12:38:09.106164+00:00,,,14.5,,23.254292,117.215313,eez,2026-08-26T04:10:06.436119+00:00
412490802,MINCHANGYU 802,fishing,,412,China,中國,12,critical,2,4.7,1.8,2,taiwan-strait-express-1-tse-1,0.0,0,0,,,,,248.2,未觀測到靠港,26.04462,119.73156,eez,2026-08-30T05:34:21.607312+00:00
412493471,MINLIANYUYUN60053,fishing,,412,China,中國,12,critical,1,7.0,2.1,4,taiwan-matsu-no-4;taiwan-penghu-kinmen-matsu-no-3-tpkm3;taiwan-strait-express-1-tse-1,0.0,0,0,,,,,307.6,未觀測到靠港,26.03577,120.09475,eez,2026-09-01T04:37:22.691006+00:00
412534000,MEI HUA HAI,cargo,,412,China,中國,12,critical,1,3.4,1.0,1,flag-europe-asia-fea;flag-north-asia-loopreach-north-asia-loop;h2-cable,0.0,0,0,,,,,227.3,未觀測到靠港,20.804165,120.810422,eez,2026-08-17T17:19:28.149953+00:00
413208740,FU XING 9,cargo,,413,China,中國,12,critical,1,4.0,1.4,1,apcn-2;taiwan-penghu-kinmen-matsu-no-2-tpkm2;taiwan-penghu-kinmen-matsu-no-3-tpkm3,0.0,0,0,,,,,485.5,未觀測到靠港,24.28062,118.5528,eez,2026-08-31T04:58:30.564755+00:00
413220620,MAO YUN 568,cargo,,413,China,中國,12,critical,2,10.1,0.8,1,taiwan-matsu-no-4;taiwan-penghu-kinmen-matsu-no-2-tpkm2;taiwan-penghu-kinmen-matsu-no-3-tpkm3;taiwan-strait-express-1-tse-1,0.0,0,0,,,,,559.3,未觀測到靠港,26.796302,119.70936,eez,2026-09-01T04:37:22.691006+00:00
413235660,ZHONG HAI YOU 568,tanker,,413,China,中國,12,critical,2,26.0,0.4,1,taiwan-penghu-kinmen-matsu-no-2-tpkm2;taiwan-penghu-kinmen-matsu-no-3-tpkm3,0.0,0,0,廈門 Xiamen,2026-08-30T00:54:50.080310+00:00,莆田湄洲灣 Putian,2026-08-30T14:06:31.206236+00:00,0.7,,25.100113,119.13636,eez,2026-08-31T01:00:40.959031+00:00
413254270,SHOU XIANG,cargo,,413,China,中國,12,critical,2,44.6,0.4,1,taiwan-penghu-kinmen-matsu-no-3-tpkm3;taiwan-strait-express-1-tse-1,0.0,0,0,,,,,559.3,未觀測到靠港,25.730468,119.620502,eez,2026-09-01T04:37:22.691006+00:00
413255560,JIN TAI 118,cargo,,413,China,中國,12,critical,2,20.5,0.2,2,taiwan-penghu-kinmen-matsu-no-3-tpkm3,1.7,0,0,白沙漁港 Baisha,2026-08-09T07:28:42.938720+00:00,,,153.1,,27.587867,121.05864,eez,2026-08-15T17:12:34.210950+00:00
413272940,YI TAI RONG,cargo,,413,China,中國,12,critical,2,5.3,0.5,1,taiwan-penghu-kinmen-matsu-no-3-tpkm3,0.0,0,0,同安灣/廈門灣北 Tongan,2026-08-29T07:12:39.299265+00:00,漳州東山 Dongshan,2026-08-29T21:24:09.012880+00:00,4.8,,23.71698,117.54736,eez,2026-08-29T21:24:09.012880+00:00
413295960,QING YUN HE,cargo,,413,China,中國,12,critical,2,5.4,2.1,1,apcn-2;asia-united-gateway-east-aug-east;eac-c2c;southeast-asia-japan-cable-2-sjc2;taiwan-penghu-kinmen-matsu-no-2-tpkm2;taiwan-penghu-kinmen-matsu-no-3-tpkm3,0.0,0,0,廈門 Xiamen,2026-08-25T01:57:17.245352+00:00,,,19.9,,21.532365,121.642462,eez,2026-08-25T23:17:08.770095+00:00
413333930,FEI YUN HE,cargo,,413,China,中國,12,critical,2,5.0,1.7,2,apcn-2;eac-c2c;faster;h2-cable;taiwan-penghu-kinmen-matsu-no-2-tpkm2;taiwan-penghu-kinmen-matsu-no-3-tpkm3,0.0,0,0,小港臨海新村漁港 Xiaogang,2026-08-25T13:41:01.875804+00:00,,,61.5,,26.2237,122.948683,eez,2026-08-28T05:01:48.482487+00:00
413336820,LONG    XIN     99,cargo,,413,China,中國,12,critical,2,5.4,1.3,1,taiwan-penghu-kinmen-matsu-no-2-tpkm2;taiwan-penghu-kinmen-matsu-no-3-tpkm3,0.0,0,0,深滬灣/圍頭東 Shenhu,2026-08-30T15:52:29.078583+00:00,,,19.9,,26.468287,119.87944,eez,2026-08-31T14:11:41.168860+00:00
413369010,SHENFENGZHIHUA,cargo,,413,China,中國,12,critical,2,0,,0,taiwan-penghu-kinmen-matsu-no-2-tpkm2;taiwan-penghu-kinmen-matsu-no-3-tpkm3,6.6,0,0,泉州 Quanzhou,2026-08-22T03:12:11.129638+00:00,,,235.3,,27.089783,120.603373,eez,2026-09-01T04:37:22.691006+00:00
413377790,ZHONG HAI YOU 528,tanker,,413,China,中國,12,critical,2,28.0,0.3,1,taiwan-penghu-kinmen-matsu-no-3-tpkm3;taiwan-strait-express-1-tse-1,0.0,0,0,福州馬尾 Fuzhou-Mawei,2026-08-20T09:24:24.533721+00:00,,,239.5,,25.960538,119.807212,eez,2026-08-30T12:03:28.899785+00:00
413499380,YI HAI SHEN ZHOU,cargo,,413,China,中國,12,critical,2,11.2,0.7,1,taiwan-matsu-no-4;taiwan-penghu-kinmen-matsu-no-3-tpkm3,5.7,0,0,,,,,539.8,未觀測到靠港,27.020477,120.927867,eez,2026-08-31T16:32:04.528899+00:00
413511880,JIA HONG 33,cargo,,413,China,中國,12,critical,2,24.2,0.4,1,taiwan-penghu-kinmen-matsu-no-2-tpkm2;taiwan-penghu-kinmen-matsu-no-3-tpkm3,0.0,0,0,湄洲灣泉港 Meizhouwan,2026-08-25T12:38:09.106164+00:00,莆田湄洲灣 Putian,2026-09-01T04:37:22.691006+00:00,155.8,,25.034323,119.052573,eez,2026-09-01T04:37:22.691006+00:00
413534920,FEI HONG DA 17,cargo,,413,China,中國,12,critical,2,5.9,0.1,1,apcn-2;southeast-asia-japan-cable-sjc;taiwan-matsu-no-4;taiwan-penghu-kinmen-matsu-no-2-tpkm2;taiwan-penghu-kinmen-matsu-no-3-tpkm3,0.0,0,0,汕頭港外 Shantou-appr,2026-08-31T18:36:53.316921+00:00,,,6.9,,23.97319,118.515893,eez,2026-09-01T04:37:22.691006+00:00
413695760,DONG FANG QIANG,cargo,,413,China,中國,12,critical,1,3.9,2.0,1,apcn-2;taiwan-penghu-kinmen-matsu-no-2-tpkm2;taiwan-penghu-kinmen-matsu-no-3-tpkm3,0.0,0,0,麗水漁港 Lishui,2026-08-30T18:16:08.308925+00:00,,,7.2,,23.149618,119.297173,territorial_sea,2026-08-31T04:58:30.564755+00:00
413701730,XIN HUA TAI,cargo,,413,China,中國,12,critical,2,47.0,0.2,1,taiwan-penghu-kinmen-matsu-no-3-tpkm3,8.1,0,0,,,,,559.3,未觀測到靠港,26.404583,119.9338,eez,2026-09-01T04:37:22.691006+00:00
413704770,KAI  JIA,cargo,,413,China,中國,12,critical,2,35.3,0.0,1,taiwan-penghu-kinmen-matsu-no-2-tpkm2;taiwan-penghu-kinmen-matsu-no-3-tpkm3;taiwan-strait-express-1-tse-1,0.0,0,0,,,,,175.6,未觀測到靠港,23.401843,117.16044,eez,2026-08-16T04:56:33.847620+00:00
413856666,MINJINYU08596,fishing,,413,China,中國,12,critical,2,6.0,3.7,2,taiwan-penghu-kinmen-matsu-no-2-tpkm2;taiwan-penghu-kinmen-matsu-no-3-tpkm3,0.0,0,0,深滬灣/圍頭東 Shenhu,2026-08-20T19:29:37.080779+00:00,,,214.1,,24.35846,118.73324,eez,2026-08-29T21:24:09.012880+00:00
416000014,EC649,fishing,,416,Taiwan,台灣,12,critical,1,4.1,0.3,1,taiwan-penghu-kinmen-matsu-no-2-tpkm2;taiwan-penghu-kinmen-matsu-no-3-tpkm3,0.0,0,0,台北港 Taipei,2026-08-29T13:14:06.253758+00:00,鳥嶼漁港 Niaoyu,2026-08-30T14:06:31.206236+00:00,0.0,,23.641997,119.647125,internal_waters,2026-08-30T14:06:31.206236+00:00
416000963,JIN YOUNG FA 86,fishing,,416,Taiwan,台灣,12,critical,1,8.3,2.1,5,h2-cable;hong-kong-americas-hka;pacific-light-cable-network-plcn,0.0,0,0,大溪漁港 Daxi,2026-08-18T01:55:46.727923+00:00,大溪漁港 Daxi,2026-08-30T05:34:21.607312+00:00,267.0,,24.934677,121.91191,internal_waters,2026-08-30T05:34:21.607312+00:00
416004454,JIN ROEI YIH NO.66,fishing,,416,Taiwan,台灣,12,critical,1,31.9,3.2,5,eac-c2c;faster;southeast-asia-japan-cable-2-sjc2,0.0,0,0,正濱漁港 Zhengbin,2026-08-27T21:40:15.702771+00:00,,,71.9,,25.87697,122.09746,contiguous_zone,2026-08-31T04:58:30.564755+00:00
416005379,YI DA NO.10,fishing,,416,Taiwan,台灣,12,critical,2,6.3,3.6,3,apcn-2;eac-c2c;faster;southeast-asia-japan-cable-2-sjc2,0.0,0,0,正濱漁港 Zhengbin,2026-08-31T01:00:40.959031+00:00,,,0.0,,25.559508,121.865673,territorial_sea,2026-08-31T04:58:30.564755+00:00
416005558,QUAN JIA FU 128,fishing,,416,Taiwan,台灣,12,critical,1,6.4,2.2,3,apcn-2;e2a;h2-cable,0.0,0,0,長潭里漁港 Changtanli,2026-08-29T21:24:09.012880+00:00,,,1.8,,25.168655,121.837633,internal_waters,2026-08-30T15:52:29.078583+00:00
416068856,CTR-TT0144,fishing,,416,Taiwan,台灣,12,critical,1,9.2,0.0,2,asia-united-gateway-east-aug-east,0.0,0,0,伽藍漁港 Fugang,2026-09-01T01:31:13.238497+00:00,,,0.0,,22.339552,120.894552,internal_waters,2026-09-01T04:37:22.691006+00:00
441701000,SM LONG BEACH,cargo,,441,South Korea,韓國,12,critical,1,11.3,1.0,2,apcn-2,0.0,1,0,,,,,54.9,未觀測到靠港,27.092133,121.564933,eez,2026-08-10T12:54:36.212410+00:00
477252900,HUA SHENG HAI,cargo,,477,Hong Kong,香港,12,critical,2,42.3,0.1,1,apcn-2;asia-united-gateway-east-aug-east;e2a;eac-c2c;taiwan-penghu-kinmen-matsu-no-3-tpkm3,0.0,0,0,台北港 Taipei,2026-08-29T18:01:43.259492+00:00,,,20.9,,23.398147,117.778047,eez,2026-08-30T18:16:08.308925+00:00
511101561,DATU HONOR,cargo,,511,Palau,帛琉,12,critical,2,18.0,0.3,1,taiwan-matsu-no-4;taiwan-penghu-kinmen-matsu-no-2-tpkm2;taiwan-penghu-kinmen-matsu-no-3-tpkm3;taiwan-strait-express-1-tse-1,0.0,1,0,,,,,339.9,未觀測到靠港,26.14715,120.725283,eez,2026-08-28T21:39:12.654619+00:00
511102021,SUPERNOVA,cargo,,511,Palau,帛琉,12,critical,2,42.1,0.4,5,eac-c2c;taiwan-penghu-kinmen-matsu-no-2-tpkm2;taiwan-penghu-kinmen-matsu-no-3-tpkm3;taiwan-strait-express-1-tse-1;trans-pacific-express-tpe-cable-system,0.0,1,0,台北港 Taipei,2026-08-11T15:51:35.152222+00:00,,,490.8,,26.024575,122.087967,contiguous_zone,2026-09-01T04:37:22.691006+00:00
511456000,BROADVIEW,tanker,,511,Palau,帛琉,12,critical,2,0,,0,,23.1,1,0,,,,,554.1,未觀測到靠港,22.71185,120.174293,internal_waters,2026-09-01T04:37:22.691006+00:00
538007622,NAVIOS VERDE,cargo,,538,Marshall Islands,馬紹爾群島,12,critical,2,11.3,2.4,1,apcn-2;eac-c2c;southeast-asia-japan-cable-2-sjc2,0.0,0,0,基隆港 Keelung,2026-08-24T15:29:51.857744+00:00,,,16.0,,23.525518,118.221613,eez,2026-08-25T09:25:20.380906+00:00
538008720,SM SANTOS,cargo,,538,Marshall Islands,馬紹爾群島,12,critical,2,7.2,1.2,1,taiwan-matsu-no-4;taiwan-penghu-kinmen-matsu-no-2-tpkm2;taiwan-penghu-kinmen-matsu-no-3-tpkm3;taiwan-strait-express-1-tse-1,0.0,0,0,,,,,264.0,未觀測到靠港,22.9562,117.728762,eez,2026-08-19T21:21:16.928605+00:00
538010784,TS QINGDAO,cargo,,538,Marshall Islands,馬紹爾群島,12,critical,2,4.0,2.2,1,apcn-2;seamewe-3;taiwan-matsu-no-4,0.0,0,0,,,,,366.7,未觀測到靠港,23.021977,117.538378,eez,2026-08-24T02:03:27.398663+00:00
538010792,TS JOHOR,cargo,,538,Marshall Islands,馬紹爾群島,12,critical,2,3.5,1.3,2,apcn-2;eac-c2c;faster;southeast-asia-japan-cable-2-sjc2;taiwan-penghu-kinmen-matsu-no-2-tpkm2;taiwan-penghu-kinmen-matsu-no-3-tpkm3,0.0,0,0,台中港 Taichung,2026-08-20T15:28:31.485559+00:00,,,196.3,,25.99948,121.453433,eez,2026-08-28T21:39:12.654619+00:00
563149800,KOTA CAHAYA,cargo,,563,Singapore,新加坡,12,critical,2,29.3,1.2,3,apcn-2;eac-c2c;seamewe-3;southeast-asia-japan-cable-sjc;taiwan-strait-express-1-tse-1,0.0,0,0,,,,,335.9,未觀測到靠港,22.901015,117.34837,eez,2026-08-22T21:12:40.405287+00:00
563159700,WAN HAI 295,cargo,,563,Singapore,新加坡,12,critical,2,9.0,0.0,1,eac-c2c;faster;taiwan-penghu-kinmen-matsu-no-2-tpkm2;taiwan-penghu-kinmen-matsu-no-3-tpkm3;trans-pacific-express-tpe-cable-system,0.0,0,0,麗水漁港 Lishui,2026-08-31T14:11:41.168860+00:00,,,9.0,,23.236615,117.693625,eez,2026-09-01T01:31:13.238497+00:00
563181800,XING LE HAI,cargo,,563,Singapore,新加坡,12,critical,2,28.2,1.0,3,apcn-2;asia-united-gateway-east-aug-east;h2-cable;orca,9.6,0,0,,,,,225.8,未觀測到靠港,22.393157,122.476575,eez,2026-08-18T07:11:52.708160+00:00
563274600,SALERNO EXPRESS,cargo,,563,Singapore,新加坡,12,critical,2,8.2,2.1,1,apcn-2;southeast-asia-japan-cable-sjc;taiwan-penghu-kinmen-matsu-no-2-tpkm2;taiwan-strait-express-1-tse-1,0.0,0,0,,,,,402.6,未觀測到靠港,22.926152,117.42015,eez,2026-08-25T04:05:56.477331+00:00
