{"type":"FeatureCollection","properties":{"source":"Natural Earth 1:10m physical land (public domain)","clip_bounds":{"lat_min":17.0,"lat_max":32.0,"lon_min":114.0,"lon_max":132.0}},"features":[{"type":"Feature","properties":{},"geometry":{"type":"Polygon","coordinates":[[[114.0,32.0],[121.756,32.0],[121.764,31.995],[121.799,31.97],[121.822,31.952],[121.825,31.928],[121.848,31.905],[121.875,31.864],[121.875,31.826],[121.902,31.786],[121.922,31.754],[121.93,31.727],[121.915,31.706],[121.872,31.691],[121.817,31.691],[121.749,31.712],[121.703,31.721],[121.676,31.724],[121.655,31.732],[121.607,31.749],[121.574,31.766],[121.552,31.774],[121.529,31.779],[121.517,31.783],[121.508,31.793],[121.5,31.802],[121.495,31.806],[121.48,31.811],[121.416,31.841],[121.317,31.883],[121.286,31.891],[121.228,31.866],[121.185,31.837],[121.115,31.796],[121.087,31.802],[121.062,31.814],[121.04,31.819],[121.005,31.821],[120.978,31.814],[120.951,31.825],[120.941,31.845],[120.943,31.868],[120.943,31.875],[120.945,31.885],[120.941,31.893],[120.926,31.896],[120.919,31.899],[120.911,31.918],[120.906,31.926],[120.847,31.991],[120.837,32.0],[120.333,32.0],[120.3,31.972],[120.267,31.949],[120.224,31.937],[120.176,31.937],[120.131,31.943],[120.09,31.955],[120.052,31.971],[120.02,31.991],[120.01,32.0],[119.953,32.0],[119.961,31.991],[119.979,31.969],[120.006,31.95],[120.039,31.943],[120.131,31.912],[120.178,31.904],[120.23,31.909],[120.341,31.956],[120.418,31.97],[120.432,31.975],[120.456,31.983],[120.454,32.0],[120.577,32.0],[120.604,31.991],[120.67,31.999],[120.69,31.998],[120.75,31.978],[120.78,31.916],[120.807,31.874],[120.825,31.829],[120.808,31.81],[120.751,31.825],[120.739,31.837],[120.728,31.851],[120.717,31.861],[120.721,31.832],[120.731,31.814],[120.748,31.802],[120.832,31.778],[120.895,31.763],[120.948,31.758],[120.981,31.751],[121.014,31.743],[121.067,31.724],[121.144,31.685],[121.212,31.628],[121.245,31.6],[121.32,31.505],[121.341,31.491],[121.361,31.477],[121.418,31.453],[121.448,31.427],[121.546,31.366],[121.632,31.336],[121.67,31.313],[121.725,31.282],[121.778,31.214],[121.877,31.099],[121.951,30.982],[121.977,30.915],[121.96,30.874],[121.907,30.857],[121.811,30.853],[121.733,30.846],[121.631,30.837],[121.543,30.816],[121.492,30.798],[121.456,30.783],[121.411,30.767],[121.351,30.713],[121.334,30.703],[121.265,30.689],[121.222,30.675],[121.203,30.665],[121.178,30.646],[121.159,30.637],[121.149,30.628],[121.142,30.618],[121.137,30.608],[121.131,30.6],[121.121,30.593],[121.102,30.589],[121.047,30.583],[121.02,30.571],[120.998,30.558],[120.978,30.543],[120.949,30.507],[120.932,30.473],[120.929,30.453],[120.932,30.439],[120.938,30.431],[120.94,30.422],[120.929,30.408],[120.922,30.405],[120.902,30.404],[120.895,30.401],[120.905,30.389],[120.909,30.384],[120.915,30.381],[120.915,30.375],[120.901,30.374],[120.888,30.369],[120.851,30.33],[120.832,30.305],[120.811,30.297],[120.787,30.294],[120.77,30.306],[120.754,30.327],[120.745,30.36],[120.727,30.376],[120.698,30.394],[120.667,30.401],[120.619,30.406],[120.479,30.404],[120.43,30.39],[120.416,30.368],[120.407,30.354],[120.397,30.322],[120.389,30.291],[120.379,30.274],[120.365,30.269],[120.342,30.274],[120.316,30.291],[120.285,30.299],[120.258,30.298],[120.24,30.289],[120.196,30.233],[120.147,30.199],[120.179,30.201],[120.2,30.218],[120.23,30.236],[120.25,30.27],[120.274,30.278],[120.296,30.279],[120.315,30.264],[120.331,30.249],[120.35,30.241],[120.368,30.241],[120.385,30.25],[120.395,30.265],[120.405,30.28],[120.421,30.305],[120.45,30.369],[120.477,30.375],[120.525,30.378],[120.622,30.373],[120.652,30.359],[120.657,30.336],[120.685,30.272],[120.699,30.252],[120.726,30.243],[120.734,30.232],[120.691,30.197],[120.666,30.166],[120.644,30.146],[120.63,30.135],[120.632,30.122],[120.653,30.103],[120.682,30.085],[120.701,30.081],[120.723,30.08],[120.755,30.087],[120.765,30.087],[120.772,30.083],[120.784,30.072],[120.792,30.066],[120.784,30.089],[120.765,30.097],[120.714,30.093],[120.688,30.098],[120.665,30.11],[120.646,30.127],[120.663,30.141],[120.701,30.185],[120.751,30.226],[120.813,30.213],[120.829,30.185],[120.853,30.174],[120.893,30.17],[120.924,30.186],[120.954,30.192],[120.96,30.196],[120.994,30.211],[121.109,30.283],[121.129,30.302],[121.15,30.326],[121.185,30.338],[121.254,30.348],[121.313,30.338],[121.377,30.325],[121.43,30.293],[121.507,30.22],[121.555,30.161],[121.587,30.112],[121.623,30.06],[121.643,30.036],[121.658,30.018],[121.678,30.001],[121.707,29.985],[121.732,29.979],[121.722,29.961],[121.732,29.962],[121.75,29.973],[121.767,29.973],[121.797,29.963],[121.816,29.951],[121.85,29.94],[121.873,29.932],[121.899,29.923],[121.915,29.919],[121.936,29.887],[121.95,29.887],[121.962,29.888],[121.982,29.89],[122.056,29.887],[122.068,29.89],[122.087,29.899],[122.106,29.907],[122.129,29.904],[122.136,29.885],[122.115,29.872],[122.069,29.852],[122.028,29.836],[121.983,29.823],[121.966,29.811],[121.937,29.792],[121.924,29.773],[121.902,29.753],[121.885,29.761],[121.873,29.754],[121.866,29.737],[121.862,29.708],[121.835,29.687],[121.776,29.653],[121.718,29.589],[121.704,29.572],[121.687,29.563],[121.667,29.557],[121.648,29.557],[121.636,29.554],[121.624,29.554],[121.609,29.546],[121.593,29.544],[121.574,29.552],[121.531,29.51],[121.523,29.513],[121.52,29.528],[121.517,29.546],[121.511,29.549],[121.499,29.549],[121.484,29.545],[121.475,29.539],[121.468,29.531],[121.458,29.525],[121.443,29.524],[121.443,29.518],[121.448,29.514],[121.457,29.501],[121.455,29.489],[121.441,29.482],[121.428,29.468],[121.443,29.44],[121.443,29.415],[121.465,29.421],[121.473,29.449],[121.48,29.475],[121.505,29.484],[121.5,29.476],[121.492,29.456],[121.514,29.452],[121.512,29.438],[121.497,29.422],[121.481,29.415],[121.478,29.413],[121.477,29.408],[121.479,29.403],[121.485,29.391],[121.497,29.393],[121.509,29.398],[121.52,29.407],[121.531,29.417],[121.538,29.424],[121.549,29.439],[121.554,29.45],[121.56,29.463],[121.57,29.475],[121.581,29.478],[121.602,29.483],[121.643,29.495],[121.676,29.51],[121.674,29.52],[121.682,29.524],[121.7,29.534],[121.711,29.539],[121.725,29.538],[121.725,29.535],[121.725,29.529],[121.727,29.522],[121.731,29.518],[121.738,29.519],[121.746,29.523],[121.764,29.531],[121.766,29.521],[121.757,29.499],[121.761,29.486],[121.765,29.477],[121.778,29.469],[121.79,29.476],[121.812,29.49],[121.821,29.515],[121.831,29.528],[121.847,29.524],[121.845,29.536],[121.837,29.542],[121.826,29.546],[121.814,29.552],[121.8,29.546],[121.783,29.543],[121.766,29.546],[121.758,29.548],[121.745,29.545],[121.748,29.563],[121.774,29.575],[121.796,29.601],[121.818,29.607],[121.835,29.616],[121.854,29.616],[121.868,29.627],[121.88,29.624],[121.9,29.628],[121.916,29.641],[121.927,29.634],[121.943,29.611],[121.954,29.606],[121.966,29.602],[121.971,29.593],[121.971,29.569],[121.964,29.56],[121.95,29.556],[121.941,29.551],[121.95,29.538],[121.922,29.531],[121.91,29.525],[121.912,29.514],[121.922,29.509],[121.936,29.504],[121.944,29.498],[121.94,29.487],[121.943,29.48],[121.971,29.449],[121.969,29.439],[121.963,29.432],[121.958,29.423],[121.957,29.408],[121.948,29.421],[121.936,29.428],[121.93,29.425],[121.923,29.418],[121.929,29.409],[121.922,29.399],[121.916,29.391],[121.921,29.381],[121.916,29.363],[121.916,29.349],[121.927,29.339],[121.929,29.339],[121.931,29.331],[121.931,29.324],[121.925,29.319],[121.909,29.319],[121.912,29.315],[121.916,29.305],[121.9,29.299],[121.906,29.285],[121.922,29.27],[121.94,29.264],[121.95,29.267],[121.963,29.281],[121.974,29.285],[121.976,29.281],[121.986,29.263],[121.991,29.257],[121.967,29.256],[121.953,29.25],[121.951,29.237],[121.957,29.216],[121.943,29.223],[121.94,29.21],[121.94,29.204],[121.943,29.196],[121.922,29.196],[121.894,29.187],[121.841,29.161],[121.813,29.161],[121.785,29.168],[121.788,29.202],[121.79,29.216],[121.795,29.244],[121.796,29.266],[121.802,29.293],[121.8,29.305],[121.809,29.312],[121.818,29.316],[121.829,29.319],[121.841,29.319],[121.831,29.334],[121.817,29.332],[121.805,29.324],[121.8,29.319],[121.788,29.329],[121.788,29.343],[121.8,29.374],[121.787,29.374],[121.776,29.373],[121.767,29.368],[121.759,29.36],[121.771,29.338],[121.778,29.296],[121.774,29.254],[121.759,29.229],[121.746,29.202],[121.739,29.196],[121.724,29.182],[121.704,29.174],[121.671,29.176],[121.652,29.183],[121.642,29.202],[121.639,29.217],[121.642,29.268],[121.646,29.281],[121.655,29.3],[121.64,29.307],[121.625,29.301],[121.629,29.285],[121.623,29.264],[121.632,29.211],[121.629,29.188],[121.615,29.206],[121.606,29.227],[121.589,29.291],[121.584,29.3],[121.574,29.305],[121.563,29.304],[121.562,29.296],[121.567,29.285],[121.574,29.278],[121.563,29.272],[121.551,29.271],[121.526,29.278],[121.526,29.271],[121.536,29.258],[121.531,29.238],[121.517,29.219],[121.505,29.209],[121.505,29.202],[121.512,29.189],[121.504,29.179],[121.491,29.176],[121.484,29.185],[121.48,29.197],[121.471,29.191],[121.462,29.176],[121.456,29.161],[121.431,29.172],[121.42,29.171],[121.409,29.161],[121.443,29.147],[121.439,29.145],[121.438,29.145],[121.438,29.144],[121.436,29.141],[121.456,29.141],[121.456,29.134],[121.441,29.131],[121.428,29.127],[121.415,29.12],[121.402,29.107],[121.497,29.104],[121.529,29.115],[121.621,29.113],[121.625,29.104],[121.625,29.088],[121.621,29.071],[121.615,29.058],[121.599,29.05],[121.585,29.054],[121.571,29.061],[121.556,29.065],[121.537,29.061],[121.53,29.051],[121.532,29.02],[121.538,29.018],[121.549,29.021],[121.553,29.029],[121.54,29.038],[121.557,29.049],[121.617,29.04],[121.642,29.051],[121.682,29.027],[121.69,29.017],[121.676,29.013],[121.662,29.003],[121.654,28.989],[121.659,28.973],[121.664,28.97],[121.669,28.969],[121.68,28.969],[121.685,28.968],[121.684,28.963],[121.683,28.959],[121.684,28.956],[121.692,28.953],[121.709,28.951],[121.718,28.949],[121.698,28.937],[121.689,28.928],[121.684,28.915],[121.629,28.932],[121.605,28.943],[121.587,28.963],[121.585,28.938],[121.571,28.93],[121.554,28.936],[121.546,28.952],[121.537,28.955],[121.517,28.956],[121.498,28.95],[121.492,28.928],[121.505,28.935],[121.508,28.925],[121.512,28.917],[121.518,28.913],[121.526,28.915],[121.535,28.904],[121.55,28.898],[121.566,28.893],[121.581,28.887],[121.59,28.892],[121.602,28.894],[121.611,28.891],[121.617,28.88],[121.627,28.881],[121.629,28.877],[121.628,28.871],[121.623,28.861],[121.621,28.856],[121.624,28.842],[121.628,28.841],[121.635,28.845],[121.642,28.846],[121.657,28.838],[121.662,28.833],[121.67,28.825],[121.654,28.812],[121.647,28.808],[121.636,28.805],[121.636,28.798],[121.663,28.798],[121.663,28.791],[121.651,28.788],[121.643,28.784],[121.636,28.779],[121.629,28.771],[121.626,28.768],[121.622,28.766],[121.618,28.762],[121.615,28.756],[121.62,28.748],[121.622,28.742],[121.621,28.736],[121.606,28.725],[121.503,28.7],[121.351,28.712],[121.334,28.717],[121.32,28.725],[121.306,28.736],[121.298,28.744],[121.295,28.748],[121.29,28.752],[121.279,28.756],[121.269,28.758],[121.246,28.76],[121.238,28.764],[121.235,28.77],[121.227,28.791],[121.224,28.798],[121.214,28.807],[121.208,28.81],[121.201,28.81],[121.19,28.812],[121.174,28.818],[121.163,28.825],[121.158,28.831],[121.156,28.838],[121.152,28.843],[121.142,28.846],[121.142,28.84],[121.16,28.814],[121.172,28.807],[121.193,28.805],[121.206,28.799],[121.218,28.786],[121.227,28.771],[121.231,28.76],[121.241,28.753],[121.286,28.738],[121.299,28.723],[121.299,28.701],[121.286,28.693],[121.27,28.687],[121.258,28.675],[121.328,28.692],[121.365,28.696],[121.381,28.682],[121.414,28.697],[121.455,28.69],[121.49,28.666],[121.51,28.657],[121.526,28.625],[121.53,28.599],[121.538,28.571],[121.549,28.551],[121.573,28.525],[121.582,28.505],[121.551,28.502],[121.535,28.503],[121.521,28.501],[121.512,28.489],[121.521,28.491],[121.545,28.492],[121.585,28.489],[121.608,28.477],[121.6,28.465],[121.584,28.454],[121.584,28.443],[121.593,28.431],[121.607,28.42],[121.616,28.397],[121.632,28.379],[121.629,28.364],[121.632,28.356],[121.634,28.347],[121.641,28.35],[121.648,28.348],[121.656,28.339],[121.642,28.322],[121.621,28.285],[121.608,28.27],[121.586,28.257],[121.578,28.26],[121.581,28.301],[121.567,28.304],[121.541,28.322],[121.522,28.327],[121.5,28.333],[121.473,28.331],[121.456,28.319],[121.448,28.316],[121.441,28.312],[121.437,28.306],[121.436,28.297],[121.43,28.297],[121.421,28.304],[121.409,28.305],[121.399,28.298],[121.396,28.284],[121.401,28.276],[121.411,28.274],[121.419,28.27],[121.416,28.256],[121.408,28.246],[121.399,28.244],[121.388,28.243],[121.375,28.236],[121.365,28.226],[121.361,28.215],[121.359,28.202],[121.354,28.188],[121.369,28.192],[121.375,28.195],[121.377,28.184],[121.374,28.173],[121.368,28.162],[121.361,28.154],[121.351,28.147],[121.346,28.145],[121.34,28.146],[121.33,28.148],[121.326,28.152],[121.309,28.175],[121.297,28.176],[121.288,28.181],[121.275,28.208],[121.262,28.226],[121.225,28.239],[121.249,28.27],[121.237,28.306],[121.203,28.332],[121.21,28.344],[121.218,28.352],[121.23,28.348],[121.244,28.349],[121.256,28.355],[121.265,28.366],[121.231,28.359],[121.214,28.361],[121.184,28.382],[121.169,28.385],[121.162,28.378],[121.169,28.36],[121.144,28.344],[121.13,28.306],[121.088,28.293],[121.072,28.292],[121.067,28.311],[121.059,28.311],[121.035,28.308],[121.025,28.305],[121.04,28.285],[121.058,28.28],[121.079,28.278],[121.122,28.284],[121.13,28.266],[121.125,28.236],[121.119,28.219],[121.109,28.2],[121.101,28.185],[121.086,28.167],[121.053,28.148],[121.031,28.126],[121.009,28.103],[121.002,28.086],[121.001,28.051],[120.994,28.026],[120.981,28.006],[120.965,27.987],[120.921,27.982],[120.898,27.993],[120.88,27.999],[120.856,27.997],[120.82,27.989],[120.801,27.993],[120.781,28.002],[120.763,28.014],[120.748,28.027],[120.731,28.036],[120.708,28.041],[120.662,28.045],[120.621,28.04],[120.606,28.042],[120.59,28.054],[120.585,28.096],[120.577,28.116],[120.56,28.113],[120.574,28.1],[120.58,28.09],[120.58,28.046],[120.582,28.034],[120.589,28.027],[120.604,28.024],[120.659,28.024],[120.674,28.022],[120.707,28.01],[120.739,27.983],[120.751,27.976],[120.835,27.956],[120.847,27.949],[120.854,27.935],[120.864,27.918],[120.863,27.903],[120.868,27.883],[120.852,27.858],[120.827,27.849],[120.807,27.835],[120.796,27.805],[120.77,27.773],[120.741,27.733],[120.723,27.716],[120.704,27.713],[120.687,27.727],[120.653,27.753],[120.635,27.763],[120.637,27.746],[120.645,27.734],[120.672,27.711],[120.674,27.704],[120.68,27.686],[120.67,27.677],[120.668,27.668],[120.673,27.66],[120.676,27.66],[120.666,27.625],[120.636,27.609],[120.618,27.594],[120.607,27.581],[120.597,27.57],[120.606,27.55],[120.614,27.53],[120.618,27.516],[120.633,27.507],[120.652,27.503],[120.662,27.503],[120.677,27.495],[120.682,27.482],[120.678,27.466],[120.666,27.452],[120.656,27.446],[120.65,27.446],[120.646,27.444],[120.638,27.424],[120.636,27.416],[120.639,27.408],[120.649,27.4],[120.639,27.384],[120.635,27.38],[120.623,27.38],[120.56,27.402],[120.546,27.403],[120.545,27.385],[120.54,27.365],[120.527,27.35],[120.505,27.345],[120.505,27.339],[120.517,27.337],[120.534,27.333],[120.547,27.328],[120.549,27.321],[120.546,27.315],[120.545,27.308],[120.546,27.294],[120.544,27.286],[120.539,27.282],[120.535,27.28],[120.532,27.277],[120.526,27.273],[120.521,27.268],[120.518,27.263],[120.52,27.262],[120.523,27.254],[120.526,27.239],[120.521,27.23],[120.512,27.224],[120.508,27.216],[120.518,27.202],[120.499,27.197],[120.481,27.186],[120.468,27.182],[120.463,27.198],[120.46,27.22],[120.45,27.223],[120.437,27.219],[120.422,27.222],[120.419,27.21],[120.419,27.206],[120.42,27.198],[120.429,27.174],[120.407,27.184],[120.376,27.236],[120.347,27.249],[120.333,27.247],[120.318,27.243],[120.303,27.242],[120.292,27.249],[120.288,27.264],[120.295,27.276],[120.308,27.285],[120.319,27.29],[120.311,27.294],[120.31,27.295],[120.31,27.294],[120.306,27.29],[120.299,27.298],[120.306,27.301],[120.309,27.304],[120.312,27.318],[120.292,27.309],[120.285,27.304],[120.281,27.312],[120.276,27.317],[120.264,27.324],[120.266,27.316],[120.266,27.312],[120.267,27.309],[120.271,27.304],[120.259,27.3],[120.248,27.304],[120.238,27.309],[120.224,27.311],[120.227,27.304],[120.231,27.298],[120.236,27.294],[120.244,27.29],[120.244,27.284],[120.226,27.269],[120.219,27.271],[120.213,27.283],[120.196,27.298],[120.192,27.288],[120.193,27.278],[120.196,27.27],[120.196,27.263],[120.191,27.256],[120.175,27.239],[120.176,27.229],[120.178,27.222],[120.182,27.217],[120.192,27.215],[120.202,27.218],[120.205,27.224],[120.207,27.23],[120.209,27.235],[120.239,27.251],[120.257,27.257],[120.264,27.253],[120.27,27.239],[120.298,27.227],[120.306,27.215],[120.319,27.226],[120.334,27.235],[120.334,27.229],[120.34,27.229],[120.341,27.233],[120.343,27.236],[120.347,27.243],[120.365,27.225],[120.365,27.21],[120.347,27.18],[120.37,27.187],[120.386,27.18],[120.402,27.165],[120.422,27.153],[120.422,27.147],[120.407,27.146],[120.385,27.15],[120.374,27.147],[120.408,27.14],[120.408,27.133],[120.381,27.125],[120.374,27.133],[120.367,27.125],[120.381,27.119],[120.381,27.112],[120.374,27.112],[120.374,27.106],[120.395,27.106],[120.378,27.099],[120.358,27.098],[120.283,27.112],[120.275,27.116],[120.262,27.13],[120.255,27.133],[120.244,27.133],[120.247,27.122],[120.252,27.114],[120.258,27.107],[120.264,27.099],[120.278,27.064],[120.271,27.058],[120.258,27.073],[120.245,27.065],[120.232,27.051],[120.216,27.044],[120.216,27.037],[120.242,27.034],[120.256,27.018],[120.255,26.997],[120.237,26.982],[120.23,26.989],[120.216,26.984],[120.193,26.981],[120.149,26.982],[120.187,26.964],[120.2,26.961],[120.214,26.964],[120.226,26.967],[120.236,26.966],[120.244,26.955],[120.239,26.952],[120.235,26.946],[120.23,26.941],[120.237,26.927],[120.229,26.923],[120.224,26.919],[120.219,26.915],[120.209,26.914],[120.201,26.915],[120.168,26.927],[120.147,26.929],[120.126,26.927],[120.114,26.919],[120.121,26.9],[120.11,26.894],[120.103,26.89],[120.096,26.887],[120.083,26.886],[120.079,26.888],[120.073,26.893],[120.066,26.898],[120.056,26.9],[120.032,26.9],[120.055,26.889],[120.044,26.877],[120.025,26.86],[120.025,26.838],[120.034,26.83],[120.048,26.823],[120.063,26.819],[120.076,26.817],[120.085,26.814],[120.097,26.806],[120.111,26.799],[120.128,26.797],[120.12,26.784],[120.107,26.772],[120.098,26.758],[120.1,26.743],[120.112,26.736],[120.129,26.735],[120.143,26.733],[120.149,26.721],[120.144,26.71],[120.132,26.707],[120.118,26.706],[120.108,26.701],[120.102,26.689],[120.104,26.675],[120.11,26.661],[120.121,26.646],[120.134,26.654],[120.134,26.646],[120.099,26.628],[120.09,26.622],[120.08,26.617],[120.075,26.621],[120.077,26.63],[120.087,26.639],[120.08,26.646],[120.028,26.615],[120.015,26.611],[119.96,26.611],[119.949,26.606],[119.941,26.593],[119.937,26.577],[119.936,26.56],[119.884,26.523],[119.847,26.524],[119.836,26.531],[119.833,26.55],[119.836,26.562],[119.842,26.562],[119.848,26.561],[119.854,26.564],[119.855,26.572],[119.852,26.591],[119.854,26.598],[119.868,26.61],[119.888,26.617],[119.929,26.626],[119.945,26.632],[119.969,26.648],[119.984,26.654],[119.982,26.658],[119.979,26.67],[119.977,26.674],[119.986,26.68],[120.0,26.708],[120.011,26.721],[120.012,26.719],[120.018,26.717],[120.028,26.715],[120.032,26.717],[120.032,26.72],[120.031,26.725],[120.032,26.729],[120.078,26.786],[120.08,26.797],[120.067,26.8],[120.015,26.79],[119.946,26.797],[119.925,26.792],[119.924,26.781],[119.936,26.759],[119.924,26.732],[119.902,26.71],[119.888,26.687],[119.902,26.66],[119.88,26.655],[119.857,26.654],[119.854,26.688],[119.851,26.69],[119.829,26.715],[119.82,26.711],[119.803,26.694],[119.792,26.688],[119.792,26.705],[119.802,26.767],[119.812,26.776],[119.84,26.79],[119.828,26.796],[119.816,26.798],[119.803,26.796],[119.792,26.79],[119.797,26.816],[119.815,26.826],[119.835,26.833],[119.846,26.852],[119.82,26.849],[119.798,26.841],[119.782,26.829],[119.771,26.811],[119.765,26.794],[119.766,26.784],[119.769,26.774],[119.771,26.759],[119.766,26.745],[119.756,26.738],[119.743,26.737],[119.73,26.743],[119.73,26.749],[119.733,26.763],[119.726,26.787],[119.712,26.808],[119.692,26.817],[119.686,26.812],[119.68,26.8],[119.676,26.786],[119.675,26.776],[119.678,26.763],[119.684,26.754],[119.71,26.73],[119.72,26.725],[119.727,26.718],[119.73,26.705],[119.725,26.698],[119.713,26.7],[119.696,26.708],[119.68,26.722],[119.664,26.741],[119.646,26.753],[119.627,26.749],[119.62,26.766],[119.623,26.777],[119.622,26.787],[119.606,26.797],[119.598,26.797],[119.585,26.795],[119.576,26.788],[119.579,26.776],[119.572,26.767],[119.558,26.759],[119.552,26.749],[119.55,26.737],[119.552,26.725],[119.555,26.715],[119.559,26.708],[119.571,26.703],[119.584,26.704],[119.596,26.703],[119.606,26.695],[119.608,26.684],[119.606,26.67],[119.6,26.646],[119.568,26.665],[119.559,26.667],[119.544,26.663],[119.541,26.656],[119.545,26.636],[119.554,26.615],[119.592,26.591],[119.6,26.57],[119.606,26.57],[119.619,26.588],[119.638,26.599],[119.658,26.608],[119.675,26.619],[119.688,26.611],[119.701,26.609],[119.73,26.611],[119.723,26.611],[119.735,26.612],[119.742,26.609],[119.743,26.602],[119.736,26.591],[119.749,26.588],[119.772,26.584],[119.785,26.578],[119.782,26.565],[119.783,26.56],[119.785,26.55],[119.774,26.56],[119.771,26.564],[119.762,26.551],[119.766,26.534],[119.779,26.521],[119.799,26.516],[119.795,26.512],[119.793,26.508],[119.791,26.505],[119.785,26.502],[119.794,26.497],[119.802,26.489],[119.812,26.475],[119.818,26.462],[119.819,26.453],[119.817,26.445],[119.812,26.434],[119.809,26.433],[119.796,26.434],[119.792,26.434],[119.791,26.43],[119.792,26.417],[119.792,26.413],[119.772,26.407],[119.762,26.407],[119.752,26.431],[119.738,26.444],[119.719,26.452],[119.699,26.455],[119.69,26.459],[119.665,26.492],[119.654,26.498],[119.647,26.494],[119.641,26.482],[119.636,26.479],[119.625,26.471],[119.62,26.468],[119.606,26.474],[119.6,26.475],[119.58,26.471],[119.571,26.466],[119.566,26.455],[119.573,26.438],[119.594,26.434],[119.616,26.437],[119.627,26.444],[119.631,26.449],[119.64,26.444],[119.648,26.437],[119.654,26.429],[119.656,26.356],[119.665,26.34],[119.689,26.338],[119.687,26.333],[119.684,26.322],[119.682,26.317],[119.696,26.317],[119.736,26.322],[119.747,26.328],[119.748,26.359],[119.754,26.372],[119.771,26.365],[119.78,26.375],[119.785,26.386],[119.787,26.397],[119.792,26.406],[119.798,26.411],[119.826,26.427],[119.835,26.412],[119.846,26.402],[119.851,26.393],[119.84,26.379],[119.856,26.378],[119.88,26.363],[119.895,26.359],[119.908,26.36],[119.935,26.371],[119.95,26.372],[119.95,26.365],[119.888,26.319],[119.877,26.313],[119.855,26.328],[119.827,26.328],[119.801,26.318],[119.785,26.297],[119.791,26.296],[119.805,26.29],[119.793,26.284],[119.785,26.287],[119.777,26.293],[119.764,26.297],[119.753,26.294],[119.733,26.285],[119.719,26.283],[119.695,26.283],[119.674,26.281],[119.654,26.272],[119.634,26.255],[119.652,26.25],[119.668,26.242],[119.665,26.232],[119.668,26.222],[119.652,26.218],[119.637,26.212],[119.625,26.203],[119.62,26.19],[119.614,26.182],[119.6,26.176],[119.592,26.166],[119.6,26.146],[119.561,26.125],[119.537,26.097],[119.518,26.065],[119.494,26.033],[119.473,25.997],[119.459,25.982],[119.436,25.981],[119.432,25.985],[119.421,26.002],[119.415,26.009],[119.405,26.014],[119.383,26.019],[119.373,26.022],[119.343,26.042],[119.327,26.048],[119.277,26.053],[119.261,26.061],[119.233,26.088],[119.216,26.1],[119.201,26.105],[119.161,26.112],[119.152,26.116],[119.12,26.136],[119.104,26.143],[119.094,26.146],[119.094,26.14],[119.116,26.123],[119.136,26.103],[119.157,26.091],[119.181,26.099],[119.195,26.088],[119.201,26.076],[119.209,26.043],[119.217,26.029],[119.237,26.006],[119.243,25.995],[119.247,25.967],[119.255,25.963],[119.296,25.957],[119.33,25.944],[119.347,25.94],[119.378,25.941],[119.41,25.95],[119.441,25.964],[119.49,25.994],[119.497,26.002],[119.5,26.01],[119.502,26.029],[119.504,26.036],[119.519,26.045],[119.554,26.046],[119.566,26.05],[119.619,26.024],[119.648,26.015],[119.675,26.022],[119.695,26.003],[119.701,25.995],[119.702,25.985],[119.699,25.973],[119.675,25.926],[119.666,25.915],[119.654,25.907],[119.64,25.901],[119.624,25.899],[119.616,25.893],[119.6,25.844],[119.584,25.877],[119.574,25.885],[119.566,25.872],[119.578,25.862],[119.579,25.841],[119.583,25.82],[119.603,25.811],[119.608,25.805],[119.608,25.793],[119.606,25.769],[119.61,25.767],[119.617,25.765],[119.621,25.76],[119.617,25.752],[119.596,25.732],[119.594,25.722],[119.593,25.693],[119.59,25.687],[119.587,25.686],[119.584,25.683],[119.58,25.68],[119.573,25.68],[119.568,25.682],[119.564,25.69],[119.535,25.706],[119.523,25.706],[119.517,25.69],[119.501,25.69],[119.487,25.687],[119.477,25.68],[119.469,25.684],[119.464,25.685],[119.449,25.687],[119.456,25.664],[119.46,25.633],[119.467,25.614],[119.483,25.626],[119.479,25.602],[119.481,25.58],[119.492,25.565],[119.517,25.557],[119.522,25.562],[119.527,25.571],[119.534,25.576],[119.549,25.567],[119.558,25.564],[119.568,25.569],[119.576,25.578],[119.579,25.585],[119.568,25.547],[119.572,25.533],[119.593,25.529],[119.587,25.522],[119.583,25.517],[119.577,25.515],[119.566,25.516],[119.582,25.509],[119.59,25.508],[119.6,25.508],[119.587,25.499],[119.582,25.496],[119.573,25.495],[119.573,25.488],[119.598,25.493],[119.604,25.491],[119.6,25.481],[119.6,25.475],[119.611,25.474],[119.622,25.469],[119.628,25.461],[119.624,25.45],[119.614,25.439],[119.617,25.437],[119.625,25.438],[119.634,25.433],[119.645,25.41],[119.646,25.393],[119.637,25.378],[119.62,25.365],[119.638,25.364],[119.646,25.362],[119.655,25.358],[119.603,25.346],[119.579,25.344],[119.583,25.353],[119.588,25.361],[119.594,25.367],[119.6,25.371],[119.589,25.401],[119.578,25.419],[119.583,25.426],[119.59,25.432],[119.593,25.439],[119.59,25.443],[119.576,25.463],[119.576,25.467],[119.568,25.466],[119.562,25.463],[119.556,25.459],[119.552,25.454],[119.548,25.457],[119.545,25.459],[119.539,25.461],[119.536,25.45],[119.534,25.434],[119.536,25.419],[119.542,25.413],[119.556,25.41],[119.558,25.405],[119.552,25.389],[119.544,25.377],[119.526,25.374],[119.503,25.374],[119.483,25.371],[119.491,25.383],[119.498,25.399],[119.503,25.416],[119.504,25.43],[119.502,25.434],[119.497,25.437],[119.492,25.44],[119.491,25.447],[119.494,25.454],[119.503,25.462],[119.505,25.472],[119.507,25.474],[119.505,25.475],[119.466,25.475],[119.458,25.466],[119.453,25.45],[119.447,25.439],[119.436,25.447],[119.433,25.46],[119.446,25.49],[119.449,25.505],[119.442,25.51],[119.366,25.521],[119.357,25.527],[119.353,25.54],[119.356,25.551],[119.381,25.591],[119.369,25.585],[119.365,25.582],[119.36,25.577],[119.353,25.585],[119.356,25.6],[119.343,25.609],[119.323,25.611],[119.305,25.605],[119.321,25.587],[119.311,25.578],[119.278,25.57],[119.272,25.558],[119.269,25.527],[119.261,25.512],[119.238,25.482],[119.229,25.475],[119.215,25.47],[119.183,25.465],[119.172,25.457],[119.161,25.449],[119.129,25.43],[119.117,25.426],[119.103,25.42],[119.11,25.407],[119.157,25.363],[119.165,25.35],[119.168,25.334],[119.173,25.325],[119.183,25.329],[119.192,25.342],[119.195,25.358],[119.203,25.358],[119.223,25.317],[119.202,25.306],[119.192,25.3],[119.181,25.289],[119.193,25.275],[119.197,25.263],[119.201,25.26],[119.216,25.269],[119.226,25.28],[119.235,25.295],[119.241,25.313],[119.243,25.33],[119.254,25.323],[119.265,25.318],[119.274,25.319],[119.278,25.33],[119.289,25.325],[119.293,25.322],[119.298,25.317],[119.291,25.317],[119.297,25.307],[119.319,25.279],[119.324,25.275],[119.336,25.272],[119.348,25.268],[119.353,25.258],[119.344,25.242],[119.324,25.238],[119.281,25.241],[119.272,25.232],[119.289,25.189],[119.281,25.179],[119.256,25.176],[119.243,25.19],[119.229,25.193],[119.213,25.186],[119.193,25.182],[119.176,25.177],[119.165,25.192],[119.153,25.207],[119.142,25.221],[119.116,25.214],[119.102,25.197],[119.104,25.183],[119.114,25.173],[119.12,25.161],[119.125,25.156],[119.129,25.149],[119.134,25.138],[119.147,25.144],[119.153,25.14],[119.15,25.132],[119.134,25.125],[119.117,25.127],[119.104,25.133],[119.093,25.136],[119.085,25.125],[119.09,25.121],[119.093,25.118],[119.096,25.115],[119.099,25.111],[119.089,25.114],[119.065,25.125],[119.074,25.146],[119.079,25.152],[119.065,25.163],[119.053,25.158],[119.046,25.143],[119.044,25.125],[119.029,25.141],[119.034,25.159],[119.059,25.186],[119.069,25.204],[119.069,25.217],[119.057,25.225],[119.035,25.228],[118.987,25.222],[118.969,25.226],[118.98,25.245],[119.0,25.254],[119.025,25.259],[119.027,25.278],[118.984,25.283],[118.918,25.264],[118.908,25.258],[118.896,25.258],[118.876,25.244],[118.865,25.228],[118.884,25.22],[118.911,25.217],[118.914,25.209],[118.909,25.196],[118.915,25.179],[118.921,25.188],[118.933,25.195],[118.948,25.197],[118.963,25.194],[118.975,25.183],[118.972,25.172],[118.956,25.152],[118.949,25.137],[118.949,25.119],[118.947,25.113],[118.943,25.109],[118.935,25.104],[118.921,25.101],[118.903,25.102],[118.886,25.106],[118.868,25.1],[118.858,25.098],[118.849,25.087],[118.849,25.074],[118.86,25.057],[118.878,25.041],[118.896,25.034],[118.935,25.022],[118.928,25.015],[118.941,25.007],[118.954,25.003],[118.967,25.005],[118.98,25.012],[118.99,25.04],[118.997,25.054],[119.004,25.05],[119.003,25.04],[119.0,25.024],[118.993,25.009],[118.987,25.002],[118.983,24.995],[118.987,24.98],[118.997,24.953],[119.013,24.958],[119.018,24.96],[119.009,24.947],[118.993,24.937],[118.977,24.934],[118.97,24.944],[118.964,24.954],[118.948,24.957],[118.912,24.953],[118.901,24.938],[118.91,24.907],[118.934,24.886],[118.97,24.899],[118.973,24.894],[118.974,24.892],[118.973,24.89],[118.97,24.885],[118.973,24.884],[118.975,24.884],[118.976,24.883],[118.976,24.878],[118.952,24.871],[118.924,24.87],[118.898,24.876],[118.877,24.889],[118.867,24.891],[118.838,24.881],[118.826,24.878],[118.813,24.882],[118.803,24.888],[118.792,24.891],[118.778,24.885],[118.78,24.868],[118.762,24.858],[118.736,24.851],[118.716,24.844],[118.706,24.847],[118.7,24.852],[118.698,24.86],[118.702,24.872],[118.708,24.877],[118.725,24.883],[118.73,24.885],[118.73,24.901],[118.72,24.917],[118.708,24.931],[118.696,24.94],[118.698,24.907],[118.696,24.899],[118.689,24.896],[118.685,24.903],[118.684,24.915],[118.688,24.926],[118.683,24.931],[118.677,24.937],[118.668,24.953],[118.662,24.941],[118.644,24.924],[118.64,24.916],[118.647,24.909],[118.662,24.898],[118.673,24.887],[118.671,24.875],[118.651,24.867],[118.624,24.868],[118.596,24.875],[118.572,24.885],[118.613,24.856],[118.62,24.844],[118.621,24.829],[118.618,24.818],[118.618,24.805],[118.633,24.777],[118.638,24.772],[118.64,24.779],[118.644,24.782],[118.652,24.783],[118.661,24.782],[118.668,24.782],[118.687,24.793],[118.698,24.802],[118.702,24.81],[118.711,24.805],[118.715,24.798],[118.716,24.79],[118.716,24.779],[118.72,24.769],[118.729,24.769],[118.743,24.775],[118.76,24.768],[118.763,24.763],[118.764,24.752],[118.749,24.725],[118.747,24.721],[118.732,24.716],[118.72,24.706],[118.699,24.676],[118.685,24.666],[118.676,24.671],[118.667,24.683],[118.654,24.693],[118.642,24.679],[118.636,24.664],[118.634,24.647],[118.634,24.628],[118.64,24.617],[118.654,24.616],[118.664,24.612],[118.661,24.59],[118.647,24.568],[118.62,24.545],[118.591,24.528],[118.565,24.523],[118.561,24.521],[118.557,24.517],[118.554,24.518],[118.552,24.529],[118.551,24.537],[118.551,24.546],[118.554,24.553],[118.562,24.556],[118.578,24.56],[118.571,24.569],[118.501,24.608],[118.486,24.611],[118.475,24.614],[118.445,24.629],[118.428,24.631],[118.433,24.645],[118.435,24.659],[118.435,24.69],[118.431,24.7],[118.423,24.693],[118.411,24.68],[118.401,24.672],[118.422,24.624],[118.405,24.607],[118.38,24.59],[118.352,24.582],[118.325,24.59],[118.317,24.587],[118.307,24.588],[118.284,24.598],[118.28,24.585],[118.273,24.574],[118.263,24.57],[118.25,24.576],[118.242,24.544],[118.219,24.541],[118.194,24.556],[118.181,24.576],[118.182,24.598],[118.192,24.601],[118.205,24.599],[118.216,24.604],[118.215,24.615],[118.204,24.622],[118.188,24.625],[118.174,24.624],[118.184,24.643],[118.188,24.657],[118.181,24.673],[118.16,24.693],[118.157,24.663],[118.151,24.659],[118.145,24.659],[118.141,24.657],[118.137,24.634],[118.131,24.62],[118.122,24.608],[118.113,24.598],[118.11,24.584],[118.103,24.585],[118.092,24.598],[118.044,24.618],[118.037,24.598],[118.045,24.576],[118.037,24.561],[118.021,24.555],[118.003,24.562],[118.009,24.581],[117.992,24.571],[117.975,24.553],[117.979,24.543],[118.021,24.537],[118.044,24.528],[118.058,24.516],[118.044,24.498],[118.037,24.491],[118.027,24.488],[118.014,24.488],[118.009,24.486],[118.007,24.48],[118.0,24.471],[118.008,24.466],[118.02,24.455],[118.022,24.446],[117.996,24.447],[117.912,24.479],[117.868,24.49],[117.826,24.48],[117.846,24.475],[117.866,24.474],[117.885,24.469],[117.901,24.453],[117.816,24.472],[117.791,24.467],[117.791,24.461],[117.875,24.396],[117.907,24.385],[117.989,24.395],[118.02,24.406],[118.03,24.413],[118.043,24.407],[118.047,24.399],[118.047,24.39],[118.041,24.366],[118.036,24.361],[118.03,24.358],[118.024,24.351],[118.016,24.327],[118.024,24.324],[118.037,24.331],[118.044,24.341],[118.053,24.347],[118.072,24.349],[118.091,24.341],[118.099,24.32],[118.102,24.314],[118.116,24.305],[118.12,24.299],[118.121,24.28],[118.123,24.271],[118.126,24.262],[118.109,24.261],[118.085,24.249],[118.072,24.255],[118.059,24.246],[118.038,24.22],[118.024,24.207],[118.016,24.203],[117.996,24.197],[117.989,24.193],[117.986,24.187],[117.983,24.169],[117.979,24.162],[117.968,24.16],[117.963,24.174],[117.959,24.203],[117.944,24.213],[117.932,24.208],[117.921,24.197],[117.907,24.186],[117.932,24.178],[117.938,24.162],[117.931,24.141],[117.901,24.099],[117.896,24.087],[117.894,24.073],[117.896,24.061],[117.899,24.051],[117.899,24.04],[117.894,24.028],[117.862,24.035],[117.839,24.024],[117.798,23.98],[117.772,23.959],[117.765,23.947],[117.763,23.929],[117.759,23.915],[117.748,23.908],[117.737,23.908],[117.729,23.919],[117.738,23.951],[117.791,24.002],[117.798,24.022],[117.786,24.028],[117.762,24.015],[117.757,24.025],[117.77,24.031],[117.776,24.037],[117.774,24.045],[117.77,24.051],[117.763,24.07],[117.757,24.07],[117.75,24.037],[117.724,24.034],[117.692,24.047],[117.667,24.063],[117.671,24.048],[117.68,24.039],[117.692,24.035],[117.709,24.035],[117.688,23.998],[117.687,23.979],[117.695,23.954],[117.672,23.931],[117.649,23.909],[117.634,23.874],[117.626,23.84],[117.626,23.812],[117.639,23.794],[117.619,23.775],[117.613,23.763],[117.592,23.737],[117.59,23.756],[117.587,23.778],[117.602,23.799],[117.6,23.834],[117.598,23.852],[117.592,23.871],[117.582,23.889],[117.571,23.903],[117.557,23.913],[117.537,23.919],[117.475,23.921],[117.455,23.926],[117.43,23.944],[117.417,23.947],[117.407,23.933],[117.41,23.913],[117.427,23.91],[117.45,23.913],[117.469,23.912],[117.5,23.874],[117.49,23.833],[117.463,23.788],[117.434,23.776],[117.382,23.795],[117.369,23.793],[117.361,23.786],[117.355,23.777],[117.346,23.769],[117.319,23.762],[117.304,23.776],[117.293,23.789],[117.277,23.782],[117.292,23.762],[117.286,23.747],[117.272,23.721],[117.276,23.688],[117.268,23.68],[117.264,23.655],[117.279,23.636],[117.257,23.616],[117.239,23.605],[117.236,23.624],[117.236,23.64],[117.244,23.658],[117.236,23.671],[117.23,23.693],[117.225,23.685],[117.209,23.665],[117.217,23.653],[117.22,23.64],[117.219,23.63],[117.186,23.621],[117.175,23.616],[117.151,23.607],[117.128,23.572],[117.099,23.554],[117.084,23.551],[117.078,23.565],[117.08,23.574],[117.084,23.589],[117.076,23.605],[117.079,23.622],[117.078,23.639],[117.068,23.651],[117.058,23.654],[117.044,23.656],[117.034,23.661],[117.023,23.659],[117.018,23.648],[117.01,23.645],[116.985,23.64],[116.965,23.615],[116.951,23.611],[116.928,23.625],[116.918,23.638],[116.941,23.659],[116.928,23.664],[116.917,23.663],[116.909,23.655],[116.906,23.641],[116.901,23.634],[116.877,23.618],[116.872,23.607],[116.874,23.599],[116.879,23.594],[116.884,23.587],[116.886,23.573],[116.883,23.56],[116.875,23.547],[116.855,23.525],[116.85,23.511],[116.854,23.497],[116.873,23.474],[116.867,23.45],[116.773,23.349],[116.753,23.35],[116.747,23.349],[116.732,23.351],[116.713,23.356],[116.693,23.36],[116.681,23.357],[116.658,23.354],[116.622,23.369],[116.569,23.391],[116.558,23.402],[116.553,23.414],[116.543,23.421],[116.532,23.423],[116.523,23.419],[116.522,23.411],[116.523,23.378],[116.533,23.362],[116.552,23.341],[116.573,23.324],[116.588,23.316],[116.608,23.32],[116.642,23.319],[116.661,23.337],[116.691,23.339],[116.709,23.32],[116.727,23.316],[116.73,23.331],[116.749,23.326],[116.766,23.297],[116.769,23.273],[116.777,23.24],[116.786,23.236],[116.794,23.24],[116.805,23.236],[116.784,23.212],[116.754,23.233],[116.731,23.258],[116.706,23.277],[116.667,23.281],[116.679,23.271],[116.695,23.266],[116.709,23.259],[116.715,23.244],[116.706,23.238],[116.689,23.23],[116.671,23.215],[116.662,23.194],[116.647,23.163],[116.637,23.164],[116.629,23.174],[116.615,23.178],[116.614,23.191],[116.617,23.203],[116.618,23.221],[116.612,23.239],[116.589,23.245],[116.57,23.247],[116.517,23.235],[116.509,23.234],[116.509,23.216],[116.527,23.201],[116.541,23.21],[116.553,23.216],[116.564,23.223],[116.575,23.224],[116.603,23.218],[116.605,23.21],[116.601,23.197],[116.57,23.178],[116.545,23.145],[116.534,23.109],[116.552,23.087],[116.548,23.066],[116.555,23.036],[116.563,23.019],[116.548,23.006],[116.522,22.998],[116.518,22.967],[116.495,22.939],[116.459,22.947],[116.426,22.937],[116.38,22.929],[116.353,22.938],[116.338,22.952],[116.298,22.963],[116.289,22.979],[116.262,22.974],[116.235,22.98],[116.214,22.983],[116.201,22.973],[116.235,22.96],[116.252,22.959],[116.269,22.967],[116.281,22.958],[116.246,22.932],[116.221,22.919],[116.215,22.909],[116.2,22.897],[116.171,22.864],[116.145,22.848],[116.13,22.839],[116.114,22.833],[116.096,22.826],[116.085,22.85],[116.091,22.868],[116.124,22.895],[116.087,22.907],[116.042,22.933],[116.042,22.922],[116.071,22.898],[116.087,22.89],[116.076,22.868],[116.054,22.855],[116.048,22.852],[116.037,22.851],[116.026,22.845],[116.012,22.838],[115.997,22.837],[115.966,22.817],[115.958,22.805],[115.939,22.808],[115.933,22.806],[115.904,22.789],[115.883,22.795],[115.855,22.779],[115.843,22.77],[115.826,22.747],[115.81,22.746],[115.798,22.754],[115.795,22.77],[115.79,22.787],[115.788,22.798],[115.795,22.8],[115.799,22.795],[115.801,22.787],[115.806,22.778],[115.814,22.776],[115.815,22.786],[115.813,22.8],[115.81,22.808],[115.805,22.815],[115.798,22.82],[115.79,22.822],[115.785,22.826],[115.776,22.832],[115.763,22.841],[115.737,22.852],[115.697,22.851],[115.704,22.869],[115.684,22.878],[115.682,22.888],[115.693,22.9],[115.705,22.907],[115.714,22.905],[115.721,22.905],[115.728,22.923],[115.734,22.932],[115.73,22.934],[115.692,22.929],[115.683,22.924],[115.667,22.905],[115.653,22.894],[115.639,22.889],[115.584,22.88],[115.578,22.877],[115.574,22.872],[115.565,22.853],[115.561,22.849],[115.54,22.853],[115.533,22.862],[115.537,22.874],[115.547,22.887],[115.548,22.895],[115.534,22.898],[115.506,22.898],[115.496,22.903],[115.468,22.927],[115.451,22.932],[115.442,22.93],[115.438,22.92],[115.43,22.918],[115.424,22.919],[115.406,22.925],[115.419,22.908],[115.427,22.901],[115.437,22.898],[115.446,22.9],[115.455,22.91],[115.464,22.912],[115.483,22.902],[115.496,22.88],[115.494,22.861],[115.468,22.857],[115.468,22.849],[115.479,22.847],[115.506,22.849],[115.515,22.847],[115.53,22.838],[115.54,22.836],[115.559,22.836],[115.566,22.838],[115.578,22.843],[115.587,22.849],[115.593,22.856],[115.601,22.862],[115.612,22.864],[115.591,22.847],[115.556,22.807],[115.539,22.789],[115.527,22.767],[115.524,22.742],[115.556,22.714],[115.566,22.737],[115.567,22.747],[115.586,22.745],[115.59,22.737],[115.581,22.723],[115.563,22.706],[115.564,22.685],[115.575,22.668],[115.536,22.668],[115.522,22.677],[115.491,22.688],[115.465,22.701],[115.438,22.701],[115.421,22.69],[115.394,22.69],[115.374,22.694],[115.361,22.704],[115.348,22.717],[115.338,22.733],[115.351,22.747],[115.358,22.749],[115.389,22.747],[115.398,22.749],[115.41,22.758],[115.424,22.762],[115.422,22.772],[115.411,22.788],[115.386,22.783],[115.375,22.773],[115.364,22.764],[115.331,22.789],[115.289,22.792],[115.251,22.788],[115.233,22.788],[115.233,22.805],[115.259,22.82],[115.303,22.839],[115.32,22.851],[115.325,22.86],[115.314,22.864],[115.309,22.869],[115.311,22.882],[115.317,22.905],[115.304,22.903],[115.292,22.895],[115.272,22.874],[115.256,22.848],[115.246,22.835],[115.231,22.83],[115.217,22.835],[115.196,22.832],[115.173,22.821],[115.174,22.807],[115.18,22.785],[115.158,22.792],[115.151,22.81],[115.133,22.811],[115.112,22.802],[115.101,22.8],[115.065,22.796],[115.05,22.782],[115.046,22.776],[115.041,22.762],[115.037,22.754],[115.022,22.744],[115.018,22.737],[115.022,22.726],[115.031,22.717],[115.029,22.708],[115.018,22.707],[115.009,22.704],[114.999,22.702],[114.993,22.697],[114.985,22.689],[114.98,22.689],[114.971,22.693],[114.96,22.696],[114.955,22.704],[114.957,22.716],[114.952,22.729],[114.946,22.742],[114.942,22.754],[114.927,22.761],[114.917,22.744],[114.903,22.749],[114.889,22.764],[114.877,22.768],[114.863,22.763],[114.87,22.753],[114.882,22.748],[114.886,22.736],[114.878,22.73],[114.881,22.721],[114.89,22.714],[114.903,22.714],[114.91,22.724],[114.927,22.717],[114.937,22.709],[114.947,22.696],[114.955,22.685],[114.967,22.676],[114.95,22.665],[114.939,22.657],[114.925,22.639],[114.902,22.598],[114.905,22.578],[114.919,22.561],[114.896,22.548],[114.884,22.551],[114.88,22.559],[114.889,22.573],[114.887,22.591],[114.866,22.602],[114.832,22.602],[114.806,22.593],[114.775,22.598],[114.754,22.59],[114.744,22.609],[114.742,22.627],[114.742,22.647],[114.737,22.669],[114.75,22.679],[114.754,22.693],[114.739,22.711],[114.742,22.733],[114.753,22.75],[114.779,22.762],[114.795,22.77],[114.802,22.773],[114.813,22.775],[114.818,22.779],[114.821,22.791],[114.817,22.8],[114.807,22.805],[114.798,22.809],[114.793,22.811],[114.785,22.816],[114.775,22.816],[114.77,22.81],[114.762,22.791],[114.755,22.782],[114.734,22.776],[114.717,22.791],[114.695,22.793],[114.684,22.781],[114.664,22.774],[114.645,22.767],[114.638,22.755],[114.617,22.75],[114.603,22.74],[114.579,22.733],[114.563,22.733],[114.565,22.718],[114.571,22.702],[114.552,22.695],[114.542,22.695],[114.532,22.7],[114.522,22.706],[114.524,22.687],[114.517,22.676],[114.506,22.664],[114.5,22.653],[114.507,22.647],[114.535,22.645],[114.523,22.646],[114.548,22.645],[114.563,22.648],[114.573,22.654],[114.583,22.655],[114.59,22.644],[114.578,22.636],[114.561,22.609],[114.547,22.603],[114.529,22.598],[114.514,22.587],[114.502,22.574],[114.495,22.562],[114.502,22.551],[114.509,22.55],[114.518,22.553],[114.53,22.555],[114.53,22.557],[114.532,22.562],[114.537,22.567],[114.543,22.569],[114.547,22.567],[114.555,22.557],[114.56,22.555],[114.573,22.551],[114.593,22.542],[114.612,22.529],[114.618,22.514],[114.608,22.504],[114.588,22.496],[114.571,22.484],[114.542,22.478],[114.53,22.468],[114.516,22.453],[114.502,22.452],[114.492,22.464],[114.491,22.465],[114.485,22.468],[114.484,22.474],[114.483,22.485],[114.477,22.49],[114.48,22.5],[114.476,22.509],[114.485,22.517],[114.487,22.522],[114.485,22.534],[114.48,22.539],[114.48,22.546],[114.471,22.552],[114.462,22.562],[114.456,22.571],[114.447,22.572],[114.445,22.572],[114.44,22.569],[114.437,22.577],[114.437,22.579],[114.438,22.583],[114.433,22.591],[114.424,22.602],[114.414,22.605],[114.409,22.612],[114.396,22.614],[114.38,22.61],[114.361,22.605],[114.34,22.598],[114.329,22.605],[114.328,22.605],[114.325,22.599],[114.317,22.602],[114.305,22.594],[114.307,22.585],[114.302,22.583],[114.276,22.588],[114.27,22.583],[114.25,22.571],[114.238,22.56],[114.23,22.556],[114.235,22.556],[114.227,22.547],[114.222,22.541],[114.215,22.534],[114.21,22.534],[114.209,22.524],[114.218,22.526],[114.219,22.53],[114.23,22.533],[114.234,22.537],[114.242,22.55],[114.246,22.551],[114.249,22.548],[114.255,22.551],[114.258,22.548],[114.253,22.539],[114.259,22.541],[114.266,22.535],[114.265,22.528],[114.27,22.526],[114.278,22.53],[114.28,22.526],[114.28,22.52],[114.278,22.512],[114.285,22.511],[114.289,22.505],[114.299,22.501],[114.327,22.509],[114.333,22.512],[114.335,22.506],[114.316,22.492],[114.305,22.483],[114.294,22.478],[114.28,22.473],[114.269,22.465],[114.264,22.458],[114.254,22.452],[114.246,22.452],[114.231,22.47],[114.217,22.467],[114.212,22.471],[114.209,22.466],[114.211,22.457],[114.216,22.455],[114.217,22.448],[114.21,22.449],[114.209,22.454],[114.202,22.458],[114.191,22.457],[114.187,22.452],[114.167,22.448],[114.177,22.443],[114.188,22.436],[114.2,22.428],[114.212,22.421],[114.21,22.413],[114.215,22.409],[114.209,22.399],[114.216,22.4],[114.223,22.415],[114.234,22.425],[114.238,22.435],[114.244,22.436],[114.251,22.431],[114.267,22.431],[114.269,22.426],[114.267,22.416],[114.273,22.41],[114.276,22.42],[114.289,22.426],[114.276,22.444],[114.289,22.453],[114.302,22.457],[114.301,22.465],[114.324,22.48],[114.325,22.475],[114.331,22.474],[114.325,22.464],[114.336,22.462],[114.338,22.446],[114.333,22.44],[114.337,22.432],[114.343,22.438],[114.348,22.423],[114.352,22.424],[114.352,22.441],[114.36,22.461],[114.368,22.455],[114.367,22.446],[114.37,22.44],[114.386,22.439],[114.4,22.436],[114.397,22.428],[114.401,22.413],[114.389,22.418],[114.382,22.419],[114.37,22.398],[114.375,22.401],[114.385,22.387],[114.39,22.366],[114.387,22.365],[114.386,22.37],[114.376,22.371],[114.379,22.362],[114.376,22.353],[114.37,22.349],[114.361,22.346],[114.358,22.332],[114.352,22.339],[114.352,22.352],[114.342,22.346],[114.339,22.353],[114.333,22.36],[114.334,22.375],[114.32,22.381],[114.319,22.389],[114.31,22.384],[114.3,22.382],[114.286,22.391],[114.278,22.391],[114.269,22.378],[114.273,22.364],[114.28,22.355],[114.276,22.348],[114.267,22.356],[114.266,22.366],[114.258,22.362],[114.256,22.356],[114.266,22.346],[114.273,22.321],[114.277,22.319],[114.291,22.317],[114.292,22.305],[114.296,22.305],[114.304,22.307],[114.312,22.297],[114.306,22.291],[114.298,22.286],[114.291,22.288],[114.289,22.287],[114.29,22.282],[114.29,22.274],[114.3,22.277],[114.303,22.269],[114.303,22.262],[114.297,22.258],[114.289,22.265],[114.278,22.27],[114.28,22.279],[114.273,22.296],[114.265,22.302],[114.266,22.31],[114.266,22.316],[114.256,22.322],[114.251,22.305],[114.253,22.296],[114.239,22.282],[114.228,22.292],[114.212,22.311],[114.215,22.301],[114.212,22.301],[114.195,22.318],[114.187,22.309],[114.191,22.302],[114.191,22.299],[114.184,22.302],[114.182,22.294],[114.177,22.291],[114.172,22.289],[114.167,22.294],[114.168,22.305],[114.166,22.311],[114.165,22.315],[114.16,22.315],[114.16,22.322],[114.152,22.329],[114.138,22.336],[114.124,22.342],[114.124,22.337],[114.113,22.353],[114.111,22.366],[114.105,22.37],[114.098,22.363],[114.079,22.366],[114.078,22.363],[114.07,22.363],[114.067,22.359],[114.058,22.361],[114.05,22.359],[114.04,22.355],[114.021,22.35],[114.015,22.353],[114.015,22.359],[114.0,22.359],[114.0,22.489],[114.005,22.489],[114.013,22.486],[114.012,22.48],[114.011,22.473],[114.015,22.475],[114.027,22.478],[114.03,22.478],[114.031,22.482],[114.031,22.488],[114.031,22.496],[114.042,22.501],[114.058,22.505],[114.062,22.509],[114.066,22.516],[114.073,22.518],[114.078,22.52],[114.085,22.523],[114.082,22.529],[114.079,22.528],[114.08,22.524],[114.067,22.522],[114.058,22.517],[114.055,22.507],[114.042,22.507],[114.039,22.511],[114.038,22.511],[114.036,22.514],[114.035,22.514],[114.019,22.523],[114.0,22.53],[114.0,32.0]]]}},{"type":"Feature","properties":{},"geometry":{"type":"Polygon","coordinates":[[[121.906,24.95],[121.835,24.872],[121.823,24.855],[121.815,24.832],[121.809,24.805],[121.807,24.779],[121.808,24.753],[121.82,24.7],[121.82,24.686],[121.814,24.672],[121.815,24.644],[121.828,24.623],[121.853,24.609],[121.882,24.604],[121.882,24.598],[121.869,24.599],[121.858,24.598],[121.848,24.595],[121.841,24.59],[121.851,24.573],[121.856,24.551],[121.853,24.531],[121.83,24.519],[121.828,24.511],[121.831,24.5],[121.838,24.491],[121.84,24.481],[121.83,24.473],[121.807,24.461],[121.78,24.433],[121.779,24.422],[121.781,24.398],[121.776,24.388],[121.771,24.381],[121.768,24.369],[121.766,24.347],[121.764,24.342],[121.761,24.337],[121.759,24.332],[121.763,24.327],[121.763,24.326],[121.766,24.323],[121.769,24.318],[121.772,24.313],[121.773,24.309],[121.767,24.301],[121.745,24.281],[121.721,24.251],[121.704,24.238],[121.698,24.232],[121.701,24.224],[121.698,24.219],[121.672,24.201],[121.663,24.193],[121.652,24.172],[121.641,24.13],[121.613,24.092],[121.607,24.077],[121.608,24.06],[121.615,24.042],[121.621,24.035],[121.626,24.031],[121.629,24.026],[121.629,24.015],[121.625,24.002],[121.611,23.982],[121.608,23.97],[121.607,23.948],[121.594,23.892],[121.57,23.832],[121.54,23.693],[121.521,23.659],[121.48,23.435],[121.462,23.343],[121.454,23.326],[121.427,23.293],[121.417,23.276],[121.409,23.255],[121.403,23.215],[121.404,23.179],[121.4,23.145],[121.382,23.111],[121.374,23.103],[121.355,23.091],[121.347,23.083],[121.343,23.075],[121.337,23.055],[121.319,23.026],[121.308,22.98],[121.3,22.959],[121.261,22.907],[121.256,22.898],[121.203,22.857],[121.19,22.843],[121.188,22.834],[121.191,22.812],[121.19,22.802],[121.186,22.791],[121.177,22.779],[121.159,22.757],[121.141,22.742],[121.08,22.704],[121.039,22.662],[121.029,22.658],[121.021,22.648],[121.001,22.601],[120.991,22.583],[120.961,22.548],[120.948,22.527],[120.941,22.484],[120.923,22.425],[120.887,22.366],[120.881,22.346],[120.875,22.289],[120.876,22.238],[120.879,22.056],[120.873,22.03],[120.864,22.009],[120.851,22.0],[120.836,21.987],[120.836,21.958],[120.842,21.925],[120.84,21.905],[120.823,21.929],[120.797,21.947],[120.767,21.959],[120.737,21.966],[120.736,21.943],[120.727,21.934],[120.714,21.937],[120.7,21.948],[120.7,21.957],[120.704,21.981],[120.683,22.014],[120.682,22.023],[120.682,22.03],[120.683,22.041],[120.683,22.079],[120.686,22.09],[120.695,22.103],[120.697,22.113],[120.621,22.295],[120.615,22.305],[120.594,22.329],[120.577,22.364],[120.57,22.374],[120.539,22.396],[120.526,22.403],[120.522,22.404],[120.518,22.407],[120.514,22.42],[120.512,22.425],[120.495,22.435],[120.457,22.452],[120.44,22.463],[120.422,22.477],[120.413,22.482],[120.402,22.487],[120.396,22.486],[120.389,22.484],[120.381,22.484],[120.331,22.52],[120.285,22.58],[120.334,22.526],[120.328,22.552],[120.32,22.566],[120.313,22.577],[120.293,22.598],[120.259,22.628],[120.246,22.643],[120.24,22.659],[120.248,22.675],[120.252,22.69],[120.246,22.71],[120.236,22.73],[120.218,22.757],[120.2,22.792],[120.196,22.808],[120.196,22.819],[120.202,22.831],[120.203,22.84],[120.201,22.844],[120.196,22.847],[120.191,22.852],[120.189,22.86],[120.178,22.877],[120.176,22.884],[120.167,22.932],[120.164,22.954],[120.157,22.967],[120.142,22.98],[120.16,22.992],[120.17,23.013],[120.166,23.032],[120.142,23.035],[120.137,23.028],[120.133,23.017],[120.127,23.007],[120.114,23.008],[120.109,23.015],[120.111,23.04],[120.108,23.049],[120.092,23.055],[120.084,23.048],[120.077,23.037],[120.066,23.035],[120.055,23.044],[120.052,23.056],[120.055,23.068],[120.059,23.076],[120.071,23.081],[120.085,23.083],[120.096,23.086],[120.1,23.097],[120.095,23.102],[120.059,23.111],[120.059,23.117],[120.089,23.118],[120.086,23.127],[120.07,23.14],[120.059,23.151],[120.062,23.165],[120.072,23.17],[120.082,23.173],[120.087,23.182],[120.084,23.196],[120.079,23.207],[120.082,23.217],[120.087,23.23],[120.096,23.239],[120.094,23.248],[120.096,23.255],[120.109,23.287],[120.115,23.293],[120.125,23.295],[120.11,23.304],[120.117,23.318],[120.131,23.319],[120.144,23.324],[120.149,23.322],[120.146,23.333],[120.137,23.328],[120.13,23.329],[120.121,23.33],[120.121,23.341],[120.13,23.361],[120.144,23.362],[120.165,23.362],[120.151,23.398],[120.135,23.426],[120.142,23.439],[120.142,23.446],[120.131,23.451],[120.132,23.457],[120.139,23.464],[120.142,23.473],[120.158,23.491],[120.125,23.49],[120.124,23.52],[120.142,23.538],[120.141,23.595],[120.144,23.638],[120.154,23.672],[120.171,23.699],[120.176,23.734],[120.184,23.764],[120.189,23.775],[120.213,23.803],[120.217,23.813],[120.219,23.818],[120.241,23.833],[120.247,23.843],[120.253,23.868],[120.257,23.878],[120.284,23.902],[120.292,23.912],[120.303,23.939],[120.318,23.966],[120.34,24.022],[120.35,24.038],[120.362,24.049],[120.371,24.054],[120.38,24.058],[120.386,24.063],[120.388,24.073],[120.392,24.083],[120.412,24.097],[120.416,24.107],[120.419,24.143],[120.422,24.152],[120.432,24.161],[120.475,24.207],[120.478,24.21],[120.481,24.221],[120.493,24.231],[120.502,24.253],[120.512,24.296],[120.547,24.352],[120.558,24.386],[120.571,24.405],[120.621,24.456],[120.649,24.484],[120.656,24.498],[120.659,24.521],[120.668,24.54],[120.69,24.576],[120.696,24.598],[120.702,24.607],[120.728,24.614],[120.735,24.621],[120.739,24.63],[120.745,24.639],[120.761,24.654],[120.778,24.666],[120.799,24.671],[120.827,24.666],[120.823,24.685],[120.833,24.698],[120.848,24.711],[120.855,24.731],[120.858,24.737],[120.871,24.743],[120.877,24.762],[120.898,24.801],[120.906,24.811],[120.909,24.817],[120.909,24.823],[120.907,24.829],[120.902,24.837],[120.908,24.847],[120.915,24.853],[120.915,24.854],[120.921,24.861],[120.923,24.875],[120.926,24.885],[120.934,24.895],[120.944,24.902],[120.954,24.905],[120.953,24.909],[120.955,24.919],[120.964,24.94],[120.972,24.952],[121.006,25.001],[121.032,25.029],[121.059,25.05],[121.129,25.071],[121.146,25.08],[121.16,25.092],[121.177,25.1],[121.211,25.111],[121.287,25.124],[121.33,25.131],[121.348,25.137],[121.372,25.155],[121.379,25.158],[121.387,25.159],[121.399,25.159],[121.412,25.155],[121.419,25.146],[121.424,25.137],[121.43,25.132],[121.443,25.136],[121.429,25.156],[121.407,25.176],[121.396,25.183],[121.399,25.192],[121.406,25.197],[121.413,25.2],[121.416,25.204],[121.424,25.221],[121.436,25.241],[121.461,25.262],[121.498,25.279],[121.54,25.287],[121.581,25.283],[121.598,25.271],[121.636,25.223],[121.65,25.197],[121.654,25.199],[121.664,25.201],[121.676,25.203],[121.684,25.201],[121.684,25.197],[121.68,25.193],[121.676,25.187],[121.676,25.179],[121.681,25.175],[121.695,25.166],[121.698,25.163],[121.704,25.157],[121.719,25.152],[121.893,25.114],[121.905,25.107],[121.899,25.094],[121.897,25.084],[121.9,25.066],[121.909,25.036],[121.919,25.022],[121.927,25.019],[121.954,25.022],[121.968,25.021],[121.984,25.017],[121.998,25.011],[122.005,25.002],[121.927,24.967],[121.906,24.95]]]}},{"type":"Feature","properties":{},"geometry":{"type":"Polygon","coordinates":[[[122.297,18.404],[122.317,18.377],[122.325,18.337],[122.32,18.293],[122.307,18.251],[122.289,18.218],[122.263,18.186],[122.247,18.172],[122.214,18.15],[122.18,18.121],[122.174,18.113],[122.17,18.1],[122.169,18.088],[122.172,18.079],[122.176,18.072],[122.177,18.063],[122.177,18.029],[122.183,17.996],[122.183,17.984],[122.14,17.798],[122.14,17.788],[122.143,17.765],[122.142,17.757],[122.136,17.744],[122.136,17.737],[122.14,17.73],[122.153,17.716],[122.156,17.707],[122.157,17.619],[122.163,17.593],[122.194,17.519],[122.197,17.495],[122.206,17.475],[122.224,17.452],[122.24,17.427],[122.239,17.402],[122.244,17.391],[122.246,17.375],[122.251,17.36],[122.263,17.354],[122.266,17.355],[122.271,17.359],[122.278,17.361],[122.287,17.361],[122.305,17.344],[122.314,17.34],[122.326,17.341],[122.353,17.351],[122.365,17.354],[122.382,17.347],[122.39,17.317],[122.403,17.306],[122.398,17.329],[122.415,17.319],[122.435,17.292],[122.444,17.266],[122.425,17.28],[122.414,17.284],[122.409,17.275],[122.412,17.26],[122.421,17.232],[122.423,17.221],[122.421,17.206],[122.41,17.176],[122.409,17.162],[122.417,17.146],[122.441,17.128],[122.451,17.114],[122.454,17.119],[122.461,17.123],[122.465,17.128],[122.48,17.123],[122.49,17.133],[122.501,17.14],[122.519,17.128],[122.529,17.11],[122.529,17.091],[122.521,17.072],[122.509,17.056],[122.504,17.047],[122.5,17.034],[122.496,17.023],[122.488,17.019],[122.484,17.014],[122.477,17.0],[120.436,17.0],[120.436,17.008],[120.416,17.179],[120.414,17.184],[120.404,17.198],[120.402,17.207],[120.403,17.222],[120.412,17.265],[120.408,17.323],[120.411,17.328],[120.429,17.348],[120.438,17.359],[120.442,17.368],[120.443,17.377],[120.444,17.388],[120.435,17.423],[120.402,17.497],[120.402,17.519],[120.358,17.53],[120.341,17.539],[120.334,17.556],[120.353,17.678],[120.364,17.687],[120.385,17.69],[120.402,17.697],[120.412,17.713],[120.417,17.731],[120.416,17.745],[120.408,17.76],[120.397,17.771],[120.391,17.781],[120.399,17.796],[120.423,17.824],[120.428,17.838],[120.429,17.861],[120.425,17.902],[120.428,17.917],[120.452,17.949],[120.473,17.992],[120.477,18.005],[120.478,18.022],[120.477,18.044],[120.473,18.064],[120.467,18.077],[120.47,18.091],[120.526,18.204],[120.523,18.203],[120.52,18.206],[120.518,18.212],[120.518,18.218],[120.521,18.22],[120.526,18.221],[120.53,18.224],[120.532,18.227],[120.536,18.24],[120.566,18.292],[120.579,18.325],[120.586,18.364],[120.585,18.405],[120.573,18.443],[120.562,18.47],[120.561,18.487],[120.57,18.502],[120.591,18.522],[120.611,18.539],[120.627,18.541],[120.67,18.532],[120.691,18.534],[120.735,18.549],[120.754,18.553],[120.771,18.561],[120.776,18.581],[120.776,18.604],[120.779,18.622],[120.793,18.636],[120.813,18.645],[120.834,18.646],[120.851,18.639],[120.866,18.62],[120.892,18.58],[120.909,18.567],[120.927,18.566],[120.947,18.572],[120.964,18.581],[120.971,18.591],[120.979,18.598],[121.018,18.617],[121.033,18.622],[121.042,18.622],[121.063,18.621],[121.073,18.622],[121.083,18.628],[121.095,18.637],[121.107,18.643],[121.118,18.639],[121.126,18.634],[121.137,18.631],[121.159,18.629],[121.171,18.625],[121.177,18.618],[121.183,18.609],[121.19,18.601],[121.24,18.578],[121.266,18.555],[121.364,18.506],[121.378,18.495],[121.392,18.486],[121.424,18.477],[121.498,18.429],[121.506,18.427],[121.52,18.425],[121.526,18.423],[121.533,18.416],[121.539,18.407],[121.547,18.399],[121.592,18.385],[121.613,18.359],[121.63,18.332],[121.65,18.314],[121.65,18.32],[121.635,18.335],[121.635,18.355],[121.645,18.369],[121.66,18.365],[121.673,18.355],[121.853,18.288],[121.896,18.279],[121.917,18.279],[121.975,18.286],[121.987,18.29],[122.04,18.32],[122.079,18.379],[122.091,18.389],[122.112,18.393],[122.119,18.403],[122.122,18.437],[122.146,18.507],[122.153,18.519],[122.199,18.523],[122.22,18.522],[122.235,18.515],[122.243,18.5],[122.247,18.46],[122.252,18.443],[122.261,18.432],[122.288,18.409],[122.297,18.404]]]}},{"type":"Feature","properties":{},"geometry":{"type":"Polygon","coordinates":[[[131.492,32.0],[131.459,31.905],[131.447,31.877],[131.45,31.859],[131.448,31.847],[131.456,31.822],[131.468,31.805],[131.496,31.796],[131.493,31.787],[131.479,31.77],[131.475,31.762],[131.451,31.651],[131.455,31.621],[131.423,31.598],[131.411,31.586],[131.407,31.57],[131.404,31.568],[131.391,31.549],[131.386,31.539],[131.385,31.527],[131.388,31.52],[131.391,31.517],[131.393,31.512],[131.394,31.491],[131.389,31.486],[131.376,31.474],[131.374,31.467],[131.364,31.42],[131.359,31.41],[131.345,31.395],[131.342,31.386],[131.341,31.379],[131.338,31.373],[131.331,31.368],[131.328,31.371],[131.325,31.373],[131.318,31.375],[131.323,31.381],[131.324,31.384],[131.325,31.388],[131.285,31.382],[131.266,31.381],[131.25,31.388],[131.245,31.396],[131.246,31.412],[131.243,31.422],[131.239,31.428],[131.219,31.446],[131.213,31.455],[131.208,31.456],[131.2,31.457],[131.179,31.452],[131.162,31.464],[131.151,31.471],[131.13,31.469],[131.109,31.465],[131.072,31.45],[131.057,31.44],[131.045,31.427],[131.028,31.402],[131.014,31.363],[131.025,31.354],[131.06,31.345],[131.083,31.338],[131.104,31.329],[131.107,31.317],[131.104,31.309],[131.083,31.297],[131.074,31.282],[131.093,31.276],[131.125,31.288],[131.132,31.28],[131.06,31.225],[131.033,31.228],[131.008,31.221],[131.007,31.2],[130.997,31.187],[130.98,31.156],[130.969,31.142],[130.956,31.131],[130.941,31.121],[130.924,31.113],[130.907,31.107],[130.871,31.096],[130.845,31.09],[130.82,31.087],[130.792,31.078],[130.774,31.065],[130.768,31.056],[130.725,31.047],[130.695,31.019],[130.678,31.005],[130.658,31.003],[130.663,31.07],[130.689,31.09],[130.729,31.112],[130.743,31.121],[130.765,31.187],[130.754,31.204],[130.78,31.243],[130.79,31.275],[130.797,31.325],[130.795,31.344],[130.783,31.373],[130.77,31.402],[130.747,31.435],[130.703,31.459],[130.693,31.486],[130.705,31.529],[130.696,31.546],[130.637,31.555],[130.619,31.564],[130.609,31.566],[130.598,31.573],[130.591,31.586],[130.614,31.612],[130.638,31.623],[130.662,31.618],[130.688,31.619],[130.712,31.614],[130.722,31.597],[130.719,31.571],[130.723,31.563],[130.736,31.559],[130.749,31.56],[130.759,31.564],[130.776,31.58],[130.799,31.612],[130.81,31.651],[130.805,31.687],[130.776,31.71],[130.738,31.708],[130.686,31.726],[130.645,31.715],[130.613,31.682],[130.61,31.672],[130.606,31.647],[130.602,31.638],[130.575,31.611],[130.568,31.601],[130.558,31.566],[130.542,31.542],[130.529,31.513],[130.518,31.472],[130.516,31.453],[130.521,31.432],[130.55,31.375],[130.563,31.334],[130.573,31.315],[130.589,31.306],[130.603,31.302],[130.624,31.276],[130.66,31.271],[130.662,31.259],[130.65,31.224],[130.647,31.207],[130.64,31.186],[130.623,31.179],[130.604,31.172],[130.586,31.155],[130.574,31.167],[130.563,31.167],[130.551,31.162],[130.537,31.162],[130.522,31.169],[130.517,31.175],[130.516,31.19],[130.507,31.213],[130.495,31.227],[130.451,31.249],[130.297,31.254],[130.275,31.253],[130.249,31.244],[130.222,31.246],[130.212,31.261],[130.209,31.279],[130.203,31.294],[130.193,31.315],[130.179,31.328],[130.191,31.327],[130.207,31.325],[130.208,31.337],[130.197,31.354],[130.17,31.377],[130.141,31.398],[130.119,31.409],[130.145,31.42],[130.153,31.422],[130.162,31.422],[130.175,31.417],[130.184,31.416],[130.196,31.412],[130.215,31.391],[130.228,31.381],[130.245,31.405],[130.293,31.445],[130.305,31.477],[130.317,31.493],[130.328,31.529],[130.334,31.562],[130.324,31.587],[130.338,31.608],[130.336,31.626],[130.325,31.642],[130.297,31.67],[130.259,31.721],[130.246,31.73],[130.2,31.754],[130.184,31.759],[130.182,31.768],[130.171,31.79],[130.181,31.827],[130.19,31.835],[130.223,31.824],[130.235,31.82],[130.208,31.844],[130.197,31.858],[130.215,31.886],[130.22,31.93],[130.214,31.95],[130.205,31.972],[130.194,31.981],[130.19,31.986],[130.174,31.999],[130.174,32.0],[131.492,32.0]]]}},{"type":"Feature","properties":{},"geometry":{"type":"Polygon","coordinates":[[[128.338,26.797],[128.333,26.793],[128.33,26.787],[128.33,26.78],[128.334,26.773],[128.338,26.764],[128.333,26.757],[128.327,26.75],[128.323,26.746],[128.31,26.721],[128.309,26.718],[128.31,26.705],[128.308,26.701],[128.304,26.701],[128.3,26.703],[128.297,26.701],[128.264,26.652],[128.243,26.633],[128.217,26.626],[128.172,26.623],[128.159,26.619],[128.152,26.612],[128.143,26.602],[128.135,26.59],[128.132,26.581],[128.135,26.578],[128.141,26.577],[128.146,26.573],[128.145,26.564],[128.142,26.557],[128.138,26.554],[128.133,26.553],[128.109,26.545],[128.09,26.543],[128.072,26.544],[128.056,26.55],[128.036,26.527],[127.984,26.478],[127.972,26.472],[127.96,26.471],[127.951,26.467],[127.947,26.451],[127.94,26.448],[127.871,26.447],[127.86,26.446],[127.852,26.441],[127.839,26.425],[127.843,26.417],[127.855,26.413],[127.865,26.406],[127.87,26.393],[127.873,26.365],[127.878,26.352],[127.889,26.339],[127.91,26.323],[127.92,26.31],[127.902,26.305],[127.882,26.311],[127.862,26.319],[127.841,26.324],[127.828,26.316],[127.778,26.233],[127.771,26.216],[127.768,26.198],[127.775,26.185],[127.792,26.185],[127.81,26.189],[127.824,26.187],[127.814,26.166],[127.797,26.14],[127.776,26.122],[127.755,26.125],[127.742,26.116],[127.725,26.09],[127.71,26.084],[127.652,26.084],[127.657,26.122],[127.636,26.191],[127.638,26.215],[127.658,26.212],[127.678,26.231],[127.693,26.256],[127.7,26.276],[127.718,26.274],[127.731,26.289],[127.739,26.309],[127.742,26.321],[127.739,26.341],[127.724,26.385],[127.721,26.406],[127.723,26.43],[127.731,26.44],[127.748,26.442],[127.781,26.441],[127.794,26.443],[127.805,26.448],[127.81,26.458],[127.814,26.458],[127.829,26.483],[127.831,26.488],[127.864,26.506],[127.903,26.516],[127.938,26.532],[127.96,26.564],[127.962,26.582],[127.956,26.595],[127.941,26.602],[127.894,26.609],[127.886,26.62],[127.885,26.636],[127.886,26.654],[127.878,26.687],[127.878,26.695],[127.885,26.696],[127.92,26.695],[127.965,26.697],[127.987,26.693],[128.001,26.68],[128.0,26.672],[127.993,26.663],[127.989,26.653],[127.996,26.639],[128.004,26.635],[128.015,26.635],[128.057,26.645],[128.111,26.674],[128.103,26.691],[128.111,26.703],[128.152,26.732],[128.157,26.737],[128.162,26.757],[128.169,26.761],[128.176,26.763],[128.179,26.766],[128.188,26.781],[128.226,26.801],[128.235,26.814],[128.239,26.832],[128.254,26.864],[128.255,26.886],[128.331,26.813],[128.338,26.797]]]}},{"type":"Feature","properties":{},"geometry":{"type":"Polygon","coordinates":[[[129.708,28.462],[129.711,28.456],[129.717,28.45],[129.722,28.444],[129.721,28.435],[129.716,28.429],[129.709,28.429],[129.701,28.43],[129.694,28.429],[129.682,28.421],[129.639,28.405],[129.625,28.403],[129.619,28.401],[129.617,28.396],[129.615,28.39],[129.611,28.383],[129.602,28.38],[129.582,28.371],[129.554,28.328],[129.533,28.319],[129.53,28.315],[129.499,28.288],[129.487,28.283],[129.461,28.292],[129.447,28.291],[129.455,28.277],[129.448,28.266],[129.44,28.259],[129.43,28.254],[129.42,28.25],[129.432,28.241],[129.457,28.226],[129.468,28.216],[129.415,28.186],[129.407,28.184],[129.402,28.163],[129.389,28.163],[129.371,28.167],[129.352,28.161],[129.364,28.154],[129.375,28.14],[129.379,28.126],[129.376,28.12],[129.366,28.123],[129.338,28.148],[129.287,28.178],[129.28,28.19],[129.281,28.205],[129.281,28.219],[129.269,28.229],[129.256,28.215],[129.242,28.214],[129.208,28.229],[129.174,28.236],[129.159,28.241],[129.146,28.25],[129.146,28.256],[129.154,28.26],[129.163,28.263],[129.171,28.262],[129.181,28.256],[129.209,28.264],[129.241,28.256],[129.271,28.255],[129.29,28.284],[129.254,28.285],[129.24,28.29],[129.228,28.305],[129.241,28.313],[129.252,28.322],[129.264,28.329],[129.288,28.333],[129.296,28.336],[129.316,28.35],[129.331,28.364],[129.331,28.366],[129.357,28.368],[129.381,28.367],[129.4,28.372],[129.413,28.393],[129.432,28.387],[129.451,28.392],[129.466,28.405],[129.475,28.421],[129.482,28.411],[129.493,28.405],[129.504,28.4],[129.516,28.393],[129.533,28.43],[129.561,28.451],[129.626,28.483],[129.614,28.448],[129.616,28.439],[129.632,28.435],[129.644,28.44],[129.654,28.452],[129.673,28.483],[129.673,28.488],[129.669,28.495],[129.667,28.503],[129.673,28.51],[129.688,28.509],[129.698,28.495],[129.708,28.462]]]}},{"type":"Feature","properties":{},"geometry":{"type":"Polygon","coordinates":[[[119.847,25.536],[119.834,25.549],[119.819,25.546],[119.805,25.533],[119.799,25.516],[119.806,25.496],[119.84,25.479],[119.847,25.461],[119.821,25.468],[119.795,25.463],[119.772,25.451],[119.758,25.433],[119.757,25.421],[119.76,25.411],[119.757,25.405],[119.74,25.408],[119.722,25.414],[119.704,25.424],[119.693,25.438],[119.698,25.457],[119.701,25.46],[119.709,25.466],[119.712,25.47],[119.712,25.474],[119.712,25.48],[119.712,25.486],[119.71,25.488],[119.7,25.482],[119.689,25.48],[119.678,25.482],[119.668,25.488],[119.678,25.501],[119.686,25.508],[119.696,25.509],[119.749,25.503],[119.766,25.506],[119.778,25.522],[119.759,25.531],[119.726,25.525],[119.716,25.536],[119.718,25.545],[119.73,25.581],[119.727,25.591],[119.719,25.591],[119.709,25.586],[119.703,25.577],[119.693,25.594],[119.699,25.613],[119.714,25.631],[119.73,25.646],[119.745,25.649],[119.75,25.653],[119.764,25.659],[119.782,25.659],[119.777,25.652],[119.776,25.636],[119.78,25.617],[119.792,25.605],[119.804,25.611],[119.813,25.609],[119.823,25.601],[119.833,25.591],[119.817,25.58],[119.83,25.572],[119.855,25.565],[119.875,25.557],[119.862,25.546],[119.847,25.536]]]}},{"type":"Feature","properties":{},"geometry":{"type":"Polygon","coordinates":[[[131.052,30.84],[131.062,30.841],[131.062,30.825],[131.074,30.8],[131.088,30.783],[131.071,30.769],[131.071,30.737],[131.079,30.699],[131.054,30.662],[131.058,30.642],[131.058,30.611],[131.051,30.597],[131.038,30.589],[131.038,30.572],[131.036,30.557],[131.018,30.551],[131.003,30.551],[130.994,30.533],[130.983,30.519],[130.98,30.497],[130.967,30.479],[130.968,30.464],[130.965,30.456],[130.973,30.449],[130.978,30.438],[130.972,30.426],[130.97,30.415],[130.978,30.4],[130.963,30.386],[130.962,30.373],[130.944,30.375],[130.924,30.37],[130.907,30.366],[130.891,30.355],[130.886,30.344],[130.87,30.344],[130.867,30.354],[130.857,30.366],[130.86,30.38],[130.866,30.397],[130.863,30.424],[130.853,30.441],[130.849,30.461],[130.851,30.47],[130.862,30.466],[130.87,30.464],[130.876,30.481],[130.901,30.504],[130.93,30.541],[130.942,30.57],[130.951,30.595],[130.951,30.61],[130.948,30.641],[130.943,30.654],[130.945,30.664],[130.939,30.672],[130.953,30.685],[130.966,30.701],[130.985,30.73],[130.985,30.741],[131.0,30.746],[131.008,30.768],[131.006,30.789],[131.027,30.819],[131.039,30.831],[131.045,30.837],[131.052,30.84]]]}},{"type":"Feature","properties":{},"geometry":{"type":"Polygon","coordinates":[[[122.327,30.024],[122.327,30.011],[122.321,30.006],[122.313,30.003],[122.307,29.997],[122.303,29.986],[122.301,29.976],[122.3,29.952],[122.294,29.934],[122.278,29.94],[122.246,29.97],[122.229,29.979],[122.185,29.994],[122.144,30.0],[122.099,30.014],[122.077,30.018],[122.065,30.016],[122.049,30.007],[122.035,30.002],[122.031,29.999],[122.026,29.997],[122.019,29.997],[122.011,30.0],[122.01,30.004],[122.012,30.008],[122.012,30.011],[122.011,30.015],[122.014,30.026],[122.012,30.032],[122.009,30.033],[121.995,30.037],[121.992,30.038],[121.977,30.054],[121.973,30.06],[121.972,30.068],[121.974,30.073],[121.977,30.077],[121.98,30.085],[121.981,30.09],[121.978,30.107],[121.966,30.13],[121.963,30.142],[121.975,30.148],[122.087,30.148],[122.103,30.144],[122.117,30.136],[122.132,30.124],[122.141,30.121],[122.165,30.121],[122.17,30.117],[122.174,30.102],[122.182,30.099],[122.194,30.1],[122.204,30.1],[122.229,30.092],[122.239,30.087],[122.245,30.08],[122.25,30.073],[122.256,30.068],[122.27,30.066],[122.29,30.067],[122.297,30.063],[122.3,30.049],[122.304,30.042],[122.323,30.032],[122.327,30.024]]]}},{"type":"Feature","properties":{},"geometry":{"type":"Polygon","coordinates":[[[114.216,22.286],[114.222,22.279],[114.228,22.281],[114.236,22.278],[114.244,22.265],[114.251,22.259],[114.251,22.249],[114.245,22.242],[114.249,22.233],[114.254,22.224],[114.249,22.222],[114.256,22.204],[114.244,22.201],[114.24,22.205],[114.233,22.211],[114.233,22.222],[114.23,22.234],[114.223,22.239],[114.217,22.234],[114.223,22.233],[114.223,22.225],[114.219,22.224],[114.212,22.216],[114.219,22.206],[114.216,22.199],[114.219,22.192],[114.208,22.19],[114.206,22.205],[114.209,22.208],[114.207,22.212],[114.196,22.208],[114.191,22.21],[114.196,22.215],[114.189,22.219],[114.194,22.226],[114.191,22.231],[114.183,22.233],[114.184,22.241],[114.171,22.233],[114.167,22.228],[114.165,22.228],[114.163,22.233],[114.161,22.24],[114.152,22.245],[114.136,22.246],[114.129,22.249],[114.125,22.257],[114.124,22.261],[114.119,22.269],[114.113,22.272],[114.113,22.278],[114.116,22.279],[114.12,22.282],[114.129,22.286],[114.139,22.289],[114.15,22.286],[114.157,22.282],[114.166,22.279],[114.179,22.279],[114.188,22.287],[114.197,22.292],[114.206,22.288],[114.216,22.286]]]}},{"type":"Feature","properties":{},"geometry":{"type":"Polygon","coordinates":[[[121.844,31.608],[121.919,31.578],[121.98,31.54],[121.987,31.504],[121.978,31.478],[121.913,31.456],[121.851,31.439],[121.817,31.447],[121.783,31.466],[121.73,31.485],[121.71,31.495],[121.685,31.507],[121.615,31.522],[121.572,31.529],[121.541,31.554],[121.517,31.568],[121.485,31.58],[121.405,31.614],[121.376,31.634],[121.345,31.641],[121.314,31.656],[121.303,31.671],[121.286,31.704],[121.225,31.738],[121.206,31.757],[121.187,31.774],[121.176,31.784],[121.181,31.796],[121.195,31.805],[121.219,31.829],[121.264,31.841],[121.323,31.829],[121.362,31.818],[121.386,31.812],[121.424,31.796],[121.475,31.771],[121.501,31.75],[121.535,31.728],[121.571,31.714],[121.605,31.692],[121.626,31.676],[121.641,31.666],[121.663,31.652],[121.721,31.63],[121.844,31.608]]]}},{"type":"Feature","properties":{},"geometry":{"type":"Polygon","coordinates":[[[124.329,24.584],[124.332,24.571],[124.327,24.561],[124.319,24.553],[124.309,24.535],[124.274,24.488],[124.261,24.445],[124.254,24.402],[124.242,24.364],[124.212,24.337],[124.177,24.333],[124.14,24.342],[124.122,24.361],[124.143,24.385],[124.133,24.392],[124.129,24.404],[124.123,24.414],[124.106,24.419],[124.089,24.422],[124.078,24.428],[124.078,24.435],[124.095,24.44],[124.102,24.447],[124.112,24.463],[124.116,24.467],[124.129,24.469],[124.133,24.464],[124.134,24.457],[124.14,24.453],[124.148,24.446],[124.157,24.442],[124.168,24.44],[124.191,24.44],[124.202,24.442],[124.212,24.447],[124.222,24.461],[124.23,24.479],[124.24,24.495],[124.257,24.502],[124.268,24.51],[124.301,24.57],[124.314,24.587],[124.321,24.59],[124.329,24.584]]]}},{"type":"Feature","properties":{},"geometry":{"type":"Polygon","coordinates":[[[122.143,29.733],[122.177,29.697],[122.187,29.673],[122.163,29.655],[122.17,29.675],[122.165,29.673],[122.149,29.669],[122.149,29.682],[122.139,29.673],[122.133,29.669],[122.127,29.669],[122.125,29.673],[122.123,29.686],[122.121,29.692],[122.115,29.698],[122.109,29.704],[122.104,29.711],[122.102,29.72],[122.093,29.726],[122.074,29.724],[122.057,29.72],[122.053,29.716],[122.045,29.717],[122.04,29.716],[122.036,29.717],[122.033,29.723],[122.033,29.731],[122.035,29.74],[122.039,29.748],[122.043,29.751],[122.049,29.756],[122.057,29.768],[122.068,29.78],[122.084,29.785],[122.098,29.787],[122.107,29.79],[122.115,29.789],[122.122,29.779],[122.124,29.771],[122.121,29.758],[122.122,29.751],[122.126,29.745],[122.14,29.735],[122.143,29.733]]]}},{"type":"Feature","properties":{},"geometry":{"type":"Polygon","coordinates":[[[119.648,23.603],[119.666,23.573],[119.671,23.559],[119.668,23.549],[119.661,23.556],[119.651,23.562],[119.641,23.564],[119.626,23.556],[119.615,23.555],[119.61,23.552],[119.607,23.547],[119.603,23.533],[119.6,23.528],[119.582,23.519],[119.564,23.517],[119.546,23.523],[119.527,23.54],[119.532,23.549],[119.542,23.538],[119.557,23.535],[119.574,23.539],[119.587,23.549],[119.578,23.552],[119.571,23.556],[119.565,23.562],[119.559,23.569],[119.557,23.566],[119.557,23.565],[119.556,23.564],[119.552,23.562],[119.552,23.576],[119.552,23.59],[119.559,23.59],[119.567,23.589],[119.595,23.605],[119.613,23.61],[119.608,23.595],[119.606,23.59],[119.622,23.595],[119.633,23.593],[119.642,23.594],[119.648,23.603]]]}},{"type":"Feature","properties":{},"geometry":{"type":"Polygon","coordinates":[[[121.256,28.14],[121.265,28.122],[121.285,28.102],[121.279,28.085],[121.268,28.085],[121.257,28.085],[121.247,28.088],[121.238,28.093],[121.236,28.086],[121.234,28.082],[121.234,28.079],[121.238,28.071],[121.231,28.065],[121.219,28.068],[121.219,28.058],[121.202,28.055],[121.186,28.044],[121.167,28.043],[121.152,28.041],[121.147,28.058],[121.155,28.071],[121.152,28.078],[121.143,28.083],[121.137,28.094],[121.131,28.103],[121.132,28.114],[121.127,28.127],[121.12,28.136],[121.125,28.14],[121.135,28.143],[121.165,28.151],[121.188,28.169],[121.204,28.19],[121.209,28.2],[121.211,28.209],[121.231,28.22],[121.256,28.215],[121.269,28.194],[121.27,28.182],[121.262,28.169],[121.256,28.14]]]}},{"type":"Feature","properties":{},"geometry":{"type":"Polygon","coordinates":[[[121.526,19.321],[121.538,19.307],[121.54,19.303],[121.541,19.3],[121.543,19.296],[121.546,19.29],[121.547,19.283],[121.543,19.279],[121.535,19.279],[121.526,19.28],[121.519,19.279],[121.513,19.274],[121.51,19.268],[121.507,19.262],[121.498,19.259],[121.471,19.269],[121.465,19.275],[121.426,19.297],[121.421,19.298],[121.414,19.298],[121.406,19.299],[121.399,19.303],[121.394,19.311],[121.382,19.334],[121.35,19.37],[121.351,19.376],[121.368,19.378],[121.379,19.384],[121.396,19.403],[121.452,19.384],[121.471,19.382],[121.489,19.386],[121.504,19.392],[121.517,19.394],[121.526,19.382],[121.526,19.335],[121.525,19.331],[121.525,19.328],[121.526,19.321]]]}},{"type":"Feature","properties":{},"geometry":{"type":"Polygon","coordinates":[[[117.469,23.753],[117.504,23.75],[117.527,23.74],[117.516,23.716],[117.496,23.72],[117.484,23.711],[117.477,23.689],[117.48,23.663],[117.467,23.658],[117.445,23.665],[117.433,23.66],[117.421,23.646],[117.418,23.627],[117.415,23.608],[117.424,23.602],[117.432,23.583],[117.374,23.573],[117.32,23.574],[117.338,23.596],[117.369,23.622],[117.394,23.679],[117.387,23.685],[117.375,23.689],[117.364,23.691],[117.356,23.689],[117.346,23.685],[117.341,23.689],[117.342,23.7],[117.377,23.729],[117.376,23.747],[117.379,23.747],[117.373,23.767],[117.386,23.774],[117.404,23.774],[117.414,23.772],[117.42,23.754],[117.435,23.751],[117.448,23.742],[117.469,23.753]]]}},{"type":"Feature","properties":{},"geometry":{"type":"Polygon","coordinates":[[[129.933,31.868],[129.928,31.864],[129.928,31.86],[129.93,31.853],[129.928,31.847],[129.928,31.84],[129.931,31.836],[129.931,31.833],[129.929,31.827],[129.922,31.82],[129.913,31.819],[129.903,31.818],[129.89,31.811],[129.876,31.811],[129.869,31.818],[129.863,31.821],[129.859,31.824],[129.857,31.829],[129.854,31.835],[129.847,31.843],[129.847,31.851],[129.854,31.855],[129.85,31.857],[129.84,31.854],[129.832,31.844],[129.824,31.842],[129.821,31.846],[129.82,31.852],[129.823,31.863],[129.832,31.874],[129.845,31.881],[129.865,31.876],[129.902,31.848],[129.91,31.846],[129.913,31.852],[129.908,31.862],[129.913,31.868],[129.929,31.87],[129.933,31.868]]]}},{"type":"Feature","properties":{},"geometry":{"type":"Polygon","coordinates":[[[122.395,29.884],[122.392,29.876],[122.387,29.871],[122.383,29.865],[122.386,29.857],[122.394,29.848],[122.396,29.843],[122.395,29.833],[122.385,29.835],[122.377,29.839],[122.365,29.85],[122.357,29.862],[122.359,29.87],[122.365,29.876],[122.369,29.884],[122.367,29.896],[122.362,29.904],[122.354,29.911],[122.334,29.921],[122.325,29.928],[122.321,29.937],[122.322,29.948],[122.325,29.954],[122.33,29.958],[122.335,29.961],[122.342,29.963],[122.346,29.949],[122.359,29.946],[122.389,29.949],[122.401,29.953],[122.407,29.953],[122.409,29.946],[122.409,29.937],[122.407,29.931],[122.403,29.926],[122.395,29.922],[122.41,29.911],[122.408,29.9],[122.395,29.884]]]}},{"type":"Feature","properties":{},"geometry":{"type":"Polygon","coordinates":[[[129.297,28.12],[129.326,28.123],[129.347,28.107],[129.35,28.086],[129.324,28.079],[129.306,28.094],[129.303,28.096],[129.301,28.101],[129.295,28.099],[129.291,28.095],[129.29,28.093],[129.291,28.089],[129.285,28.081],[129.279,28.077],[129.276,28.082],[129.274,28.083],[129.264,28.096],[129.263,28.099],[129.252,28.1],[129.231,28.097],[129.221,28.099],[129.218,28.106],[129.216,28.131],[129.214,28.14],[129.187,28.175],[129.181,28.19],[129.196,28.195],[129.228,28.195],[129.222,28.176],[129.233,28.171],[129.269,28.175],[129.264,28.167],[129.256,28.159],[129.25,28.151],[129.252,28.144],[129.264,28.135],[129.288,28.125],[129.297,28.12]]]}},{"type":"Feature","properties":{},"geometry":{"type":"Polygon","coordinates":[[[121.971,18.985],[121.984,18.975],[121.991,18.961],[121.989,18.949],[121.963,18.939],[121.942,18.91],[121.93,18.895],[121.895,18.868],[121.881,18.85],[121.875,18.83],[121.866,18.822],[121.847,18.824],[121.834,18.834],[121.841,18.848],[121.841,18.868],[121.862,18.884],[121.875,18.901],[121.854,18.923],[121.864,18.935],[121.872,18.951],[121.875,18.965],[121.872,18.971],[121.879,18.975],[121.893,18.996],[121.902,19.005],[121.908,19.005],[121.915,19.001],[121.921,18.998],[121.924,19.002],[121.927,19.004],[121.942,19.011],[121.947,19.012],[121.956,19.009],[121.961,19.001],[121.965,18.992],[121.971,18.985]]]}},{"type":"Feature","properties":{},"geometry":{"type":"Polygon","coordinates":[[[117.072,23.473],[117.09,23.461],[117.102,23.468],[117.109,23.482],[117.126,23.483],[117.123,23.466],[117.134,23.46],[117.142,23.45],[117.137,23.42],[117.129,23.399],[117.107,23.404],[117.083,23.411],[117.049,23.405],[117.024,23.415],[117.015,23.416],[117.004,23.42],[116.992,23.419],[116.969,23.419],[116.948,23.422],[116.943,23.43],[116.953,23.442],[116.968,23.453],[116.982,23.459],[116.989,23.456],[116.994,23.448],[117.0,23.442],[117.01,23.439],[117.017,23.442],[117.027,23.444],[117.038,23.447],[117.044,23.464],[117.049,23.474],[117.063,23.478],[117.071,23.475],[117.072,23.473]]]}},{"type":"Feature","properties":{},"geometry":{"type":"Polygon","coordinates":[[[119.551,25.209],[119.561,25.209],[119.568,25.205],[119.563,25.199],[119.553,25.195],[119.548,25.186],[119.549,25.172],[119.542,25.165],[119.529,25.165],[119.517,25.171],[119.511,25.182],[119.513,25.191],[119.513,25.199],[119.503,25.204],[119.493,25.201],[119.489,25.196],[119.461,25.203],[119.449,25.214],[119.445,25.229],[119.447,25.236],[119.454,25.238],[119.458,25.241],[119.47,25.252],[119.476,25.251],[119.481,25.245],[119.487,25.245],[119.492,25.241],[119.496,25.231],[119.503,25.221],[119.512,25.213],[119.523,25.208],[119.534,25.207],[119.543,25.209],[119.551,25.209]]]}},{"type":"Feature","properties":{},"geometry":{"type":"Polygon","coordinates":[[[119.116,25.036],[119.112,25.041],[119.106,25.045],[119.105,25.048],[119.113,25.054],[119.118,25.062],[119.115,25.067],[119.112,25.07],[119.111,25.074],[119.11,25.077],[119.109,25.081],[119.111,25.082],[119.115,25.083],[119.123,25.089],[119.136,25.094],[119.145,25.096],[119.154,25.103],[119.157,25.101],[119.156,25.096],[119.153,25.093],[119.144,25.088],[119.136,25.079],[119.137,25.071],[119.14,25.068],[119.139,25.062],[119.141,25.058],[119.144,25.056],[119.124,25.037],[119.124,25.034],[119.125,25.03],[119.121,25.027],[119.117,25.031],[119.116,25.036]]]}},{"type":"Feature","properties":{},"geometry":{"type":"Polygon","coordinates":[[[128.701,27.455],[128.702,27.452],[128.703,27.451],[128.703,27.45],[128.707,27.449],[128.698,27.436],[128.67,27.421],[128.656,27.41],[128.64,27.385],[128.631,27.376],[128.618,27.38],[128.613,27.364],[128.605,27.362],[128.595,27.364],[128.587,27.362],[128.574,27.353],[128.56,27.351],[128.545,27.354],[128.532,27.362],[128.527,27.372],[128.525,27.385],[128.526,27.397],[128.529,27.406],[128.534,27.415],[128.538,27.418],[128.547,27.418],[128.562,27.42],[128.6,27.415],[128.619,27.416],[128.635,27.424],[128.65,27.435],[128.701,27.455]]]}},{"type":"Feature","properties":{},"geometry":{"type":"Polygon","coordinates":[[[122.305,29.74],[122.307,29.737],[122.303,29.736],[122.29,29.736],[122.285,29.733],[122.279,29.732],[122.268,29.737],[122.257,29.737],[122.242,29.745],[122.229,29.757],[122.222,29.769],[122.217,29.772],[122.216,29.776],[122.223,29.781],[122.228,29.783],[122.231,29.785],[122.235,29.787],[122.24,29.786],[122.251,29.778],[122.25,29.77],[122.246,29.764],[122.247,29.76],[122.251,29.758],[122.278,29.749],[122.285,29.749],[122.289,29.751],[122.292,29.751],[122.298,29.749],[122.301,29.747],[122.301,29.743],[122.305,29.74]]]}},{"type":"Feature","properties":{},"geometry":{"type":"Polygon","coordinates":[[[122.239,30.313],[122.204,30.291],[122.204,30.285],[122.224,30.279],[122.232,30.278],[122.22,30.27],[122.217,30.263],[122.218,30.255],[122.215,30.247],[122.202,30.242],[122.188,30.244],[122.174,30.248],[122.138,30.255],[122.114,30.265],[122.074,30.291],[122.084,30.302],[122.088,30.306],[122.096,30.311],[122.104,30.314],[122.122,30.319],[122.147,30.321],[122.153,30.323],[122.166,30.332],[122.195,30.339],[122.211,30.347],[122.225,30.332],[122.219,30.326],[122.22,30.321],[122.228,30.316],[122.239,30.313]]]}},{"type":"Feature","properties":{},"geometry":{"type":"Polygon","coordinates":[[[118.394,24.523],[118.423,24.528],[118.45,24.506],[118.467,24.462],[118.463,24.432],[118.449,24.416],[118.423,24.43],[118.404,24.436],[118.373,24.433],[118.346,24.418],[118.331,24.396],[118.318,24.391],[118.303,24.397],[118.293,24.398],[118.284,24.401],[118.28,24.408],[118.281,24.411],[118.289,24.421],[118.292,24.425],[118.293,24.432],[118.292,24.441],[118.29,24.456],[118.283,24.47],[118.282,24.477],[118.288,24.48],[118.317,24.493],[118.355,24.471],[118.381,24.474],[118.385,24.504],[118.394,24.523]]]}},{"type":"Feature","properties":{},"geometry":{"type":"Polygon","coordinates":[[[118.093,24.556],[118.112,24.546],[118.138,24.537],[118.163,24.532],[118.181,24.535],[118.182,24.523],[118.189,24.503],[118.189,24.494],[118.181,24.483],[118.172,24.478],[118.164,24.472],[118.161,24.457],[118.154,24.437],[118.136,24.429],[118.114,24.431],[118.092,24.438],[118.081,24.445],[118.073,24.453],[118.07,24.46],[118.072,24.467],[118.082,24.473],[118.093,24.475],[118.103,24.48],[118.106,24.494],[118.082,24.482],[118.075,24.484],[118.072,24.498],[118.075,24.512],[118.089,24.538],[118.093,24.556]]]}},{"type":"Feature","properties":{},"geometry":{"type":"Polygon","coordinates":[[[122.399,30.456],[122.411,30.452],[122.417,30.442],[122.423,30.415],[122.404,30.419],[122.364,30.433],[122.348,30.436],[122.306,30.423],[122.285,30.422],[122.273,30.436],[122.277,30.437],[122.287,30.442],[122.278,30.446],[122.274,30.451],[122.273,30.459],[122.273,30.469],[122.277,30.48],[122.28,30.483],[122.287,30.483],[122.291,30.472],[122.299,30.471],[122.311,30.473],[122.337,30.458],[122.349,30.461],[122.369,30.477],[122.368,30.463],[122.375,30.457],[122.385,30.456],[122.399,30.456]]]}},{"type":"Feature","properties":{},"geometry":{"type":"Polygon","coordinates":[[[123.815,24.392],[123.835,24.395],[123.872,24.39],[123.91,24.38],[123.934,24.367],[123.936,24.341],[123.916,24.307],[123.873,24.258],[123.851,24.257],[123.746,24.281],[123.683,24.285],[123.668,24.297],[123.684,24.323],[123.688,24.321],[123.691,24.319],[123.698,24.316],[123.707,24.329],[123.718,24.324],[123.729,24.316],[123.742,24.32],[123.748,24.33],[123.753,24.364],[123.765,24.401],[123.767,24.409],[123.77,24.418],[123.777,24.42],[123.785,24.416],[123.791,24.41],[123.815,24.392]]]}},{"type":"Feature","properties":{},"geometry":{"type":"Polygon","coordinates":[[[121.032,27.87],[121.041,27.876],[121.047,27.875],[121.052,27.869],[121.057,27.864],[121.062,27.864],[121.07,27.866],[121.079,27.867],[121.084,27.866],[121.078,27.862],[121.072,27.856],[121.066,27.851],[121.067,27.847],[121.063,27.846],[121.059,27.848],[121.056,27.854],[121.053,27.856],[121.047,27.855],[121.032,27.848],[121.027,27.844],[121.02,27.838],[121.015,27.84],[121.013,27.845],[121.015,27.85],[121.021,27.857],[121.021,27.864],[121.022,27.868],[121.029,27.869],[121.032,27.87]]]}},{"type":"Feature","properties":{},"geometry":{"type":"Polygon","coordinates":[[[125.387,24.782],[125.405,24.778],[125.426,24.769],[125.445,24.757],[125.453,24.745],[125.444,24.737],[125.424,24.732],[125.384,24.727],[125.3,24.726],[125.259,24.733],[125.257,24.752],[125.261,24.764],[125.274,24.82],[125.275,24.856],[125.271,24.868],[125.26,24.885],[125.262,24.884],[125.274,24.882],[125.285,24.877],[125.29,24.874],[125.294,24.87],[125.302,24.858],[125.314,24.83],[125.322,24.817],[125.327,24.811],[125.358,24.783],[125.366,24.78],[125.387,24.782]]]}},{"type":"Feature","properties":{},"geometry":{"type":"Polygon","coordinates":[[[128.989,27.811],[129.0,27.803],[129.013,27.795],[129.025,27.786],[129.03,27.773],[129.024,27.757],[129.0,27.728],[128.99,27.707],[128.976,27.696],[128.961,27.686],[128.947,27.681],[128.929,27.687],[128.922,27.701],[128.919,27.716],[128.916,27.722],[128.895,27.728],[128.891,27.742],[128.899,27.77],[128.879,27.825],[128.884,27.837],[128.889,27.853],[128.895,27.891],[128.9,27.896],[128.915,27.9],[128.947,27.914],[128.966,27.894],[128.977,27.837],[128.989,27.811]]]}},{"type":"Feature","properties":{},"geometry":{"type":"Polygon","coordinates":[[[122.543,30.655],[122.545,30.658],[122.547,30.661],[122.546,30.664],[122.55,30.668],[122.552,30.67],[122.552,30.674],[122.554,30.678],[122.557,30.681],[122.558,30.679],[122.563,30.676],[122.568,30.672],[122.572,30.668],[122.576,30.665],[122.581,30.667],[122.582,30.663],[122.575,30.658],[122.57,30.659],[122.569,30.657],[122.565,30.658],[122.565,30.653],[122.568,30.647],[122.567,30.646],[122.559,30.651],[122.556,30.652],[122.552,30.651],[122.546,30.653],[122.543,30.655]]]}},{"type":"Feature","properties":{},"geometry":{"type":"Polygon","coordinates":[[[121.182,27.865],[121.188,27.864],[121.19,27.855],[121.189,27.848],[121.188,27.846],[121.185,27.844],[121.18,27.842],[121.175,27.844],[121.173,27.841],[121.175,27.826],[121.171,27.819],[121.16,27.819],[121.147,27.824],[121.138,27.825],[121.13,27.821],[121.116,27.818],[121.098,27.818],[121.096,27.828],[121.114,27.844],[121.133,27.847],[121.149,27.846],[121.157,27.849],[121.153,27.853],[121.154,27.856],[121.159,27.858],[121.168,27.86],[121.182,27.865]]]}},{"type":"Feature","properties":{},"geometry":{"type":"Polygon","coordinates":[[[122.346,30.242],[122.329,30.239],[122.316,30.24],[122.305,30.24],[122.295,30.237],[122.283,30.235],[122.278,30.236],[122.278,30.241],[122.287,30.248],[122.303,30.252],[122.313,30.26],[122.319,30.268],[122.324,30.272],[122.332,30.274],[122.342,30.274],[122.383,30.277],[122.4,30.275],[122.408,30.266],[122.411,30.255],[122.409,30.244],[122.396,30.239],[122.385,30.25],[122.384,30.262],[122.381,30.264],[122.375,30.262],[122.357,30.248],[122.346,30.242]]]}},{"type":"Feature","properties":{},"geometry":{"type":"Polygon","coordinates":[[[122.529,30.721],[122.526,30.714],[122.531,30.704],[122.525,30.702],[122.493,30.703],[122.487,30.702],[122.474,30.703],[122.467,30.699],[122.463,30.696],[122.461,30.694],[122.455,30.694],[122.445,30.697],[122.432,30.698],[122.427,30.704],[122.433,30.715],[122.435,30.727],[122.429,30.738],[122.43,30.743],[122.441,30.741],[122.458,30.731],[122.473,30.717],[122.484,30.715],[122.496,30.717],[122.502,30.719],[122.51,30.721],[122.525,30.724],[122.529,30.721]]]}},{"type":"Feature","properties":{},"geometry":{"type":"Polygon","coordinates":[[[122.201,30.183],[122.201,30.177],[122.194,30.177],[122.189,30.174],[122.186,30.172],[122.183,30.171],[122.183,30.167],[122.182,30.162],[122.162,30.144],[122.157,30.146],[122.147,30.158],[122.145,30.163],[122.145,30.189],[122.149,30.192],[122.169,30.202],[122.173,30.202],[122.175,30.2],[122.179,30.198],[122.185,30.196],[122.189,30.194],[122.189,30.191],[122.191,30.19],[122.199,30.193],[122.204,30.192],[122.206,30.188],[122.205,30.186],[122.201,30.183]]]}},{"type":"Feature","properties":{},"geometry":{"type":"Polygon","coordinates":[[[126.81,26.352],[126.81,26.343],[126.807,26.333],[126.802,26.324],[126.796,26.317],[126.794,26.313],[126.795,26.309],[126.795,26.306],[126.789,26.303],[126.782,26.305],[126.775,26.309],[126.77,26.314],[126.768,26.321],[126.76,26.334],[126.741,26.342],[126.72,26.347],[126.704,26.355],[126.698,26.369],[126.707,26.379],[126.724,26.386],[126.742,26.39],[126.752,26.391],[126.77,26.388],[126.787,26.38],[126.801,26.368],[126.81,26.352]]]}},{"type":"Feature","properties":{},"geometry":{"type":"Polygon","coordinates":[[[121.882,30.076],[121.885,30.061],[121.893,30.056],[121.902,30.054],[121.909,30.045],[121.91,30.024],[121.903,30.002],[121.89,29.984],[121.872,29.977],[121.86,29.978],[121.847,29.982],[121.836,29.989],[121.829,29.998],[121.827,30.004],[121.829,30.009],[121.832,30.014],[121.835,30.019],[121.836,30.026],[121.834,30.039],[121.835,30.045],[121.837,30.056],[121.848,30.083],[121.853,30.087],[121.865,30.086],[121.876,30.082],[121.882,30.076]]]}},{"type":"Feature","properties":{},"geometry":{"type":"Polygon","coordinates":[[[130.675,30.375],[130.669,30.34],[130.647,30.291],[130.604,30.252],[130.577,30.236],[130.547,30.231],[130.518,30.227],[130.486,30.226],[130.438,30.239],[130.427,30.256],[130.411,30.292],[130.386,30.34],[130.379,30.366],[130.376,30.394],[130.386,30.398],[130.423,30.399],[130.441,30.422],[130.461,30.441],[130.467,30.457],[130.488,30.457],[130.499,30.468],[130.524,30.45],[130.568,30.436],[130.6,30.412],[130.639,30.403],[130.675,30.375]]]}},{"type":"Feature","properties":{},"geometry":{"type":"Polygon","coordinates":[[[114.0,22.323],[114.017,22.336],[114.021,22.329],[114.044,22.346],[114.049,22.342],[114.055,22.336],[114.052,22.329],[114.05,22.32],[114.046,22.323],[114.038,22.325],[114.031,22.325],[114.03,22.309],[114.013,22.311],[114.013,22.298],[114.022,22.302],[114.018,22.289],[114.019,22.265],[114.004,22.265],[114.0,22.266],[114.0,22.262],[114.007,22.252],[114.0,22.247],[114.0,22.236],[114.015,22.227],[114.0,22.216],[114.0,22.323]]]}},{"type":"Feature","properties":{},"geometry":{"type":"Polygon","coordinates":[[[119.347,25.567],[119.346,25.561],[119.352,25.552],[119.349,25.544],[119.344,25.515],[119.335,25.49],[119.331,25.467],[119.335,25.45],[119.335,25.438],[119.326,25.434],[119.314,25.43],[119.303,25.423],[119.297,25.423],[119.288,25.444],[119.286,25.455],[119.282,25.464],[119.282,25.483],[119.304,25.538],[119.305,25.543],[119.307,25.547],[119.31,25.549],[119.318,25.557],[119.321,25.561],[119.332,25.571],[119.343,25.573],[119.347,25.567]]]}},{"type":"Feature","properties":{},"geometry":{"type":"Polygon","coordinates":[[[122.785,30.731],[122.791,30.728],[122.793,30.724],[122.789,30.722],[122.787,30.723],[122.779,30.717],[122.782,30.714],[122.782,30.707],[122.784,30.701],[122.779,30.7],[122.777,30.696],[122.774,30.698],[122.773,30.702],[122.773,30.703],[122.765,30.71],[122.757,30.706],[122.752,30.708],[122.752,30.716],[122.756,30.717],[122.758,30.72],[122.757,30.723],[122.766,30.723],[122.771,30.724],[122.774,30.731],[122.779,30.731],[122.785,30.731]]]}},{"type":"Feature","properties":{},"geometry":{"type":"Polygon","coordinates":[[[119.971,26.192],[119.967,26.195],[119.965,26.2],[119.967,26.215],[119.969,26.22],[119.973,26.222],[119.983,26.225],[119.986,26.228],[119.994,26.233],[120.004,26.232],[120.009,26.225],[120.012,26.223],[120.014,26.22],[120.013,26.216],[120.012,26.213],[120.014,26.209],[120.014,26.206],[120.009,26.21],[120.003,26.217],[119.999,26.219],[119.99,26.215],[119.986,26.216],[119.981,26.215],[119.976,26.21],[119.971,26.192]]]}},{"type":"Feature","properties":{},"geometry":{"type":"Polygon","coordinates":[[[119.305,26.036],[119.37,26.014],[119.401,25.996],[119.405,25.978],[119.391,25.967],[119.381,25.967],[119.372,25.972],[119.346,25.976],[119.312,25.987],[119.302,25.992],[119.291,25.995],[119.273,25.997],[119.258,26.001],[119.251,26.012],[119.247,26.027],[119.238,26.038],[119.227,26.048],[119.218,26.059],[119.209,26.099],[119.221,26.09],[119.243,26.057],[119.258,26.048],[119.272,26.042],[119.305,26.036]]]}},{"type":"Feature","properties":{},"geometry":{"type":"Polygon","coordinates":[[[119.67,26.64],[119.664,26.641],[119.657,26.651],[119.655,26.661],[119.658,26.668],[119.665,26.67],[119.716,26.668],[119.721,26.663],[119.727,26.663],[119.732,26.674],[119.735,26.677],[119.742,26.68],[119.751,26.679],[119.755,26.677],[119.756,26.675],[119.756,26.67],[119.749,26.663],[119.722,26.65],[119.716,26.642],[119.697,26.638],[119.686,26.639],[119.679,26.643],[119.674,26.644],[119.67,26.64]]]}},{"type":"Feature","properties":{},"geometry":{"type":"Polygon","coordinates":[[[122.395,30.002],[122.391,29.996],[122.391,29.985],[122.393,29.977],[122.392,29.975],[122.383,29.975],[122.372,29.982],[122.369,29.988],[122.375,29.991],[122.376,29.997],[122.374,30.004],[122.379,30.017],[122.378,30.024],[122.379,30.026],[122.387,30.026],[122.402,30.033],[122.405,30.03],[122.4,30.022],[122.401,30.016],[122.403,30.013],[122.414,30.006],[122.412,30.003],[122.403,30.002],[122.395,30.002]]]}},{"type":"Feature","properties":{},"geometry":{"type":"Polygon","coordinates":[[[121.977,19.577],[121.983,19.575],[121.991,19.571],[121.998,19.565],[121.998,19.56],[121.992,19.548],[121.987,19.513],[121.978,19.499],[121.961,19.492],[121.947,19.497],[121.924,19.519],[121.906,19.53],[121.898,19.537],[121.896,19.547],[121.897,19.557],[121.9,19.559],[121.906,19.559],[121.927,19.563],[121.942,19.56],[121.95,19.56],[121.957,19.564],[121.969,19.575],[121.977,19.577]]]}},{"type":"Feature","properties":{},"geometry":{"type":"Polygon","coordinates":[[[122.01,20.488],[122.019,20.486],[122.028,20.481],[122.033,20.473],[122.032,20.464],[122.027,20.456],[121.991,20.432],[121.969,20.413],[121.964,20.407],[121.966,20.394],[121.971,20.386],[121.974,20.379],[121.971,20.368],[121.958,20.355],[121.939,20.349],[121.922,20.354],[121.916,20.376],[121.922,20.393],[121.964,20.452],[121.966,20.461],[121.98,20.473],[121.998,20.484],[122.01,20.488]]]}},{"type":"Feature","properties":{},"geometry":{"type":"Polygon","coordinates":[[[119.477,23.603],[119.489,23.64],[119.501,23.65],[119.517,23.638],[119.508,23.632],[119.501,23.62],[119.491,23.59],[119.49,23.582],[119.493,23.576],[119.492,23.571],[119.48,23.569],[119.472,23.569],[119.466,23.568],[119.461,23.566],[119.457,23.562],[119.442,23.562],[119.445,23.57],[119.449,23.574],[119.457,23.576],[119.466,23.577],[119.474,23.58],[119.477,23.587],[119.477,23.603]]]}},{"type":"Feature","properties":{},"geometry":{"type":"Polygon","coordinates":[[[119.596,25.668],[119.604,25.669],[119.608,25.67],[119.607,25.659],[119.597,25.646],[119.591,25.642],[119.585,25.638],[119.578,25.632],[119.575,25.632],[119.574,25.633],[119.571,25.635],[119.568,25.635],[119.563,25.637],[119.559,25.644],[119.564,25.645],[119.565,25.649],[119.567,25.646],[119.572,25.64],[119.578,25.65],[119.586,25.655],[119.588,25.66],[119.593,25.662],[119.596,25.668]]]}},{"type":"Feature","properties":{},"geometry":{"type":"Polygon","coordinates":[[[122.018,30.185],[122.014,30.185],[122.011,30.186],[122.026,30.199],[122.032,30.197],[122.036,30.194],[122.037,30.196],[122.037,30.2],[122.041,30.203],[122.048,30.202],[122.053,30.199],[122.057,30.192],[122.057,30.188],[122.054,30.186],[122.052,30.183],[122.036,30.171],[122.024,30.166],[122.021,30.169],[122.024,30.172],[122.026,30.173],[122.028,30.175],[122.026,30.178],[122.018,30.185]]]}},{"type":"Feature","properties":{},"geometry":{"type":"Polygon","coordinates":[[[119.505,23.375],[119.508,23.373],[119.505,23.367],[119.501,23.363],[119.501,23.36],[119.503,23.357],[119.498,23.355],[119.486,23.356],[119.48,23.358],[119.485,23.369],[119.484,23.384],[119.481,23.381],[119.473,23.379],[119.471,23.387],[119.479,23.405],[119.485,23.406],[119.495,23.394],[119.498,23.393],[119.5,23.391],[119.5,23.383],[119.502,23.377],[119.505,23.375]]]}},{"type":"Feature","properties":{},"geometry":{"type":"Polygon","coordinates":[[[129.783,31.8],[129.791,31.784],[129.799,31.764],[129.8,31.745],[129.786,31.738],[129.776,31.729],[129.742,31.676],[129.729,31.644],[129.719,31.637],[129.696,31.621],[129.678,31.63],[129.659,31.642],[129.655,31.66],[129.676,31.667],[129.691,31.7],[129.717,31.73],[129.732,31.738],[129.754,31.744],[129.768,31.759],[129.777,31.78],[129.783,31.8]]]}},{"type":"Feature","properties":{},"geometry":{"type":"Polygon","coordinates":[[[114.137,22.179],[114.111,22.177],[114.114,22.186],[114.114,22.216],[114.104,22.216],[114.106,22.222],[114.107,22.236],[114.113,22.233],[114.117,22.222],[114.126,22.213],[114.133,22.216],[114.133,22.21],[114.126,22.205],[114.138,22.206],[114.15,22.206],[114.155,22.204],[114.143,22.196],[114.139,22.191],[114.145,22.179],[114.137,22.179]]]}},{"type":"Feature","properties":{},"geometry":{"type":"Polygon","coordinates":[[[121.862,29.13],[121.865,29.124],[121.867,29.116],[121.861,29.107],[121.854,29.098],[121.842,29.095],[121.837,29.1],[121.827,29.108],[121.814,29.115],[121.803,29.119],[121.793,29.119],[121.786,29.12],[121.783,29.125],[121.784,29.133],[121.786,29.144],[121.79,29.15],[121.796,29.149],[121.844,29.142],[121.857,29.134],[121.862,29.13]]]}},{"type":"Feature","properties":{},"geometry":{"type":"Polygon","coordinates":[[[116.929,23.54],[116.924,23.543],[116.92,23.548],[116.919,23.555],[116.925,23.561],[116.937,23.566],[116.946,23.574],[116.946,23.582],[116.949,23.591],[116.954,23.596],[116.967,23.601],[116.971,23.6],[116.971,23.594],[116.969,23.586],[116.961,23.574],[116.961,23.555],[116.958,23.547],[116.952,23.544],[116.943,23.544],[116.929,23.54]]]}},{"type":"Feature","properties":{},"geometry":{"type":"Polygon","coordinates":[[[119.773,26.606],[119.765,26.609],[119.76,26.616],[119.767,26.625],[119.77,26.627],[119.781,26.628],[119.787,26.629],[119.795,26.632],[119.798,26.632],[119.8,26.63],[119.807,26.628],[119.814,26.624],[119.807,26.613],[119.8,26.614],[119.793,26.615],[119.794,26.614],[119.791,26.611],[119.787,26.609],[119.775,26.604],[119.773,26.606]]]}},{"type":"Feature","properties":{},"geometry":{"type":"Polygon","coordinates":[[[121.958,30.299],[121.955,30.293],[121.951,30.308],[121.957,30.319],[121.961,30.325],[121.961,30.331],[121.966,30.336],[121.973,30.335],[121.974,30.344],[121.982,30.345],[121.984,30.34],[121.981,30.335],[121.977,30.331],[121.973,30.327],[121.973,30.324],[121.97,30.318],[121.97,30.307],[121.966,30.305],[121.964,30.3],[121.958,30.299]]]}},{"type":"Feature","properties":{},"geometry":{"type":"Polygon","coordinates":[[[129.816,31.78],[129.815,31.789],[129.814,31.795],[129.819,31.806],[129.825,31.815],[129.834,31.817],[129.837,31.818],[129.843,31.815],[129.842,31.81],[129.841,31.803],[129.847,31.799],[129.84,31.796],[129.834,31.795],[129.83,31.791],[129.83,31.786],[129.834,31.783],[129.832,31.781],[129.83,31.773],[129.821,31.778],[129.816,31.78]]]}},{"type":"Feature","properties":{},"geometry":{"type":"Polygon","coordinates":[[[121.388,18.903],[121.417,18.908],[121.43,18.906],[121.444,18.895],[121.451,18.888],[121.458,18.884],[121.467,18.882],[121.478,18.882],[121.454,18.866],[121.431,18.856],[121.407,18.851],[121.319,18.843],[121.295,18.847],[121.279,18.862],[121.275,18.876],[121.28,18.881],[121.3,18.882],[121.353,18.899],[121.388,18.903]]]}},{"type":"Feature","properties":{},"geometry":{"type":"Polygon","coordinates":[[[122.15,18.578],[122.154,18.572],[122.155,18.567],[122.154,18.551],[122.146,18.537],[122.147,18.526],[122.141,18.521],[122.113,18.507],[122.115,18.536],[122.118,18.543],[122.109,18.555],[122.11,18.561],[122.115,18.571],[122.118,18.573],[122.125,18.576],[122.132,18.58],[122.137,18.583],[122.145,18.581],[122.15,18.578]]]}},{"type":"Feature","properties":{},"geometry":{"type":"Polygon","coordinates":[[[121.625,28.523],[121.626,28.519],[121.62,28.513],[121.619,28.509],[121.618,28.504],[121.614,28.502],[121.608,28.503],[121.604,28.506],[121.602,28.509],[121.597,28.511],[121.595,28.514],[121.599,28.516],[121.597,28.524],[121.601,28.534],[121.608,28.542],[121.615,28.542],[121.618,28.538],[121.622,28.527],[121.625,28.523]]]}},{"type":"Feature","properties":{},"geometry":{"type":"Polygon","coordinates":[[[130.309,30.804],[130.318,30.804],[130.322,30.793],[130.311,30.78],[130.302,30.782],[130.289,30.779],[130.278,30.78],[130.278,30.772],[130.274,30.774],[130.265,30.779],[130.259,30.782],[130.26,30.783],[130.264,30.789],[130.267,30.794],[130.274,30.792],[130.287,30.802],[130.296,30.806],[130.303,30.808],[130.309,30.804]]]}},{"type":"Feature","properties":{},"geometry":{"type":"Polygon","coordinates":[[[121.958,29.12],[121.959,29.108],[121.958,29.102],[121.935,29.063],[121.925,29.063],[121.912,29.071],[121.889,29.072],[121.9,29.094],[121.888,29.11],[121.872,29.127],[121.868,29.147],[121.881,29.16],[121.903,29.167],[121.927,29.167],[121.943,29.161],[121.952,29.152],[121.955,29.143],[121.958,29.12]]]}},{"type":"Feature","properties":{},"geometry":{"type":"Polygon","coordinates":[[[121.563,22.045],[121.581,22.032],[121.589,22.024],[121.588,22.014],[121.567,22.008],[121.539,22.018],[121.513,22.035],[121.498,22.048],[121.503,22.058],[121.503,22.067],[121.499,22.075],[121.492,22.082],[121.567,22.082],[121.567,22.076],[121.565,22.072],[121.561,22.064],[121.56,22.054],[121.563,22.045]]]}},{"type":"Feature","properties":{},"geometry":{"type":"Polygon","coordinates":[[[130.22,30.472],[130.243,30.464],[130.262,30.447],[130.262,30.435],[130.241,30.435],[130.232,30.424],[130.212,30.421],[130.193,30.44],[130.194,30.452],[130.19,30.461],[130.173,30.454],[130.163,30.469],[130.152,30.478],[130.142,30.489],[130.165,30.49],[130.191,30.476],[130.202,30.482],[130.22,30.472]]]}},{"type":"Feature","properties":{},"geometry":{"type":"Polygon","coordinates":[[[129.944,29.965],[129.945,29.962],[129.948,29.959],[129.941,29.953],[129.924,29.958],[129.913,29.961],[129.903,29.971],[129.901,29.973],[129.9,29.976],[129.901,29.981],[129.904,29.984],[129.912,29.992],[129.909,29.999],[129.913,30.0],[129.922,30.005],[129.927,29.993],[129.934,29.982],[129.944,29.965]]]}},{"type":"Feature","properties":{},"geometry":{"type":"Polygon","coordinates":[[[116.996,23.564],[117.005,23.563],[117.009,23.555],[117.004,23.546],[116.996,23.539],[116.993,23.534],[116.988,23.524],[116.971,23.515],[116.951,23.517],[116.937,23.526],[116.936,23.536],[116.947,23.539],[116.958,23.545],[116.968,23.554],[116.974,23.559],[116.979,23.559],[116.986,23.56],[116.996,23.564]]]}},{"type":"Feature","properties":{},"geometry":{"type":"Polygon","coordinates":[[[120.327,26.94],[120.319,26.949],[120.32,26.958],[120.322,26.962],[120.326,26.962],[120.337,26.97],[120.345,26.972],[120.351,26.971],[120.355,26.969],[120.358,26.966],[120.363,26.963],[120.369,26.956],[120.374,26.944],[120.378,26.94],[120.384,26.938],[120.386,26.935],[120.353,26.924],[120.327,26.94]]]}},{"type":"Feature","properties":{},"geometry":{"type":"Polygon","coordinates":[[[121.049,27.951],[121.045,27.952],[121.04,27.958],[121.045,27.967],[121.065,27.981],[121.07,27.983],[121.076,27.981],[121.081,27.981],[121.111,27.984],[121.127,27.977],[121.14,27.966],[121.139,27.957],[121.126,27.951],[121.103,27.946],[121.093,27.948],[121.083,27.955],[121.072,27.957],[121.049,27.951]]]}},{"type":"Feature","properties":{},"geometry":{"type":"Polygon","coordinates":[[[121.877,20.77],[121.868,20.744],[121.852,20.719],[121.83,20.699],[121.803,20.691],[121.786,20.703],[121.791,20.73],[121.805,20.759],[121.824,20.787],[121.838,20.82],[121.846,20.831],[121.856,20.838],[121.866,20.838],[121.875,20.828],[121.879,20.814],[121.881,20.799],[121.88,20.784],[121.877,20.77]]]}},{"type":"Feature","properties":{},"geometry":{"type":"Polygon","coordinates":[[[119.534,23.497],[119.525,23.491],[119.523,23.491],[119.522,23.49],[119.52,23.49],[119.514,23.488],[119.506,23.484],[119.505,23.485],[119.501,23.486],[119.5,23.492],[119.5,23.493],[119.502,23.494],[119.509,23.492],[119.511,23.493],[119.514,23.495],[119.516,23.495],[119.524,23.499],[119.534,23.497]]]}},{"type":"Feature","properties":{},"geometry":{"type":"Polygon","coordinates":[[[120.481,26.368],[120.477,26.37],[120.481,26.376],[120.479,26.381],[120.483,26.383],[120.491,26.389],[120.501,26.384],[120.503,26.379],[120.508,26.376],[120.503,26.374],[120.501,26.375],[120.499,26.376],[120.496,26.374],[120.494,26.371],[120.49,26.364],[120.488,26.366],[120.484,26.367],[120.481,26.368]]]}},{"type":"Feature","properties":{},"geometry":{"type":"Polygon","coordinates":[[[120.029,26.503],[120.032,26.509],[120.033,26.513],[120.032,26.515],[120.032,26.519],[120.035,26.521],[120.041,26.522],[120.053,26.522],[120.057,26.525],[120.062,26.524],[120.065,26.517],[120.061,26.501],[120.055,26.498],[120.047,26.499],[120.035,26.493],[120.031,26.494],[120.028,26.496],[120.029,26.503]]]}},{"type":"Feature","properties":{},"geometry":{"type":"Polygon","coordinates":[[[120.129,26.556],[120.117,26.565],[120.116,26.57],[120.134,26.582],[120.15,26.606],[120.154,26.605],[120.159,26.604],[120.162,26.602],[120.164,26.599],[120.165,26.594],[120.165,26.589],[120.163,26.586],[120.161,26.577],[120.158,26.576],[120.153,26.575],[120.147,26.572],[120.132,26.556],[120.129,26.556]]]}},{"type":"Feature","properties":{},"geometry":{"type":"Polygon","coordinates":[[[119.924,26.679],[119.911,26.682],[119.904,26.686],[119.906,26.692],[119.92,26.693],[119.927,26.692],[119.939,26.697],[119.944,26.695],[119.942,26.691],[119.939,26.685],[119.937,26.681],[119.936,26.677],[119.941,26.67],[119.942,26.663],[119.932,26.67],[119.926,26.669],[119.926,26.674],[119.924,26.679]]]}},{"type":"Feature","properties":{},"geometry":{"type":"Polygon","coordinates":[[[129.258,28.036],[129.266,28.035],[129.269,28.032],[129.268,28.017],[129.265,28.012],[129.26,28.006],[129.243,28.019],[129.233,28.022],[129.215,28.022],[129.212,28.023],[129.207,28.032],[129.208,28.042],[129.212,28.049],[129.216,28.051],[129.224,28.046],[129.23,28.039],[129.236,28.035],[129.258,28.036]]]}},{"type":"Feature","properties":{},"geometry":{"type":"Polygon","coordinates":[[[122.343,29.88],[122.342,29.876],[122.336,29.872],[122.335,29.869],[122.336,29.867],[122.33,29.863],[122.304,29.856],[122.295,29.857],[122.284,29.863],[122.284,29.87],[122.288,29.878],[122.292,29.883],[122.299,29.885],[122.305,29.883],[122.318,29.882],[122.334,29.885],[122.339,29.883],[122.343,29.88]]]}},{"type":"Feature","properties":{},"geometry":{"type":"Polygon","coordinates":[[[121.915,30.089],[121.911,30.09],[121.908,30.093],[121.908,30.098],[121.914,30.105],[121.931,30.115],[121.941,30.114],[121.952,30.111],[121.956,30.109],[121.955,30.104],[121.953,30.101],[121.95,30.088],[121.941,30.075],[121.932,30.069],[121.928,30.075],[121.927,30.084],[121.92,30.087],[121.915,30.089]]]}},{"type":"Feature","properties":{},"geometry":{"type":"Polygon","coordinates":[[[121.461,22.659],[121.455,22.674],[121.458,22.676],[121.496,22.679],[121.5,22.676],[121.503,22.67],[121.5,22.656],[121.496,22.65],[121.495,22.644],[121.496,22.638],[121.496,22.635],[121.493,22.635],[121.487,22.635],[121.483,22.636],[121.481,22.638],[121.471,22.642],[121.461,22.659]]]}},{"type":"Feature","properties":{},"geometry":{"type":"Polygon","coordinates":[[[122.305,29.817],[122.312,29.795],[122.315,29.784],[122.308,29.776],[122.296,29.779],[122.272,29.792],[122.265,29.798],[122.251,29.806],[122.238,29.824],[122.233,29.828],[122.232,29.836],[122.248,29.846],[122.271,29.847],[122.284,29.843],[122.312,29.829],[122.31,29.825],[122.305,29.817]]]}},{"type":"Feature","properties":{},"geometry":{"type":"Polygon","coordinates":[[[120.348,22.321],[120.345,22.332],[120.35,22.341],[120.361,22.354],[120.369,22.354],[120.371,22.355],[120.372,22.354],[120.373,22.354],[120.374,22.352],[120.379,22.345],[120.377,22.343],[120.378,22.342],[120.367,22.335],[120.366,22.334],[120.36,22.33],[120.348,22.32],[120.348,22.321]]]}},{"type":"Feature","properties":{},"geometry":{"type":"Polygon","coordinates":[[[121.762,31.374],[121.774,31.359],[121.782,31.342],[121.78,31.325],[121.766,31.321],[121.752,31.331],[121.72,31.358],[121.599,31.429],[121.584,31.441],[121.591,31.446],[121.603,31.444],[121.618,31.444],[121.691,31.419],[121.726,31.403],[121.746,31.388],[121.762,31.374]]]}},{"type":"Feature","properties":{},"geometry":{"type":"Polygon","coordinates":[[[131.255,25.875],[131.277,25.858],[131.271,25.854],[131.264,25.846],[131.259,25.837],[131.257,25.827],[131.252,25.819],[131.241,25.819],[131.231,25.822],[131.212,25.829],[131.213,25.841],[131.221,25.856],[131.236,25.872],[131.241,25.876],[131.247,25.877],[131.255,25.875]]]}},{"type":"Feature","properties":{},"geometry":{"type":"Polygon","coordinates":[[[128.454,27.048],[128.455,27.029],[128.449,27.021],[128.431,27.022],[128.411,27.031],[128.406,27.035],[128.402,27.037],[128.396,27.041],[128.396,27.049],[128.402,27.051],[128.409,27.051],[128.416,27.06],[128.429,27.066],[128.444,27.063],[128.452,27.054],[128.454,27.048]]]}},{"type":"Feature","properties":{},"geometry":{"type":"Polygon","coordinates":[[[129.946,30.845],[129.958,30.837],[129.96,30.829],[129.95,30.819],[129.939,30.813],[129.928,30.813],[129.912,30.82],[129.91,30.822],[129.91,30.826],[129.904,30.834],[129.908,30.838],[129.916,30.842],[129.926,30.85],[129.932,30.852],[129.94,30.849],[129.946,30.845]]]}},{"type":"Feature","properties":{},"geometry":{"type":"Polygon","coordinates":[[[121.074,27.479],[121.083,27.473],[121.094,27.467],[121.103,27.46],[121.103,27.452],[121.093,27.453],[121.075,27.457],[121.066,27.455],[121.069,27.447],[121.077,27.438],[121.067,27.437],[121.059,27.444],[121.05,27.456],[121.046,27.465],[121.053,27.473],[121.074,27.479]]]}},{"type":"Feature","properties":{},"geometry":{"type":"Polygon","coordinates":[[[119.613,23.75],[119.611,23.744],[119.603,23.739],[119.595,23.731],[119.594,23.727],[119.594,23.729],[119.593,23.729],[119.589,23.738],[119.59,23.74],[119.588,23.743],[119.595,23.748],[119.599,23.755],[119.601,23.758],[119.603,23.756],[119.603,23.755],[119.613,23.75]]]}},{"type":"Feature","properties":{},"geometry":{"type":"Polygon","coordinates":[[[119.933,26.16],[119.937,26.158],[119.954,26.167],[119.964,26.167],[119.964,26.161],[119.953,26.15],[119.933,26.14],[119.926,26.139],[119.917,26.145],[119.914,26.153],[119.916,26.162],[119.92,26.169],[119.924,26.17],[119.923,26.165],[119.925,26.163],[119.933,26.16]]]}},{"type":"Feature","properties":{},"geometry":{"type":"Polygon","coordinates":[[[122.264,29.694],[122.272,29.691],[122.275,29.683],[122.272,29.683],[122.249,29.692],[122.24,29.687],[122.208,29.706],[122.205,29.711],[122.204,29.715],[122.205,29.719],[122.21,29.72],[122.217,29.719],[122.223,29.713],[122.229,29.707],[122.252,29.696],[122.264,29.694]]]}},{"type":"Feature","properties":{},"geometry":{"type":"Polygon","coordinates":[[[129.894,29.875],[129.897,29.847],[129.927,29.826],[129.922,29.823],[129.92,29.82],[129.863,29.825],[129.852,29.839],[129.84,29.85],[129.833,29.873],[129.851,29.887],[129.875,29.878],[129.88,29.879],[129.884,29.879],[129.889,29.878],[129.894,29.875]]]}},{"type":"Feature","properties":{},"geometry":{"type":"Polygon","coordinates":[[[114.307,22.057],[114.305,22.05],[114.303,22.045],[114.222,22.022],[114.207,22.026],[114.217,22.032],[114.272,22.051],[114.283,22.053],[114.293,22.058],[114.295,22.063],[114.299,22.067],[114.304,22.069],[114.31,22.069],[114.309,22.063],[114.307,22.057]]]}},{"type":"Feature","properties":{},"geometry":{"type":"Polygon","coordinates":[[[125.203,24.846],[125.211,24.837],[125.217,24.817],[125.205,24.805],[125.168,24.801],[125.151,24.804],[125.14,24.816],[125.141,24.829],[125.15,24.832],[125.158,24.834],[125.16,24.844],[125.164,24.855],[125.177,24.856],[125.195,24.85],[125.203,24.846]]]}},{"type":"Feature","properties":{},"geometry":{"type":"Polygon","coordinates":[[[127.37,26.215],[127.371,26.21],[127.371,26.203],[127.368,26.191],[127.364,26.178],[127.361,26.164],[127.354,26.154],[127.345,26.158],[127.343,26.17],[127.342,26.18],[127.343,26.186],[127.346,26.206],[127.354,26.219],[127.364,26.221],[127.37,26.215]]]}},{"type":"Feature","properties":{},"geometry":{"type":"Polygon","coordinates":[[[119.612,23.253],[119.612,23.252],[119.614,23.249],[119.61,23.248],[119.609,23.248],[119.606,23.248],[119.605,23.248],[119.604,23.248],[119.6,23.253],[119.602,23.253],[119.601,23.255],[119.608,23.255],[119.609,23.256],[119.611,23.256],[119.612,23.253]]]}},{"type":"Feature","properties":{},"geometry":{"type":"Polygon","coordinates":[[[118.256,24.448],[118.263,24.442],[118.263,24.431],[118.257,24.424],[118.251,24.423],[118.247,24.419],[118.245,24.415],[118.24,24.413],[118.22,24.408],[118.209,24.412],[118.228,24.446],[118.233,24.451],[118.241,24.453],[118.249,24.453],[118.256,24.448]]]}},{"type":"Feature","properties":{},"geometry":{"type":"Polygon","coordinates":[[[121.838,31.375],[121.854,31.373],[121.868,31.366],[121.878,31.354],[121.882,31.337],[121.877,31.32],[121.866,31.304],[121.851,31.294],[121.835,31.293],[121.823,31.302],[121.813,31.321],[121.794,31.369],[121.804,31.375],[121.838,31.375]]]}},{"type":"Feature","properties":{},"geometry":{"type":"Polygon","coordinates":[[[121.211,19.177],[121.22,19.172],[121.226,19.166],[121.23,19.159],[121.239,19.118],[121.252,19.081],[121.259,19.046],[121.245,19.018],[121.209,19.05],[121.197,19.065],[121.19,19.087],[121.192,19.112],[121.208,19.154],[121.211,19.177]]]}},{"type":"Feature","properties":{},"geometry":{"type":"Polygon","coordinates":[[[123.966,24.326],[123.958,24.327],[123.954,24.329],[123.964,24.334],[123.966,24.341],[123.969,24.347],[123.981,24.347],[123.998,24.33],[123.999,24.322],[123.992,24.32],[123.986,24.323],[123.98,24.325],[123.972,24.325],[123.966,24.326]]]}},{"type":"Feature","properties":{},"geometry":{"type":"Polygon","coordinates":[[[121.954,24.846],[121.956,24.844],[121.954,24.836],[121.939,24.837],[121.934,24.839],[121.932,24.841],[121.927,24.849],[121.931,24.847],[121.94,24.852],[121.941,24.853],[121.942,24.853],[121.943,24.853],[121.95,24.852],[121.954,24.846]]]}},{"type":"Feature","properties":{},"geometry":{"type":"Polygon","coordinates":[[[129.151,28.048],[129.161,28.062],[129.168,28.066],[129.172,28.063],[129.171,28.058],[129.174,28.053],[129.169,28.042],[129.168,28.033],[129.164,28.025],[129.158,28.019],[129.15,28.015],[129.147,28.015],[129.145,28.031],[129.151,28.048]]]}},{"type":"Feature","properties":{},"geometry":{"type":"Polygon","coordinates":[[[122.059,30.587],[122.053,30.589],[122.05,30.592],[122.065,30.592],[122.069,30.595],[122.072,30.597],[122.082,30.595],[122.088,30.597],[122.085,30.593],[122.077,30.59],[122.081,30.584],[122.072,30.576],[122.065,30.587],[122.059,30.587]]]}},{"type":"Feature","properties":{},"geometry":{"type":"Polygon","coordinates":[[[129.454,31.2],[129.449,31.188],[129.449,31.184],[129.452,31.181],[129.445,31.178],[129.437,31.174],[129.436,31.179],[129.441,31.186],[129.444,31.187],[129.445,31.19],[129.444,31.193],[129.445,31.195],[129.446,31.2],[129.454,31.2]]]}},{"type":"Feature","properties":{},"geometry":{"type":"Polygon","coordinates":[[[123.003,24.474],[123.016,24.47],[123.018,24.459],[123.011,24.448],[122.998,24.44],[122.988,24.443],[122.948,24.44],[122.939,24.444],[122.938,24.455],[122.945,24.466],[122.956,24.473],[122.968,24.471],[123.003,24.474]]]}},{"type":"Feature","properties":{},"geometry":{"type":"Polygon","coordinates":[[[121.972,29.945],[121.987,29.93],[121.993,29.919],[121.992,29.908],[121.974,29.9],[121.946,29.904],[121.934,29.921],[121.941,29.938],[121.952,29.948],[121.96,29.953],[121.966,29.952],[121.97,29.947],[121.972,29.945]]]}},{"type":"Feature","properties":{},"geometry":{"type":"Polygon","coordinates":[[[119.573,23.628],[119.569,23.64],[119.562,23.65],[119.545,23.665],[119.566,23.679],[119.579,23.673],[119.591,23.664],[119.596,23.653],[119.587,23.645],[119.591,23.633],[119.585,23.625],[119.577,23.623],[119.573,23.628]]]}},{"type":"Feature","properties":{},"geometry":{"type":"Polygon","coordinates":[[[119.311,23.398],[119.309,23.4],[119.306,23.402],[119.31,23.409],[119.311,23.41],[119.312,23.411],[119.314,23.41],[119.316,23.41],[119.321,23.409],[119.32,23.407],[119.321,23.403],[119.319,23.4],[119.311,23.398]]]}},{"type":"Feature","properties":{},"geometry":{"type":"Polygon","coordinates":[[[127.946,26.952],[127.956,26.941],[127.953,26.923],[127.953,26.914],[127.948,26.911],[127.937,26.913],[127.926,26.917],[127.92,26.922],[127.918,26.925],[127.921,26.935],[127.919,26.942],[127.926,26.951],[127.946,26.952]]]}},{"type":"Feature","properties":{},"geometry":{"type":"Polygon","coordinates":[[[121.969,29.795],[121.977,29.805],[122.016,29.824],[122.024,29.825],[122.03,29.816],[122.029,29.806],[122.006,29.777],[121.994,29.769],[121.974,29.771],[121.968,29.774],[121.967,29.777],[121.969,29.78],[121.969,29.795]]]}},{"type":"Feature","properties":{},"geometry":{"type":"Polygon","coordinates":[[[122.052,29.962],[122.054,29.953],[122.038,29.935],[122.032,29.941],[122.027,29.944],[122.025,29.954],[122.029,29.96],[122.033,29.959],[122.034,29.961],[122.035,29.964],[122.039,29.964],[122.04,29.966],[122.052,29.962]]]}},{"type":"Feature","properties":{},"geometry":{"type":"Polygon","coordinates":[[[130.4,30.812],[130.408,30.81],[130.409,30.814],[130.419,30.816],[130.426,30.819],[130.436,30.813],[130.442,30.812],[130.447,30.804],[130.444,30.8],[130.42,30.808],[130.41,30.808],[130.403,30.806],[130.4,30.812]]]}},{"type":"Feature","properties":{},"geometry":{"type":"Polygon","coordinates":[[[122.676,30.844],[122.667,30.848],[122.665,30.853],[122.669,30.852],[122.67,30.859],[122.677,30.86],[122.683,30.854],[122.69,30.854],[122.698,30.854],[122.694,30.849],[122.69,30.842],[122.683,30.841],[122.676,30.844]]]}},{"type":"Feature","properties":{},"geometry":{"type":"Polygon","coordinates":[[[121.842,20.346],[121.859,20.347],[121.879,20.333],[121.893,20.314],[121.892,20.297],[121.869,20.276],[121.862,20.274],[121.851,20.273],[121.839,20.321],[121.838,20.334],[121.838,20.341],[121.842,20.346]]]}},{"type":"Feature","properties":{},"geometry":{"type":"Polygon","coordinates":[[[129.592,29.45],[129.587,29.458],[129.591,29.468],[129.598,29.472],[129.601,29.471],[129.604,29.47],[129.608,29.469],[129.611,29.466],[129.615,29.455],[129.612,29.443],[129.6,29.443],[129.592,29.45]]]}},{"type":"Feature","properties":{},"geometry":{"type":"Polygon","coordinates":[[[120.022,23.452],[120.075,23.501],[120.115,23.548],[120.125,23.55],[120.09,23.499],[120.073,23.484],[120.062,23.471],[120.048,23.458],[120.037,23.451],[120.02,23.438],[120.008,23.433],[120.022,23.452]]]}},{"type":"Feature","properties":{},"geometry":{"type":"Polygon","coordinates":[[[119.683,25.638],[119.677,25.636],[119.671,25.64],[119.665,25.644],[119.67,25.653],[119.677,25.656],[119.681,25.652],[119.717,25.664],[119.719,25.657],[119.719,25.646],[119.715,25.64],[119.683,25.638]]]}},{"type":"Feature","properties":{},"geometry":{"type":"Polygon","coordinates":[[[129.22,29.127],[129.21,29.134],[129.202,29.138],[129.193,29.147],[129.196,29.159],[129.204,29.158],[129.22,29.157],[129.219,29.149],[129.217,29.145],[129.219,29.142],[129.218,29.135],[129.22,29.127]]]}},{"type":"Feature","properties":{},"geometry":{"type":"Polygon","coordinates":[[[130.858,30.767],[130.861,30.752],[130.865,30.748],[130.855,30.726],[130.848,30.727],[130.842,30.727],[130.838,30.727],[130.839,30.737],[130.842,30.745],[130.841,30.751],[130.851,30.761],[130.858,30.767]]]}},{"type":"Feature","properties":{},"geometry":{"type":"Polygon","coordinates":[[[130.03,28.373],[130.031,28.357],[130.021,28.331],[130.008,28.307],[129.995,28.291],[129.978,28.284],[129.957,28.285],[129.914,28.297],[129.976,28.343],[130.018,28.365],[130.03,28.373]]]}},{"type":"Feature","properties":{},"geometry":{"type":"Polygon","coordinates":[[[119.627,26.108],[119.639,26.089],[119.644,26.078],[119.639,26.071],[119.62,26.064],[119.565,26.08],[119.554,26.096],[119.575,26.12],[119.599,26.128],[119.613,26.121],[119.627,26.108]]]}},{"type":"Feature","properties":{},"geometry":{"type":"Polygon","coordinates":[[[114.105,22.326],[114.089,22.322],[114.087,22.339],[114.079,22.35],[114.079,22.356],[114.085,22.359],[114.094,22.356],[114.103,22.353],[114.106,22.347],[114.109,22.34],[114.105,22.326]]]}},{"type":"Feature","properties":{},"geometry":{"type":"Polygon","coordinates":[[[114.289,22.556],[114.298,22.55],[114.309,22.554],[114.316,22.552],[114.304,22.548],[114.299,22.548],[114.295,22.548],[114.301,22.535],[114.289,22.541],[114.286,22.547],[114.289,22.556]]]}},{"type":"Feature","properties":{},"geometry":{"type":"Polygon","coordinates":[[[119.426,23.222],[119.436,23.22],[119.437,23.212],[119.436,23.207],[119.431,23.203],[119.425,23.195],[119.418,23.192],[119.413,23.197],[119.408,23.213],[119.411,23.218],[119.426,23.222]]]}},{"type":"Feature","properties":{},"geometry":{"type":"Polygon","coordinates":[[[119.661,23.263],[119.669,23.263],[119.668,23.26],[119.669,23.259],[119.665,23.254],[119.662,23.247],[119.66,23.252],[119.658,23.257],[119.659,23.263],[119.659,23.264],[119.661,23.263]]]}},{"type":"Feature","properties":{},"geometry":{"type":"Polygon","coordinates":[[[119.521,23.374],[119.527,23.375],[119.533,23.372],[119.532,23.368],[119.529,23.367],[119.526,23.367],[119.514,23.361],[119.513,23.362],[119.514,23.367],[119.518,23.372],[119.521,23.374]]]}},{"type":"Feature","properties":{},"geometry":{"type":"Polygon","coordinates":[[[123.994,24.236],[123.997,24.247],[124.006,24.246],[124.013,24.242],[124.021,24.241],[124.029,24.234],[124.025,24.221],[124.014,24.214],[124.004,24.215],[123.998,24.222],[123.994,24.236]]]}},{"type":"Feature","properties":{},"geometry":{"type":"Polygon","coordinates":[[[124.705,24.669],[124.72,24.661],[124.726,24.647],[124.717,24.635],[124.708,24.631],[124.702,24.63],[124.691,24.631],[124.679,24.637],[124.676,24.652],[124.689,24.667],[124.705,24.669]]]}},{"type":"Feature","properties":{},"geometry":{"type":"Polygon","coordinates":[[[127.989,26.375],[127.994,26.373],[127.995,26.367],[127.989,26.358],[127.978,26.355],[127.968,26.36],[127.973,26.376],[127.978,26.38],[127.987,26.384],[127.99,26.38],[127.989,26.375]]]}},{"type":"Feature","properties":{},"geometry":{"type":"Polygon","coordinates":[[[131.29,25.951],[131.302,25.953],[131.321,25.948],[131.328,25.937],[131.322,25.927],[131.317,25.923],[131.31,25.923],[131.302,25.927],[131.291,25.939],[131.29,25.951]]]}},{"type":"Feature","properties":{},"geometry":{"type":"Polygon","coordinates":[[[127.222,26.599],[127.233,26.601],[127.242,26.597],[127.244,26.586],[127.237,26.579],[127.227,26.58],[127.215,26.577],[127.209,26.582],[127.215,26.593],[127.222,26.599]]]}},{"type":"Feature","properties":{},"geometry":{"type":"Polygon","coordinates":[[[129.528,29.902],[129.529,29.909],[129.535,29.91],[129.543,29.908],[129.55,29.904],[129.554,29.898],[129.552,29.894],[129.54,29.89],[129.533,29.893],[129.528,29.902]]]}},{"type":"Feature","properties":{},"geometry":{"type":"Polygon","coordinates":[[[114.296,22.254],[114.296,22.248],[114.299,22.243],[114.295,22.237],[114.288,22.233],[114.285,22.238],[114.281,22.239],[114.283,22.25],[114.283,22.249],[114.296,22.254]]]}},{"type":"Feature","properties":{},"geometry":{"type":"Polygon","coordinates":[[[114.329,22.343],[114.308,22.343],[114.305,22.346],[114.305,22.359],[114.303,22.365],[114.311,22.376],[114.316,22.376],[114.32,22.359],[114.329,22.35],[114.329,22.343]]]}},{"type":"Feature","properties":{},"geometry":{"type":"Polygon","coordinates":[[[120.038,23.06],[120.046,23.052],[120.046,23.049],[120.043,23.045],[120.035,23.052],[120.028,23.066],[120.029,23.071],[120.032,23.071],[120.035,23.067],[120.038,23.06]]]}},{"type":"Feature","properties":{},"geometry":{"type":"Polygon","coordinates":[[[119.652,23.266],[119.652,23.263],[119.653,23.263],[119.653,23.261],[119.651,23.262],[119.649,23.262],[119.649,23.263],[119.648,23.263],[119.649,23.263],[119.652,23.266]]]}},{"type":"Feature","properties":{},"geometry":{"type":"Polygon","coordinates":[[[120.105,23.311],[120.099,23.307],[120.097,23.31],[120.106,23.321],[120.11,23.329],[120.114,23.335],[120.116,23.333],[120.117,23.329],[120.111,23.322],[120.105,23.311]]]}},{"type":"Feature","properties":{},"geometry":{"type":"Polygon","coordinates":[[[118.327,24.543],[118.301,24.557],[118.298,24.561],[118.301,24.565],[118.307,24.567],[118.324,24.569],[118.334,24.564],[118.335,24.556],[118.333,24.548],[118.327,24.543]]]}},{"type":"Feature","properties":{},"geometry":{"type":"Polygon","coordinates":[[[127.995,27.092],[128.001,27.092],[127.993,27.067],[127.976,27.04],[127.952,27.018],[127.926,27.01],[127.936,27.025],[127.987,27.079],[127.995,27.092]]]}},{"type":"Feature","properties":{},"geometry":{"type":"Polygon","coordinates":[[[114.249,22.177],[114.243,22.176],[114.243,22.184],[114.243,22.185],[114.248,22.185],[114.254,22.187],[114.256,22.182],[114.251,22.177],[114.249,22.177]]]}},{"type":"Feature","properties":{},"geometry":{"type":"Polygon","coordinates":[[[114.022,22.207],[114.027,22.205],[114.035,22.205],[114.031,22.196],[114.027,22.199],[114.016,22.192],[114.015,22.198],[114.022,22.203],[114.022,22.207]]]}},{"type":"Feature","properties":{},"geometry":{"type":"Polygon","coordinates":[[[114.134,22.32],[114.141,22.316],[114.145,22.317],[114.147,22.314],[114.141,22.311],[114.137,22.314],[114.13,22.315],[114.129,22.316],[114.134,22.32]]]}},{"type":"Feature","properties":{},"geometry":{"type":"Polygon","coordinates":[[[123.782,24.039],[123.76,24.045],[123.758,24.054],[123.767,24.06],[123.783,24.062],[123.803,24.061],[123.807,24.051],[123.795,24.041],[123.782,24.039]]]}},{"type":"Feature","properties":{},"geometry":{"type":"Polygon","coordinates":[[[124.097,24.309],[124.09,24.305],[124.082,24.31],[124.079,24.319],[124.083,24.328],[124.092,24.329],[124.101,24.32],[124.102,24.315],[124.097,24.309]]]}},{"type":"Feature","properties":{},"geometry":{"type":"Polygon","coordinates":[[[119.985,25.965],[119.986,25.968],[119.99,25.969],[119.989,25.961],[119.982,25.954],[119.975,25.952],[119.967,25.947],[119.976,25.967],[119.985,25.965]]]}},{"type":"Feature","properties":{},"geometry":{"type":"Polygon","coordinates":[[[127.941,26.262],[127.945,26.261],[127.946,26.252],[127.939,26.24],[127.935,26.244],[127.933,26.251],[127.934,26.252],[127.937,26.257],[127.941,26.262]]]}},{"type":"Feature","properties":{},"geometry":{"type":"Polygon","coordinates":[[[120.312,26.931],[120.298,26.929],[120.285,26.934],[120.292,26.939],[120.303,26.942],[120.309,26.94],[120.313,26.938],[120.315,26.936],[120.312,26.931]]]}},{"type":"Feature","properties":{},"geometry":{"type":"Polygon","coordinates":[[[128.353,32.0],[128.351,31.997],[128.355,31.989],[128.349,31.99],[128.346,31.986],[128.344,31.991],[128.346,31.995],[128.347,32.0],[128.353,32.0]]]}},{"type":"Feature","properties":{},"geometry":{"type":"Polygon","coordinates":[[[129.715,29.655],[129.746,29.661],[129.754,29.645],[129.744,29.622],[129.721,29.606],[129.713,29.629],[129.711,29.643],[129.715,29.655]]]}},{"type":"Feature","properties":{},"geometry":{"type":"Polygon","coordinates":[[[127.81,26.735],[127.811,26.707],[127.786,26.703],[127.759,26.713],[127.755,26.729],[127.769,26.734],[127.796,26.732],[127.81,26.735]]]}},{"type":"Feature","properties":{},"geometry":{"type":"Polygon","coordinates":[[[121.507,19.451],[121.514,19.437],[121.516,19.432],[121.514,19.425],[121.511,19.425],[121.505,19.432],[121.503,19.438],[121.507,19.451]]]}},{"type":"Feature","properties":{},"geometry":{"type":"Polygon","coordinates":[[[121.797,20.32],[121.808,20.338],[121.816,20.317],[121.81,20.309],[121.809,20.302],[121.804,20.3],[121.797,20.308],[121.797,20.32]]]}},{"type":"Feature","properties":{},"geometry":{"type":"Polygon","coordinates":[[[114.264,22.162],[114.256,22.155],[114.251,22.162],[114.256,22.172],[114.266,22.179],[114.269,22.172],[114.269,22.165],[114.264,22.162]]]}},{"type":"Feature","properties":{},"geometry":{"type":"Polygon","coordinates":[[[114.317,22.518],[114.312,22.513],[114.3,22.506],[114.294,22.513],[114.299,22.516],[114.303,22.514],[114.309,22.526],[114.317,22.518]]]}},{"type":"Feature","properties":{},"geometry":{"type":"Polygon","coordinates":[[[120.049,23.15],[120.048,23.145],[120.037,23.121],[120.036,23.121],[120.051,23.168],[120.052,23.168],[120.054,23.168],[120.049,23.15]]]}},{"type":"Feature","properties":{},"geometry":{"type":"Polygon","coordinates":[[[119.414,23.226],[119.406,23.228],[119.398,23.237],[119.397,23.246],[119.402,23.249],[119.414,23.248],[119.421,23.237],[119.414,23.226]]]}},{"type":"Feature","properties":{},"geometry":{"type":"Polygon","coordinates":[[[124.696,24.755],[124.7,24.75],[124.704,24.748],[124.708,24.737],[124.697,24.741],[124.689,24.745],[124.687,24.755],[124.696,24.755]]]}},{"type":"Feature","properties":{},"geometry":{"type":"Polygon","coordinates":[[[125.246,24.936],[125.253,24.929],[125.257,24.918],[125.253,24.919],[125.251,24.919],[125.251,24.915],[125.238,24.934],[125.246,24.936]]]}},{"type":"Feature","properties":{},"geometry":{"type":"Polygon","coordinates":[[[119.469,24.996],[119.476,24.995],[119.477,24.988],[119.474,24.981],[119.463,24.976],[119.458,24.98],[119.46,24.991],[119.469,24.996]]]}},{"type":"Feature","properties":{},"geometry":{"type":"Polygon","coordinates":[[[122.161,29.99],[122.176,29.978],[122.184,29.968],[122.177,29.96],[122.146,29.974],[122.135,29.975],[122.146,29.98],[122.161,29.99]]]}},{"type":"Feature","properties":{},"geometry":{"type":"Polygon","coordinates":[[[122.67,30.204],[122.675,30.21],[122.685,30.204],[122.688,30.198],[122.685,30.182],[122.683,30.191],[122.676,30.194],[122.67,30.204]]]}},{"type":"Feature","properties":{},"geometry":{"type":"Polygon","coordinates":[[[122.649,30.196],[122.648,30.186],[122.638,30.201],[122.633,30.207],[122.632,30.211],[122.642,30.214],[122.646,30.209],[122.649,30.196]]]}},{"type":"Feature","properties":{},"geometry":{"type":"Polygon","coordinates":[[[122.268,30.517],[122.263,30.514],[122.252,30.516],[122.257,30.526],[122.264,30.53],[122.269,30.525],[122.268,30.522],[122.268,30.517]]]}},{"type":"Feature","properties":{},"geometry":{"type":"Polygon","coordinates":[[[128.237,27.867],[128.239,27.861],[128.243,27.857],[128.242,27.845],[128.232,27.853],[128.23,27.869],[128.237,27.867]]]}},{"type":"Feature","properties":{},"geometry":{"type":"Polygon","coordinates":[[[123.545,25.762],[123.529,25.762],[123.511,25.758],[123.514,25.769],[123.531,25.773],[123.537,25.773],[123.545,25.762]]]}},{"type":"Feature","properties":{},"geometry":{"type":"Polygon","coordinates":[[[123.676,25.918],[123.673,25.927],[123.679,25.931],[123.685,25.925],[123.686,25.923],[123.683,25.92],[123.676,25.918]]]}},{"type":"Feature","properties":{},"geometry":{"type":"Polygon","coordinates":[[[114.156,22.232],[114.152,22.231],[114.144,22.236],[114.142,22.241],[114.142,22.242],[114.156,22.239],[114.156,22.232]]]}},{"type":"Feature","properties":{},"geometry":{"type":"Polygon","coordinates":[[[114.043,22.241],[114.038,22.241],[114.031,22.25],[114.021,22.255],[114.024,22.256],[114.042,22.256],[114.043,22.241]]]}},{"type":"Feature","properties":{},"geometry":{"type":"Polygon","coordinates":[[[114.041,22.291],[114.038,22.286],[114.043,22.286],[114.043,22.282],[114.035,22.279],[114.035,22.289],[114.041,22.291]]]}},{"type":"Feature","properties":{},"geometry":{"type":"Polygon","coordinates":[[[114.062,22.339],[114.056,22.339],[114.055,22.347],[114.058,22.352],[114.066,22.349],[114.063,22.346],[114.062,22.339]]]}},{"type":"Feature","properties":{},"geometry":{"type":"Polygon","coordinates":[[[114.296,22.362],[114.296,22.349],[114.29,22.353],[114.289,22.365],[114.289,22.369],[114.293,22.371],[114.296,22.362]]]}},{"type":"Feature","properties":{},"geometry":{"type":"Polygon","coordinates":[[[120.12,23.366],[120.114,23.355],[120.11,23.351],[120.111,23.358],[120.119,23.371],[120.122,23.372],[120.12,23.366]]]}},{"type":"Feature","properties":{},"geometry":{"type":"Polygon","coordinates":[[[120.126,23.445],[120.132,23.443],[120.132,23.442],[120.133,23.442],[120.131,23.437],[120.127,23.443],[120.126,23.445]]]}},{"type":"Feature","properties":{},"geometry":{"type":"Polygon","coordinates":[[[122.756,30.144],[122.771,30.141],[122.781,30.132],[122.773,30.128],[122.763,30.128],[122.755,30.141],[122.756,30.144]]]}},{"type":"Feature","properties":{},"geometry":{"type":"Polygon","coordinates":[[[130.159,31.356],[130.165,31.362],[130.169,31.361],[130.166,31.353],[130.162,31.35],[130.159,31.352],[130.159,31.356]]]}},{"type":"Feature","properties":{},"geometry":{"type":"Polygon","coordinates":[[[114.048,22.257],[114.043,22.257],[114.045,22.262],[114.05,22.262],[114.052,22.261],[114.048,22.257]]]}},{"type":"Feature","properties":{},"geometry":{"type":"Polygon","coordinates":[[[114.073,22.28],[114.07,22.28],[114.07,22.286],[114.072,22.286],[114.074,22.284],[114.073,22.28]]]}},{"type":"Feature","properties":{},"geometry":{"type":"Polygon","coordinates":[[[114.37,22.305],[114.369,22.305],[114.364,22.313],[114.366,22.318],[114.37,22.311],[114.37,22.305]]]}},{"type":"Feature","properties":{},"geometry":{"type":"Polygon","coordinates":[[[114.331,22.326],[114.32,22.324],[114.316,22.336],[114.323,22.339],[114.329,22.337],[114.331,22.326]]]}},{"type":"Feature","properties":{},"geometry":{"type":"Polygon","coordinates":[[[114.365,22.474],[114.359,22.466],[114.353,22.481],[114.358,22.487],[114.363,22.486],[114.365,22.474]]]}},{"type":"Feature","properties":{},"geometry":{"type":"Polygon","coordinates":[[[120.061,23.19],[120.06,23.19],[120.074,23.225],[120.076,23.225],[120.077,23.219],[120.061,23.19]]]}},{"type":"Feature","properties":{},"geometry":{"type":"Polygon","coordinates":[[[120.085,23.269],[120.084,23.26],[120.083,23.26],[120.086,23.297],[120.088,23.297],[120.085,23.269]]]}},{"type":"Feature","properties":{},"geometry":{"type":"Polygon","coordinates":[[[119.328,23.319],[119.329,23.319],[119.33,23.317],[119.328,23.317],[119.327,23.319],[119.328,23.319]]]}},{"type":"Feature","properties":{},"geometry":{"type":"Polygon","coordinates":[[[119.314,23.325],[119.315,23.323],[119.313,23.322],[119.313,23.323],[119.312,23.324],[119.314,23.325]]]}},{"type":"Feature","properties":{},"geometry":{"type":"Polygon","coordinates":[[[120.133,23.387],[120.132,23.387],[120.132,23.402],[120.134,23.401],[120.134,23.391],[120.133,23.387]]]}},{"type":"Feature","properties":{},"geometry":{"type":"Polygon","coordinates":[[[120.136,23.416],[120.135,23.415],[120.133,23.422],[120.138,23.421],[120.136,23.415],[120.136,23.416]]]}},{"type":"Feature","properties":{},"geometry":{"type":"Polygon","coordinates":[[[119.929,25.977],[119.942,25.981],[119.952,25.976],[119.945,25.972],[119.937,25.965],[119.929,25.977]]]}},{"type":"Feature","properties":{},"geometry":{"type":"Polygon","coordinates":[[[131.414,31.54],[131.415,31.528],[131.418,31.511],[131.405,31.524],[131.41,31.543],[131.414,31.54]]]}},{"type":"Feature","properties":{},"geometry":{"type":"Polygon","coordinates":[[[121.947,21.116],[121.951,21.122],[121.954,21.118],[121.949,21.107],[121.947,21.116]]]}},{"type":"Feature","properties":{},"geometry":{"type":"Polygon","coordinates":[[[129.428,30.846],[129.431,30.848],[129.434,30.845],[129.429,30.841],[129.428,30.846]]]}},{"type":"Feature","properties":{},"geometry":{"type":"Polygon","coordinates":[[[123.606,25.739],[123.605,25.739],[123.6,25.739],[123.603,25.745],[123.606,25.739]]]}},{"type":"Feature","properties":{},"geometry":{"type":"Polygon","coordinates":[[[124.569,25.896],[124.568,25.894],[124.565,25.896],[124.567,25.898],[124.569,25.896]]]}},{"type":"Feature","properties":{},"geometry":{"type":"Polygon","coordinates":[[[121.603,21.949],[121.598,21.952],[121.601,21.957],[121.606,21.954],[121.603,21.949]]]}},{"type":"Feature","properties":{},"geometry":{"type":"Polygon","coordinates":[[[114.35,22.265],[114.347,22.259],[114.344,22.263],[114.347,22.269],[114.35,22.265]]]}},{"type":"Feature","properties":{},"geometry":{"type":"Polygon","coordinates":[[[114.352,22.313],[114.347,22.31],[114.353,22.322],[114.356,22.322],[114.352,22.313]]]}},{"type":"Feature","properties":{},"geometry":{"type":"Polygon","coordinates":[[[114.426,22.552],[114.428,22.549],[114.433,22.544],[114.423,22.544],[114.426,22.552]]]}},{"type":"Feature","properties":{},"geometry":{"type":"Polygon","coordinates":[[[119.611,23.256],[119.609,23.256],[119.61,23.259],[119.611,23.257],[119.611,23.256]]]}},{"type":"Feature","properties":{},"geometry":{"type":"Polygon","coordinates":[[[119.329,23.32],[119.328,23.32],[119.327,23.325],[119.33,23.323],[119.329,23.32]]]}},{"type":"Feature","properties":{},"geometry":{"type":"Polygon","coordinates":[[[121.937,21.066],[121.93,21.065],[121.935,21.073],[121.937,21.066]]]}},{"type":"Feature","properties":{},"geometry":{"type":"Polygon","coordinates":[[[123.594,25.753],[123.593,25.744],[123.589,25.752],[123.594,25.753]]]}},{"type":"Feature","properties":{},"geometry":{"type":"Polygon","coordinates":[[[123.56,25.757],[123.558,25.754],[123.556,25.758],[123.56,25.757]]]}},{"type":"Feature","properties":{},"geometry":{"type":"Polygon","coordinates":[[[123.595,25.802],[123.595,25.797],[123.592,25.797],[123.595,25.802]]]}},{"type":"Feature","properties":{},"geometry":{"type":"Polygon","coordinates":[[[123.673,25.929],[123.672,25.927],[123.672,25.93],[123.673,25.929]]]}},{"type":"Feature","properties":{},"geometry":{"type":"Polygon","coordinates":[[[114.273,22.276],[114.265,22.27],[114.266,22.279],[114.273,22.276]]]}},{"type":"Feature","properties":{},"geometry":{"type":"Polygon","coordinates":[[[119.497,23.268],[119.502,23.275],[119.504,23.271],[119.497,23.268]]]}},{"type":"Feature","properties":{},"geometry":{"type":"Polygon","coordinates":[[[122.07,25.635],[122.08,25.63],[122.072,25.625],[122.07,25.635]]]}}]}