name,imo,built,class,flag,ofac,fcdo,uani,eu,aso,gac,un,seco,mfat
ABROS,9247388,2004,Handysize/Handymax,Curaçao,2024-10-17,,2024-10-31,,,,,,
ACHILLES,9368223,2008,Aframax,Oman,,2025-02-24,,2025-07-20,2025-06-19,2025-06-13,,2025-08-12,2025-10-30
ADARA,9251884,2004,Handysize/Handymax,Curaçao,2025-10-09,,,,,,,,
"ADELINE G",9234666,2003,VLCC/ULCC,Panama,2025-08-21,,2022-11-01,,,,,,
ADENA,9254862,2003,Panamax,"Hong Kong",2025-09-02,,,,,,,,
ADITYA,9323314,2006,Handysize/Handymax,Cameroon,,2026-02-24,,2025-10-24,,2026-03-25,,2025-12-13,
ADITYA,9203784,2000,Suezmax,Guyana,2024-11-14,,2025-04-30,,,,,,
ADMIRAL,9274446,2004,Suezmax,Russia,2024-01-18,2025-09-12,,,,2025-11-06,,,
AEGIS,9275660,2004,Panamax,Syria,2025-05-13,,2025-03-31,,,,,,
AETHER,9328170,2007,Aframax,Cameroon,2025-07-30,2026-06-16,,2026-04-24,,,,2026-05-22,
"AETHER SAIL",9277371,2003,Handysize/Handymax,Mali,2025-12-18,,,,,,,,
AGATE,9310707,2005,Handysize/Handymax,"Equatorial Guinea",,2025-07-21,,2025-05-21,,2026-03-25,,2025-06-03,
AGNI,9337389,2007,Aframax,Comoros,2024-04-04,2025-07-21,2022-10-03,2025-05-21,,2025-06-13,,2025-06-03,
AGNI,9314167,2007,Panamax,Cameroon,,2024-11-25,,2025-05-21,,2025-02-21,,2025-06-03,
AILANA,9232888,2003,Aframax,"Sierra Leone",,2024-11-25,,2025-07-20,,2025-02-21,,2025-08-12,
"AKADEMIK GUBKIN",9842190,2023,Aframax,Russia,2025-01-10,2025-07-21,,2025-05-21,,2025-11-06,,2025-06-03,
"AKAR WEST",9258167,2003,Handysize/Handymax,Cameroon,,2025-05-09,,2025-07-20,2025-09-17,2025-06-13,,2025-08-12,2026-02-20
AKCENT,9381732,2008,Aframax,Russia,2024-01-18,2025-09-12,,2026-04-24,,2025-11-06,,2026-05-22,
AKHILL,9410870,2008,Aframax,Russia,2024-01-18,2024-11-25,,,,2025-02-21,,,
AKHTY,9435337,2008,Handysize/Handymax,Russia,,2025-10-15,,2025-07-20,,2026-02-19,,2025-08-12,
AKKORD,9259599,2003,Aframax,Russia,2024-01-18,2025-09-12,2022-05-31,,,2025-11-06,,,
"AKOYA GAS",9142150,1997,Handysize/Handymax,Tanzania,2022-09-29,,2022-12-01,,,,,,
AKSEL,9410894,2009,Aframax,Russia,2024-01-18,2024-11-25,2024-09-30,,,2025-02-21,,,
AKTROS,9257814,2003,Aframax,"Sierra Leone",,2025-07-21,,2025-05-21,,2026-03-25,,2025-06-03,
AKVILON,9249087,2005,Suezmax,Russia,2024-01-18,2025-09-12,,,,2025-11-06,,,
ALA,9198094,2000,Aframax,Guyana,2024-11-14,,2021-04-16,,,,,,
ALANA,9172583,1998,Suezmax,"Antigua Barbuda",,,2021-04-16,,,,,,
ALBA,9268112,2003,Aframax,Mozambique,2025-04-30,2025-09-12,2022-04-29,2025-07-20,,2025-11-06,,2025-08-12,
"ALBARRAQ Z",9252943,2003,Panamax,Comoros,2026-01-16,,,,,,,,
"ALBA SUN",9111644,1996,Aframax,Panama,,,2021-04-16,,,,,,
"ALBATROS 1",8817693,1990,Handysize/Handymax,Tanzania,2024-09-11,,2024-09-30,,,,,,
ALBEDO,9213313,2001,Aframax,Barbados,,,2023-06-30,,,,,,
"AL DIAB II",9053816,1996,Handysize/Handymax,Palau,2026-01-23,,2024-09-30,,,,,,
"ALEKSEY KOSYGIN",9904546,2025,Aframax,Russia,2024-06-12,,,,,2026-06-12,,,
ALEXANDRA,9273260,2003,Panamax,"Hong Kong",2025-09-02,,,,,,,,
"ALEXEY SAVRASOV",9645061,2013,Handysize/Handymax,Russia,,,,2025-10-24,,2026-03-25,,2025-12-13,
ALICIA,9281695,2005,VLCC/ULCC,Curaçao,2025-03-20,,2023-03-01,,,,,,
ALIZA,9239989,2004,Handysize/Handymax,Curaçao,2025-10-09,,,,,,,,
"AL JAFZIA",9171498,1999,Handysize/Handymax,Nicaragua,2025-04-10,,2023-06-30,,,,,,
ALMOND,9385142,2009,Handysize/Handymax,Russia,2025-01-10,2025-07-21,,2025-05-21,,2025-11-06,,2025-06-03,
"AL SALMI",9298296,2005,Panamax,Panama,,,2025-04-30,,,,,,
"AL SIDDEEQ",9312509,2007,VLCC/ULCC,Panama,2025-11-20,,2025-08-24,,,,,,
"ALTARIS WOLF",9237412,2004,Aframax,Malawi,2025-03-13,2026-02-24,2024-04-30,2025-12-19,,,,2026-01-13,
ALTIS,9265756,2005,Aframax,"Sierra Leone",,2025-05-09,,,2025-09-17,2025-06-13,,,2025-10-30
ALTURA,9292199,2005,Suezmax,"Sierra Leone",,2026-02-24,,2025-10-24,,2026-03-25,,2025-12-13,
ALYSSUM,9314818,2006,Handysize/Handymax,Russia,2024-01-18,2025-09-12,,,,2025-11-06,,,
AMAK,9244635,2002,VLCC/ULCC,Madagascar,2025-02-24,,2021-04-16,,,,,,
AMAZON,9292204,2005,Aframax,Oman,,2024-07-31,,2024-12-17,,2025-02-21,,2024-12-24,2026-02-20
AMBER,9357406,2008,VLCC/ULCC,Iran,2012-12-13,,,,,,2025-09-28,,
AMELL,9257993,2003,Aframax,Gambia,2025-01-10,2025-09-12,2022-02-01,,,2025-11-06,,,
AMEN,9365764,2008,VLCC/ULCC,Botswana,2025-02-24,,2023-03-01,,,,,,
AMIE,9233234,2002,Aframax,Mozambique,2025-04-30,,2021-04-16,,,,,,
AMIL,9308778,2004,Handysize/Handymax,Mozambique,2024-10-11,,2022-01-03,,,,,,
"AMIR GAS",9167409,1998,Handysize/Handymax,"Saint Kitts and Nevis",2026-06-05,,,,,,,,
AMULET,9413547,2009,Aframax,Oman,,2024-10-17,,2024-12-17,,2025-02-21,,2024-12-24,2026-02-20
ANABAR,9194012,2002,Handysize/Handymax,Russia,,,,,,2026-03-25,,2025-12-13,
ANABEL,9246279,2002,VLCC/ULCC,Gambia,2024-12-19,,2020-11-12,,,,,,
"ANATOLY KOLODKIN",9610808,2013,Aframax,Russia,2024-02-23,2024-11-25,,2025-02-25,,2025-02-21,,2025-03-04,
ANAYA,9326885,2008,Panamax,Panama,2026-04-15,,,,,,,,
ANDIA,9121699,1996,Handysize/Handymax,Palau,,,2024-05-31,,,,,,
"ANDROMEDA V",9197832,2000,VLCC/ULCC,Curaçao,2024-09-25,,2022-11-01,,,,,,
ANEMON,9323338,2006,Handysize/Handymax,Russia,2024-01-18,2025-09-12,,,,2025-11-06,,,
"ANGEL K",9208473,2000,Handysize/Handymax,Tanzania,,,2024-05-31,,,,,,
ANHONA,9354521,2008,Handysize/Handymax,Belize,2024-10-11,,2021-04-16,,,,,,
ANIKA,9305609,2006,Aframax,Mozambique,2024-11-14,,2024-04-01,,,,,,
ANITA,9203253,2000,VLCC/ULCC,Gambia,,,2020-11-12,,,,,,
ANNABEL,9306457,2005,Handysize/Handymax,Panama,,,2023-12-31,,,,,,
"ANSHUN II",9253117,2003,VLCC/ULCC,Panama,2026-04-24,,2023-08-31,,,,,,
ANTARES,9322827,2006,Aframax,Russia,2024-01-18,2025-09-12,,,,2025-06-13,,,
ANTARKTIKA,9413559,2009,Aframax,Russia,2024-02-23,2024-11-25,,2025-10-24,,2025-02-21,,2025-12-13,2026-02-20
APAMA,9187631,2000,Aframax,Iran,2012-12-13,,,,,,2025-09-28,,
APATE,9433016,2009,Panamax,Cameroon,2025-07-30,2026-02-24,,2025-10-24,,2026-03-25,,2025-12-13,
APEKS,9274616,2004,Aframax,Russia,2024-01-18,,,,,2026-06-12,,,
APEX,9255945,2004,Panamax,Nicaragua,2025-12-18,,2020-11-12,,,,,,
"APOLLO OCEAN",9423322,2010,Handysize/Handymax,Vietnam,,,2023-11-01,,,,,,
APPLE,9271327,2003,Aframax,"Equatorial Guinea",2025-01-10,2025-07-21,,2025-05-21,,2025-11-06,,2025-08-12,
APUS,9299745,2006,Aframax,Russia,2024-01-18,2025-09-12,2024-04-30,,,2025-11-06,,,
APUS,9280885,2004,Suezmax,Panama,2025-01-10,2025-09-12,,2025-10-24,,2025-11-06,,2025-12-13,2026-02-20
AQUA,9248473,2002,VLCC/ULCC,Malawi,2024-09-25,,2021-04-16,,,,,,
AQUALIS,9258674,2003,Handysize/Handymax,Guyana,2024-04-04,,2024-04-01,,,,,,
"AQUA LIVE",9282792,2004,Aframax,Cameroon,2026-02-06,2025-05-09,2022-01-03,2025-05-21,2025-09-17,2025-06-13,,2025-06-03,
AQUARIUS,9358802,2009,Handysize/Handymax,Palau,2025-12-18,,,,,,,,
AQUATICA,9299769,2005,Aframax,"Equatorial Guinea",2025-01-10,2025-07-21,,2025-02-25,,2025-11-06,,2025-03-04,
"AQUA TITAN",9332781,2006,Aframax,Cameroon,,2024-12-17,,2025-02-25,2025-06-19,2025-02-21,,2025-03-04,2025-06-19
"AQUILA II",9281152,2004,Suezmax,Panama,2025-01-10,2025-09-12,,2025-10-24,,2025-11-06,,2025-12-13,2026-02-20
ARABESCA,9288734,2005,Aframax,"Sierra Leone",,2025-05-09,,2025-05-21,2025-09-17,2025-06-13,,2025-06-03,
"ARABIAN ENERGY",9417490,2008,Handysize/Handymax,Curaçao,2024-06-27,,2024-06-30,,,,,,
ARCADIA,9413573,2009,Aframax,Oman,2025-01-10,2024-10-17,,2025-02-25,,2025-02-21,,2025-03-04,2025-06-19
ARCTIC,9001605,1993,Panamax,Togo,,,,,,,2025-09-28,,
"ARCTIC METAGAZ",9243148,2003,Panamax,Russia,2024-08-23,2024-10-17,,2025-02-25,,2025-02-21,,2025-03-04,2025-06-19
"ARCTIC MULAN",9864837,2024,Handysize/Handymax,Russia,2024-09-05,2024-10-17,,2025-07-20,,2025-02-21,,2025-08-12,2026-02-20
"ARCTIC PIONEER",9256602,2005,Panamax,Russia,2024-08-23,2024-09-26,,2024-12-17,,2025-02-21,,2024-12-24,
"ARCTIC VOSTOK",9216298,2002,Panamax,Russia,2024-08-23,2024-09-26,,2025-02-25,,2025-02-21,,2025-03-04,
AREIA,9321847,2006,Aframax,"Sao Tome and Principe",2025-01-10,2024-11-25,2026-05-12,2024-12-17,,2025-02-21,,2024-12-24,
"ARGO 1",9187667,2000,Aframax,Iran,2012-12-13,,,,,,2025-09-28,,
"ARGO MARIS",9041643,1991,Handysize/Handymax,Curaçao,,,2023-11-01,,,,,,
ARIA,9397559,2008,Handysize/Handymax,Russia,2025-01-10,2025-02-24,,2025-02-25,2025-06-19,2025-06-13,,2025-03-04,2025-10-30
ARIADNE,9397547,2008,Handysize/Handymax,Russia,2025-01-10,2025-07-21,,2025-05-21,,2025-11-06,,2025-06-03,
ARINA,9248813,2003,Suezmax,"Hong Kong",,,2022-03-01,,,,,,
ARKHITEKTOR,9381744,2008,Aframax,Russia,2024-01-18,2025-09-12,,,,2025-11-06,,,
"ARK III",9187655,2000,Aframax,Iran,2012-12-13,,,,,,2025-09-28,,
ARLAN,9227443,2002,Suezmax,"Sierra Leone",,2025-05-09,2021-10-29,2025-05-21,2025-09-17,2025-06-13,,2025-06-03,
"ARMADA EXPLORER",9377042,2006,Handysize/Handymax,Russia,,2025-10-15,,2025-07-20,,2026-02-19,,2025-08-12,
"ARMADA LEADER",9260483,2002,Handysize/Handymax,Russia,,,,2025-10-24,,2026-03-25,,2025-12-13,
"ARMAN 114",9116412,1997,VLCC/ULCC,Iran,2024-08-09,,,,,,,,
"AR MZ",9232450,2002,Aframax,Malawi,2024-03-06,,2023-06-30,,,,,,
ARNICA,9187643,2000,Aframax,Iran,2012-12-13,,,,,,2025-09-28,,
"ARNO BABAJANYAN",9163764,1999,Handysize/Handymax,Russia,,2025-07-21,,2025-05-21,,2025-11-06,,2025-06-03,
ARROW,9413561,2009,Aframax,Oman,,2024-09-11,,2024-12-17,,2025-02-21,,2024-12-24,
"ARS ROBERTA",9235476,2001,Handysize/Handymax,"Cook Islands",,,2022-07-31,,,,,,
ARTAVIL,9187629,2000,Aframax,Iran,2012-12-13,,,,,,2025-09-28,,
"A S",7303803,1973,Handysize/Handymax,"Democratic Peoples Republic of Korea",2018-02-23,2018-03-30,,,,,2018-03-30,2018-03-30,
ASCENDANT,9248801,2003,Handysize/Handymax,Cameroon,,2024-12-17,,2025-05-21,2025-06-19,2025-02-21,,2025-06-03,2025-10-30
ASGARD,9322267,2007,VLCC/ULCC,Russia,2024-01-18,2025-09-12,2025-03-31,,,2025-11-06,,,
ASHA,9326902,2007,Handysize/Handymax,Curaçao,2025-10-09,,2023-12-31,,,,,,
"ASIA UNITY",9622069,2013,Handysize/Handymax,Singapore,,,2022-08-01,,,,,,
ASPHALTEA,9288382,2004,Handysize/Handymax,Guinea-Bissau,,,2021-10-29,,,,,,
"ASPHALT STAR",9463528,2007,Handysize/Handymax,Mali,2025-04-10,,2025-04-30,,,,,,
ASTERI,9282493,2005,Aframax,Cameroon,,2025-05-09,,2025-02-25,2025-09-17,2026-02-19,,2025-03-04,
ASTORIA,9166314,1999,Handysize/Handymax,Russia,,2025-06-17,,2026-04-24,,2026-06-12,,2026-05-22,
ASTRA,9296585,2005,Handysize/Handymax,Russia,2024-01-18,2025-09-12,,,,2025-11-06,,,
ASTRA,9350422,2007,Handysize/Handymax,Mozambique,2024-04-04,,2023-11-01,,,,,,
ASTRAL,9274800,2004,Aframax,"Sierra Leone",,2025-02-24,,2025-10-24,2025-06-19,2025-06-13,,2025-12-13,2025-10-30
ASTRAM,9307748,2006,Handysize/Handymax,Angola,2025-10-09,,2022-09-01,,,,,,
"ASTRID 1",9176656,1999,Handysize/Handymax,Aruba,2025-04-10,,2025-04-30,,,,,,
ASTRO,9232864,2003,Suezmax,Indonesia,,,2026-02-03,,,,,,
"ATEELA 1",9548990,2009,Handysize/Handymax,Iran,2026-02-25,,,,,,,,
"ATEELA 2",9549009,2010,Handysize/Handymax,Iran,2026-02-25,,,,,,,,
ATHENA,9292228,2004,VLCC/ULCC,Comoros,2024-10-11,,2024-10-31,,,,,,
"ATHENA I",9222704,2000,Handysize/Handymax,Malta,,,2024-10-31,,,,,,
ATILA,9233753,2002,VLCC/ULCC,Guyana,2024-04-04,,2021-09-30,,,,,,
ATILA,9262754,2003,VLCC/ULCC,Cameroon,2025-07-03,,2023-04-28,,,,,,
ATLANT,9412995,2009,Aframax,Russia,2024-01-18,2025-07-21,,2025-05-21,,2025-11-06,,2025-06-03,
ATLANTICOS,9282986,2004,Handysize/Handymax,Russia,,2025-05-09,,2025-10-24,2025-09-17,2025-06-13,,2025-12-13,2026-02-20
"ATLANTIS I",9229362,2002,Aframax,Curaçao,2024-06-27,,2021-04-16,,,,,,
"ATLANTIS II",9257503,2003,Panamax,Iran,2024-06-27,,,,,,,,
"ATLANTIS MZ",9218181,2000,Panamax,Comoros,2025-06-20,,2020-11-12,,,,,,
ATMOS,9337418,2007,Aframax,Cameroon,,2026-06-16,,2026-04-24,,,,2026-05-22,
ATOMIS,9194139,1999,Aframax,Comoros,2024-04-04,,2020-11-12,,,,,,
AURA,9274563,2003,Handysize/Handymax,Mozambique,2026-04-15,,2022-09-01,,,,,,
AURA,9624316,2012,Handysize/Handymax,Russia,,,,2025-07-20,,2026-03-25,,2025-08-12,
"AURA 1",9472634,2011,Aframax,Panama,,2026-02-24,,2025-10-24,,2026-03-25,,,
"AURA MARIS",9347308,2008,Handysize/Handymax,Cameroon,,2025-10-15,,2025-12-19,,2026-03-25,,2026-01-13,
AURORA,9088536,1995,Handysize/Handymax,Madagascar,2026-01-23,,2020-11-12,,,,,,
AUROURA,9262912,2004,Handysize/Handymax,Panama,2025-12-18,,2023-12-31,,,,,,
"AVA 10",9247986,2003,Aframax,Comoros,2025-11-20,,2021-08-02,,,,,,
"AVA 6",9226140,2002,Handysize/Handymax,"Hong Kong",,,2026-05-12,,,,,,
AVANGARD,9322839,2006,Aframax,Russia,2023-12-01,2025-09-12,,,,2025-11-06,,,
"AVENGER BOW",9005338,1991,Handysize/Handymax,Aruba,2025-04-10,,2025-04-30,,,,,,
AVENTINE,9123192,1997,Aframax,Panama,,,2021-04-16,,,,,,
AVIOR,9164512,1999,Handysize/Handymax,Russia,,2025-07-21,,2025-05-21,,2025-11-06,,2025-06-03,
"AXON I",9005053,1993,Handysize/Handymax,Angola,2025-10-09,,2020-11-12,,,,,,
AZALEA,9236640,2003,Handysize/Handymax,Russia,2025-01-10,2025-07-21,,2025-05-21,,2026-02-19,,2025-06-03,
AZELIA,9365776,2009,VLCC/ULCC,Benin,2025-02-24,,2023-02-01,,,,,,
AZORIN,9285859,2006,Aframax,"Sierra Leone",,2024-10-17,,2025-05-21,,2025-02-21,,2025-06-03,2026-02-20
"AZURE SKY",9546708,2011,Handysize/Handymax,Guyana,2025-04-10,,2025-04-30,,,,,,
"AZURE VOYAGER",9181649,2000,VLCC/ULCC,Aruba,2025-03-20,,2024-09-30,,,,,,
"BAI LU",9388780,2009,Aframax,"Equatorial Guinea",,2025-02-24,,2025-10-24,2025-06-19,2025-06-13,,2025-12-13,2025-10-30
"BALTIC LEADER",9220639,2000,Handysize/Handymax,Russia,2022-02-22,,,,,,,,
BANIAN,9046784,1993,Handysize/Handymax,Angola,2026-02-25,,2020-11-12,,,,,,
"BAO YU",8519966,1987,Handysize/Handymax,Benin,2024-08-15,,2021-04-16,,,,,,
"BARAKAH GAS",9013701,1995,Handysize/Handymax,Guinea,2025-10-09,,,,,,,,
BARENTS,9384447,2009,Handysize/Handymax,Russia,,2025-05-09,,2025-05-21,2025-09-17,2025-06-13,,2025-06-03,2026-02-20
BARQ,9321691,2006,Suezmax,Oman,,2024-10-17,,2025-05-21,,2025-02-21,,2025-06-03,2026-02-20
BAVLY,9621560,2013,Handysize/Handymax,Russia,,2025-09-19,,2025-10-24,,2026-02-19,,2025-12-13,2026-02-20
BEAST,9290921,2005,Handysize/Handymax,"Sierra Leone",,2025-05-09,,2025-05-21,2025-09-17,2025-06-13,,2025-06-03,
"BEGONIA 1",9295282,2006,Handysize/Handymax,"Hong Kong",,,2025-02-28,,,,,,
BELGOROD,9412359,2010,Suezmax,Russia,2024-02-23,2024-11-25,,2025-02-25,,2025-02-21,,2025-03-04,2025-06-19
BELLAGIO,9299446,2005,Handysize/Handymax,"Hong Kong",2025-09-02,,,,,,,,
BELLARIS,9332614,2008,Panamax,Cameroon,2026-04-15,,,,,,,,
BELMA,9289491,2005,VLCC/ULCC,Curaçao,2024-10-11,,2023-03-01,,,,,,
BELOMOR,9384435,2008,Handysize/Handymax,Russia,,2025-05-09,,2025-10-24,2025-09-17,2025-06-13,,2025-12-13,2026-02-20
BELUGA,9524451,2011,Suezmax,Russia,2025-01-10,2025-09-12,,2025-10-24,,2025-11-06,,2025-12-13,2026-02-20
"BERG 1",9262168,2004,VLCC/ULCC,Gabon,2024-10-11,,2021-04-16,,,,,,
"BERGEN T",8918540,1990,Handysize/Handymax,Russia,,,,2025-10-24,,2026-03-25,,2025-12-13,
BERRA,9308821,2005,Aframax,"Sierra Leone",,2025-07-21,,2025-05-21,,2025-11-06,,2025-06-03,
BERTHA,9292163,2004,VLCC/ULCC,"Cook Islands",2024-12-03,,2023-05-31,,,,,,
BHILVA,9439383,2010,Aframax,Cameroon,,2026-06-16,,2026-04-24,,2026-06-12,,2026-05-22,
BIANCA,9259927,2003,Handysize/Handymax,Mali,2025-09-02,,,,,,,,
"BIANCA JOYSEL",9196632,2002,VLCC/ULCC,Panama,2025-07-03,,2024-03-01,,,,,,
"BIG MAG",9263215,2002,VLCC/ULCC,Panama,2025-05-08,,2022-04-29,,,,,,
"BIG VIEW",9149249,1998,Handysize/Handymax,Mali,,,2025-10-31,,,,,,
BILI,9285756,2004,Handysize/Handymax,Gambia,2024-12-03,,2024-12-31,,,,,,
"BINARY STAR",9380570,2008,Handysize/Handymax,Nicaragua,2025-12-18,2026-06-16,,2026-04-24,,,,2026-05-22,
"BINARY STAR II",9453729,2008,Handysize/Handymax,Nicaragua,2025-12-18,,2025-01-31,,,,,,
"BIRTHE THERESI",9083184,1995,Handysize/Handymax,Russia,,,,2025-10-24,,2026-03-25,,2025-12-13,
"BITIHI 1",9005493,1992,Handysize/Handymax,Tanzania,2024-09-11,,2024-09-30,,,,,,
BIVOLA,9266865,2004,Aframax,"Sierra Leone",,2025-10-15,,2025-07-20,,2026-02-19,,2025-08-12,
"BLACK MARLIN",9235725,2003,Aframax,Cameroon,,2025-05-09,2021-09-30,2025-05-21,2025-09-17,2025-06-13,,2025-06-03,
BLAGE,9275763,2004,Panamax,Vanuatu,,,,,,2026-03-25,,,
BLAZE,9281566,2005,Handysize/Handymax,Palau,,,2024-09-30,,,,,,
"BLOOMING DALE",9125724,1996,Handysize/Handymax,Aruba,2025-04-10,,2024-05-31,,,,,,
BLUE,9236353,2003,Suezmax,Cameroon,,2025-05-09,,2025-05-21,2025-09-17,2025-06-13,,2025-06-03,2025-10-30
BLUEBELL,9251810,2002,Aframax,"Equatorial Guinea",2024-10-11,2026-02-24,2024-10-31,2025-07-20,,2026-03-25,,2025-08-12,
"BLUE EMBER",9273442,2004,Panamax,"Sao Tome and Principe",,2025-07-21,,,,2026-02-19,,,
BLUEFINS,9221657,2001,Panamax,Tanzania,,,2022-12-01,,,,,,
"BLUE TALU",9334557,2007,Panamax,Cameroon,,2025-05-09,,2025-07-20,2025-09-17,2025-06-13,,2025-08-12,
"B LUMINOSA",9256016,2003,Panamax,Djibouti,2022-11-03,,2022-12-01,,,,,,
BOBCAT,9422457,2010,Suezmax,Oman,,2024-10-17,,2025-10-24,,2025-02-21,,2025-12-13,2026-02-20
BOCEANICA,9267132,2004,Panamax,Tanzania,2022-11-03,,2022-12-01,,,,,,
BODHI,9144782,1997,Aframax,Cameroon,2025-11-20,2024-07-31,2021-09-30,2024-06-25,,2025-02-21,,2024-10-17,2026-02-20
BOLTARIS,9251456,2003,Handysize/Handymax,Cameroon,,2025-05-09,,2025-05-21,2025-09-17,2025-06-13,,2025-06-03,2026-02-20
BOLU,9439539,2009,Aframax,Cameroon,,2026-02-24,,2026-05-23,,2026-03-25,,2025-12-13,
BOND,9412335,2010,Suezmax,Oman,2025-01-10,2024-10-17,,2024-12-17,,2025-02-21,,2024-12-24,
BONIFACY,9284726,2004,Handysize/Handymax,Cameroon,,2025-05-09,,2025-05-21,2025-09-17,2025-06-13,,2025-06-03,
"B. P. P. 501",9078191,1993,Handysize/Handymax,Thailand,2018-10-25,,,,,,,,
BRAD,9166417,1999,Aframax,"Saint Kitts and Nevis",,,2020-11-12,,,,,,
BRATSK,9411020,2009,Suezmax,Russia,2024-02-23,2024-11-25,,2025-02-25,,2025-02-21,,2025-03-04,2025-06-19
BRAVE,9045807,1995,Handysize/Handymax,Mali,2025-07-03,,2023-11-01,,,,,,
BREEZ,9247778,2002,Handysize/Handymax,Comoros,2025-07-30,2026-02-24,2024-09-30,2025-12-19,,,,2026-01-13,
BREEZE,9305568,2005,Aframax,Cameroon,,2024-09-11,,2025-10-24,,2025-02-21,,2025-12-13,2026-02-20
"BREEZE V",9259355,2003,VLCC/ULCC,Barbados,,,2022-12-01,,,,,,
"BRIGHT GOLD",9171503,1999,Handysize/Handymax,Panama,2026-05-19,,2025-01-31,,,,,,
BRIONT,9252955,2003,Panamax,Cameroon,2025-07-30,2026-02-24,,2025-10-24,,2026-03-25,,2025-12-13,
BRISK,9206671,2001,Aframax,"Equatorial Guinea",,2025-07-21,2026-02-03,2025-05-21,,2026-02-19,,2025-06-03,
BRONCO,8808525,2005,Handysize/Handymax,Palau,,2025-05-20,,2025-10-24,,2026-03-25,,2025-12-13,2026-02-20
BUENO,9282443,2005,Panamax,Tanzania,,,2022-12-01,,,,,,
BULLAR,9389679,2008,Aframax,"Sierra Leone",,2025-05-20,,2025-05-21,,2026-02-19,,2025-06-03,
BURAN,9953509,2023,Aframax,Russia,2024-08-23,2025-10-15,,2024-12-17,,2025-06-13,,2024-12-24,
"CAI YUN",9437983,2010,Aframax,"Sierra Leone",,2025-05-09,,2025-05-21,2025-09-17,2025-06-13,,2025-06-03,
CAMEL,9341079,2006,Aframax,Oman,2025-01-10,2024-09-11,,2024-12-17,,2025-02-21,,2024-12-24,2026-02-20
CAMELIA,9070072,1995,Handysize/Handymax,Guyana,2024-10-11,,2024-10-31,,,,,,
CAMILLA,9254850,2003,Panamax,"Hong Kong",2025-09-02,,,,,,,,
CANGJIE,9299680,2005,Aframax,India,2025-01-10,2025-07-21,2025-04-30,2025-05-21,,2025-11-06,,2025-06-03,
"CAPELLA MB",9343986,2007,Handysize/Handymax,Mali,,,,2026-04-24,,2026-06-12,,2026-05-22,
CARINA,9240512,2003,VLCC/ULCC,Brazil,2024-10-11,,2022-02-01,,,,,,
"CARINA I",9410234,2009,VLCC/ULCC,Barbados,,,2022-12-30,,,,,,
CARMA,9341081,2006,Aframax,Oman,2025-01-10,2024-09-11,,2024-12-17,,2025-02-21,,2024-12-24,2026-02-20
"CAROLINE BEZENGI",9224439,2001,Suezmax,Cameroon,,2026-02-24,,2025-10-24,,2026-03-25,,2025-12-13,
CARUZO,9137648,1998,Suezmax,"Sierra Leone",,2025-05-09,2024-01-31,2025-05-21,2025-09-17,2025-06-13,,2025-06-03,2026-02-20
CASPIA,9125126,1997,Handysize/Handymax,Iran,2020-06-08,,,,,,,,
"CATALINA 7",9310159,2007,VLCC/ULCC,Panama,2025-03-20,,2023-12-01,,,,,,
CAUVERI,9282508,2005,Aframax,Cameroon,2026-04-15,,,,,,,,
CAVALIER,9306794,2006,Aframax,Oman,,2024-07-31,,2024-12-17,,2025-02-21,,2024-12-24,2026-02-20
CECILA,9247792,2003,Aframax,Cameroon,,2025-05-09,2023-03-31,2025-05-21,2025-09-17,2025-06-13,,2025-06-03,2025-10-30
CELERIX,9222560,2000,Handysize/Handymax,Cameroon,,2025-05-09,,2025-05-21,2025-09-17,2025-06-13,,2025-06-03,
CELESTE,9379404,2008,Handysize/Handymax,Angola,2025-10-09,,2025-01-31,,,,,,
"CELESTIAL SEA",9397030,2007,Handysize/Handymax,Aruba,2025-04-10,,2023-02-01,,,,,,
CELESTINE,9422847,2007,Handysize/Handymax,Mali,2025-04-10,,2025-04-30,,,,,,
CELT,9299692,2005,Aframax,Oman,2025-01-10,2024-10-17,,2024-12-17,,2025-02-21,,2024-12-24,2026-02-20
CENTURION,9380673,2008,Aframax,"Sierra Leone",,2025-07-21,,2025-05-21,,2025-11-06,,2025-06-03,
"CENTURION I",9436020,2010,Aframax,Panama,,2025-10-15,,2025-10-24,,2026-02-19,,2025-12-13,2026-02-20
CESARIA,9251602,2003,VLCC/ULCC,Palau,2026-01-23,,,,,,,,
CETUS,9418482,2009,Aframax,"Sierra Leone",,2025-05-20,,2025-07-20,,2025-11-06,,2025-08-12,
"CHARIOT TIDE",9323376,2007,Handysize/Handymax,Mozambique,,2025-05-09,,2024-12-17,2025-09-17,2025-06-13,,2024-12-24,2026-02-20
CHARMINAR,9318022,2006,Handysize/Handymax,Comoros,2025-07-30,,,,,,,,
"CHELSEA PROVIDENCE",9633501,2013,Handysize/Handymax,Philippines,,,2025-01-31,,,,,,
CHEM,9240914,2000,Handysize/Handymax,"Cook Islands",2024-04-25,,2024-03-01,,,,,,
"CHENG HE",9304629,2007,Suezmax,"Sierra Leone",,2025-06-17,,2025-10-24,,2026-03-25,,2025-12-13,2026-02-20
CHIOS,9231509,2002,Suezmax,Cameroon,,2025-05-09,2022-11-01,2025-05-21,2025-09-17,2025-06-13,,2025-06-03,
"CHIRON 5",9306665,2005,Handysize/Handymax,Comoros,2026-01-23,,2024-09-30,,,,,,
CHLOE,9173745,1999,Suezmax,Guyana,2024-11-14,,2023-12-01,,,,,,
CHONGCHON,9294123,2006,Handysize/Handymax,"Equatorial Guinea",,2026-02-24,,2025-10-24,,2026-03-25,,2025-12-13,
"CHON MA SAN",8660313,2005,Handysize/Handymax,"Democratic Peoples Republic of Korea",2018-03-15,2018-03-30,,,,,2018-03-30,2018-03-30,
"CHON MYONG 1",8712362,1987,Handysize/Handymax,"Democratic Peoples Republic of Korea",2018-02-23,2018-03-30,,,,,2018-03-30,2018-03-30,
"CHRIS. DE MARGERIE",9737187,2016,Aframax,Russia,2025-01-10,2025-10-15,,2024-12-17,,2025-06-13,,2024-12-24,
CILICIA,9171175,2000,Handysize/Handymax,Russia,,2025-07-21,,2025-05-21,,2025-11-06,,2025-06-03,
CINDY,9270517,2003,Aframax,"Equatorial Guinea",,2025-07-21,2022-01-03,2025-05-21,,2025-06-13,,2025-06-03,
CITA,9167162,2000,Handysize/Handymax,Nicaragua,2026-02-25,,2024-07-31,,,,,,
"CLEAN OCEAN",9637492,2014,Aframax,"Marshall Islands",,2025-10-15,,,,2026-06-12,,,
"CLEAN PLANET",9637507,2014,Aframax,"Marshall Islands",,2025-10-15,,,,2026-06-12,,,
"CLEAN VISION",9655456,2016,Aframax,Malta,,2025-10-15,,,,2026-06-12,,,
CLIFTON,9102198,1995,Handysize/Handymax,Nicaragua,2022-12-08,,,,,,,,
CLS,9256975,2003,VLCC/ULCC,Tonga,2025-08-21,,2024-04-30,,,,,,
COATLICUE,9235000,2001,Aframax,Djibouti,,,,2025-10-24,,2026-03-25,,2025-12-13,
COBA,9235737,2002,VLCC/ULCC,Curaçao,2024-12-03,,2024-05-31,,,,,,
"CONFIDENCE P",9178044,1999,Handysize/Handymax,Panama,2024-09-25,,2024-08-30,,,,,,
"CORAL WAVE",9254422,2002,Handysize/Handymax,Aruba,2025-04-10,,,,,,,,
"COURAGE 7",9553957,2015,Handysize/Handymax,Gabon,2025-07-30,,,,,,,,
COVENIO,9263227,2003,VLCC/ULCC,Panama,2026-04-24,,2025-03-31,,,,,,
CRIUS,9251274,2003,Aframax,Panama,2025-01-10,2025-02-24,2025-04-30,2025-02-25,2025-06-19,2025-06-13,,2025-03-04,2025-10-30
CROCO,9327360,2006,Handysize/Handymax,Russia,,2025-07-21,,2025-05-21,,2026-02-19,,2025-06-03,
"CROWN JEWELS",9202388,2000,Handysize/Handymax,Barbados,,,2025-01-31,,,,,,
CRYSAL,9135547,1996,Handysize/Handymax,"Saint Kitts and Nevis",,,2022-01-03,,,,,,
CRYSTAL,9223887,2002,VLCC/ULCC,Vanuatu,,,2026-02-03,,,,,,
CRYSTAL,9223722,2001,Handysize/Handymax,"San Marino",,,2025-01-31,,,,,,
"CS BRILLIANCE",9153513,1998,VLCC/ULCC,Panama,,,2021-04-16,,,,,,
"CS DEVELOPMENT",9133850,1997,VLCC/ULCC,"Marshall Islands",,,2022-05-31,,,,,,
"CS PROSPERITY",9169691,1999,VLCC/ULCC,"Marshall Islands",,,2021-09-30,,,,,,
"C VIKING",9261657,2004,Handysize/Handymax,"Sierra Leone",,2025-05-09,,2025-10-24,2025-09-17,2025-06-13,,2025-12-13,2026-02-20
DAHAB,9233222,2002,Suezmax,Guyana,2024-11-14,,2022-01-24,,,,,,
DAKUSH,9278698,2004,Handysize/Handymax,"Cook Islands",2026-05-19,,2025-10-31,,,,,,
"DA LI",9113379,1996,Handysize/Handymax,Nicaragua,2024-08-15,,2021-04-16,,,,,,
DALVA,9378620,2008,Aframax,Cameroon,,2025-02-24,,2025-05-21,2025-06-19,2025-06-13,,2025-06-03,2025-10-30
DAN,9357729,2009,VLCC/ULCC,Iran,2013-05-09,,,,,,2025-09-28,,
DANIEL,9569683,2013,VLCC/ULCC,Iran,2013-05-09,,,,,,2025-09-28,,
DANUBE,9267948,2003,Handysize/Handymax,Guinea,2026-02-06,,2024-05-31,,,,,,
DANYA,9294331,2005,VLCC/ULCC,Mozambique,,2025-07-21,2024-09-30,2025-05-21,,,,2025-06-03,
"DAPHNE V",9321677,2006,Aframax,Cameroon,2026-04-15,,,,,,,,
DARAN,9080493,1995,Handysize/Handymax,Iran,2024-11-14,,,,,,,,
DASHAN,9299666,2005,Suezmax,Gambia,,2024-12-17,,2024-12-17,2025-06-19,2025-02-21,,2024-12-24,2025-10-30
"DEEP SEA",9218492,2004,VLCC/ULCC,Iran,2012-12-13,,,,,,2025-09-28,,
DELFINA,9256248,2003,Panamax,Benin,2025-09-02,,,,,,,,
DELICE,9125138,1998,Handysize/Handymax,Iran,2020-06-08,,,,,,,,
DELIVER,9194983,2000,Suezmax,Cameroon,,2025-05-09,,2025-02-25,2025-09-17,2025-11-06,,2025-03-04,2026-02-20
DELLA,9227479,2001,VLCC/ULCC,"Equatorial Guinea",2025-12-31,,,,,,,,
DELMAR,9199127,2000,Aframax,Benin,2025-01-10,2025-07-21,2022-12-01,2025-05-21,,2025-06-13,,2025-06-03,
DENEB,9301524,2006,Suezmax,"Sierra Leone",,2025-05-09,2021-09-02,2025-07-20,2025-09-17,2025-06-13,,2025-08-12,2025-10-30
DENVER,9382712,2007,Handysize/Handymax,"Sierra Leone",,2026-02-24,,2025-10-24,,2026-03-25,,2025-12-13,
DERYA,9569700,2013,VLCC/ULCC,Iran,2018-11-05,,,,,,,,
DESTAMAR,9253894,2002,Suezmax,Cameroon,,2025-07-21,,2025-05-21,,2025-11-06,,2025-06-03,
DESTAN,9388766,2008,Aframax,"Sierra Leone",,2025-02-24,,2025-07-20,2025-06-19,2025-06-13,,2025-08-12,2025-09-12
DESTINY,9177155,1999,VLCC/ULCC,Iran,2019-11-04,,,,,,2025-09-28,,
DEVON,9218454,2002,VLCC/ULCC,Iran,2012-12-13,,,,,,2025-09-28,,
DEVREZ,9120994,1996,Handysize/Handymax,Iran,2020-06-08,,,,,,,,
DEYNA,9299903,2005,Aframax,Mozambique,2025-01-10,2025-07-21,2025-03-31,2025-05-21,,2025-11-06,,2025-06-03,
"DG HONG KONG",9436018,2009,Aframax,Cameroon,,2025-05-09,,2025-07-20,2025-09-17,2025-06-13,,2025-08-12,
DHEZI,9289520,2005,Handysize/Handymax,Curaçao,,2024-07-31,,2024-06-25,,2025-02-21,,2024-10-17,
"DIAMOND II",9218478,2003,VLCC/ULCC,Iran,2012-12-13,,,,,,2025-09-28,,
DIGNITY,9283241,2004,Suezmax,Russia,2025-01-10,2025-09-12,,2025-07-20,,2025-11-06,,2025-08-12,
DIGNITY,9572111,2009,Handysize/Handymax,Guinea,2024-06-27,,2024-05-31,,,,,,
DIJILAH,9829629,2019,VLCC/ULCC,"Marshall Islands",2025-07-03,,,,,,,,
DINASTY,9311622,2006,Suezmax,Oman,2025-01-10,2024-09-11,,2025-05-21,,2025-02-21,,2025-06-03,2026-02-20
"DING HENG 36",9637650,2012,Handysize/Handymax,"Marshall Islands",,,2020-11-12,,,,,,
"DING XIANG",9280366,2004,Panamax,Curaçao,2025-02-24,,2024-05-31,,,,,,
"DINO I",9569671,2012,VLCC/ULCC,Iran,2013-05-09,,,,,,2025-09-28,,
DIONA,9569695,2013,VLCC/ULCC,Iran,2018-11-05,,,,,,,,
DISCOVERY,9316127,2007,Suezmax,Oman,,2024-09-11,,2024-12-17,,2025-02-21,,2024-12-24,2026-02-20
DISHA,8818219,1990,Handysize/Handymax,Mozambique,2024-08-15,,2020-11-12,,,,,,
"DMITRY MENDELEEV",9888182,2021,Handysize/Handymax,Russia,2025-01-10,,,,,,,,
"DMITRY POKROVSKY",9683726,2014,Handysize/Handymax,Russia,,2025-07-21,,2025-05-21,,2025-11-06,,2025-06-03,
DORE,9357717,2009,VLCC/ULCC,Iran,2012-12-13,,,,,,2025-09-28,,
DORENA,9569669,2012,VLCC/ULCC,Iran,2013-05-09,,,,,,2025-09-28,,
DORIN,9290828,2005,Handysize/Handymax,Cameroon,,2025-05-09,,2025-07-20,2025-09-17,2025-06-13,,2025-08-12,
DORIN,9260055,2003,Handysize/Handymax,Gambia,2024-10-17,,2024-10-31,,,,,,
DORRY,9298595,2005,Handysize/Handymax,Cameroon,,2025-06-17,,2026-04-24,,,,2026-05-22,
"DOUBLE IN",8917807,1992,Handysize/Handymax,"San Marino",2026-05-19,,2023-11-01,,,,,,
DOVE,9297541,2006,Aframax,Panama,,2026-06-16,,2026-04-24,,2026-06-12,,2026-05-22,
DOVER,9218466,2003,VLCC/ULCC,Iran,2012-12-13,,,,,,2025-09-28,,
DOWNY,9218480,2004,VLCC/ULCC,Iran,2012-12-13,,,,,,2025-09-28,,
"DREAM II",9356593,2008,VLCC/ULCC,Iran,2012-12-13,,,,,,2025-09-28,,
DUNE,9569712,2013,VLCC/ULCC,Iran,2018-11-05,,,,,,,,
DUOS,9293959,2006,Handysize/Handymax,Cameroon,,2025-05-09,,2025-05-21,2025-09-17,2025-06-13,,2025-06-03,2025-10-30
EAGLES,9329760,2006,Panamax,"Cook Islands",,2025-07-21,,2025-05-21,,2025-06-13,,2025-06-03,
ECHO,9276030,2004,Handysize/Handymax,Cameroon,,2025-07-21,,2024-12-17,,2025-06-13,,2024-12-24,
"ECLIPSE WIND",9399167,2007,Handysize/Handymax,Nicaragua,2025-04-10,,2025-04-30,,,,,,
"ECO PRIDE 1",9251664,2002,Handysize/Handymax,Barbados,,,2023-12-31,,,,,,
EDERRA,9258026,2003,Handysize/Handymax,Cameroon,,2025-02-24,,2025-02-25,2025-06-19,2025-06-13,,2025-03-04,2025-09-12
EDOR,9259317,2003,Panamax,"Marshall Islands",2026-04-24,,,,,,,,
EK,9191553,2000,Handysize/Handymax,Curaçao,2025-02-24,,2025-02-28,,,,,,
EKSPANDER,9281011,2004,Aframax,Russia,2025-01-10,2024-12-17,,2025-02-25,2025-06-19,2025-02-21,,2025-03-04,2025-06-19
ELA,9219056,2001,Suezmax,Guyana,2024-11-14,,2023-03-31,,,,,,
ELBUS,9290385,2005,Suezmax,Cameroon,,2026-06-16,,2026-04-24,,2026-06-12,,2026-05-22,
ELIAH,9309227,2006,Handysize/Handymax,Aruba,2025-04-10,,2024-05-31,,,,,,
ELIJAH,9308998,2005,Panamax,Syria,2026-04-24,,2026-05-12,,,,,,
ELIN,9615092,2013,Handysize/Handymax,Cameroon,2013-05-09,,2022-12-01,,,,2025-09-28,,
ELISA,9249685,2001,Handysize/Handymax,"Sao Tome and Principe",2023-03-02,,2023-03-31,,,,,,
ELISE,9277747,2004,Panamax,Cameroon,,2025-05-09,2022-05-31,2025-07-20,2025-09-17,2025-06-13,,2025-08-12,
ELITE,9168740,1998,Handysize/Handymax,Gambia,,,2023-12-31,,,,,,
ELIZABET,9216717,2000,VLCC/ULCC,Cameroon,2025-07-03,,2024-04-01,,,,,,
"ELIZA II",9418078,2009,VLCC/ULCC,"Sao Tome and Principe",2024-12-19,,2022-06-30,,,,,,
ELLY,9134294,1997,Handysize/Handymax,Madagascar,,,2021-04-16,,,,,,
ELMO,9256913,2003,Handysize/Handymax,Malawi,2024-12-03,,2024-01-31,,,,,,
"ELODIE I",9346873,2008,Aframax,Cameroon,,2025-05-09,,2025-10-24,2025-09-17,2025-06-13,,2025-12-13,2026-02-20
ELOWE,9246138,2003,Aframax,Cameroon,,,2020-11-12,,,,,,
ELPIS,9212400,2000,Handysize/Handymax,Comoros,2025-02-24,,2025-02-28,,,,,,
ELVA,9196644,2002,VLCC/ULCC,Gambia,2024-12-03,,2020-11-12,,,,,,
ELYTE,9345623,2008,Aframax,Oman,,2025-02-24,,2025-07-20,2025-06-19,2025-06-13,,2025-08-12,2025-09-12
EMMA,9321421,2006,Handysize/Handymax,Guyana,2024-12-03,,2024-12-31,,,,,,
"EM UNITY",9189952,1999,Aframax,"San Marino",,,2020-11-12,,,,,,
"EM VITALITY",9102265,1996,VLCC/ULCC,"Cook Islands",,,2022-01-03,,,,,,
ENDLESS,9315446,2005,Aframax,"Equatorial Guinea",2025-01-10,2025-07-21,,2025-05-21,,2025-11-06,,2025-06-03,2025-10-30
ENIGMA,9333412,2007,Handysize/Handymax,Cameroon,,2025-05-09,,2025-05-21,2025-09-17,2025-06-13,,2025-06-03,
ENZO,9183300,1999,Aframax,Comoros,,,2022-02-01,,,,,,
ERA,9230880,2002,VLCC/ULCC,Comoros,2024-06-12,,2021-04-16,,,,,,
ESPERANZA,9289166,2005,Panamax,Cuba,2019-04-12,,,,,,,,
ESTELLA,9308170,2007,Handysize/Handymax,Cameroon,,2026-02-24,,2025-05-21,,2026-03-25,,2025-08-12,
ETHERA,9387279,2008,Handysize/Handymax,Guinea,2025-07-30,2026-02-24,,2025-10-24,,2026-03-25,,2025-12-13,
ETNA,9306548,2006,Handysize/Handymax,Angola,2025-07-03,,2024-10-31,,,,,,
EVALI,9400980,2008,Aframax,Comoros,2025-07-30,2026-02-24,,2025-10-24,,2026-03-25,,2025-12-13,
EVELINA,9235713,2003,Aframax,Panama,2025-01-10,2025-07-21,2025-10-31,2024-12-17,,2025-06-13,,2024-12-24,
EVENTIN,9308065,2006,Suezmax,Germany,2025-07-30,2025-07-21,,2025-02-25,,2025-11-06,,2025-03-04,
EVERDINE,9382073,2008,Handysize/Handymax,Aruba,2025-07-30,2026-02-24,,2025-10-24,,2026-03-25,,2025-12-13,
EVITA,9408530,2008,Aframax,Cameroon,,2025-06-17,,2025-07-20,,2026-02-19,,2025-08-12,
EXFLAME,9294678,2005,Panamax,Gambia,,,2025-01-31,,,,,,
FAAS,9233208,2002,Aframax,Malawi,2022-11-03,,2021-06-21,,,,,,
FABULE,9276573,2004,Aframax,Malawi,2025-03-13,,2024-07-31,,,,,,
FALCON,9014432,1994,Handysize/Handymax,Cameroon,,,2022-03-31,,,,,,
FALCON,9005235,1993,VLCC/ULCC,Mongolia,,,,,,,2025-09-28,,
FAROG,9252072,2002,Handysize/Handymax,Curaçao,2025-10-09,,2024-01-31,,,,,,
"FAS GAS",9320738,2007,Handysize/Handymax,Zimbabwe,2025-10-09,,,,,,,,
FAXON,9283758,2004,Handysize/Handymax,Iran,2018-11-05,,,,,,,,
FEADSHIP,9322279,2007,VLCC/ULCC,Vanuatu,2026-05-19,,,,,,,,
FEDRA,9820324,2018,Handysize/Handymax,Iran,2020-06-08,,,,,,,,
"FEI YUN HE",9263198,2004,Handysize/Handymax,Cameroon,,2025-05-09,,2025-07-20,2025-09-17,2025-06-13,,2025-08-12,2026-02-20
FELIKS,9459242,2010,Handysize/Handymax,"Sierra Leone",,2025-06-17,,2025-07-20,,2026-02-19,,2025-08-12,
FELIX,9181194,2000,VLCC/ULCC,Gambia,2025-02-24,,2020-11-12,,,,,,
FENGHUANG,9236248,2002,Aframax,Mozambique,2025-02-24,2026-02-24,2021-04-16,2025-12-19,,,,2026-01-13,
FENOR,9252371,2003,Aframax,Barbados,,,2023-07-31,,,,,,
FIBI,9242443,2002,Handysize/Handymax,Nicaragua,2025-12-18,,2025-10-31,,,,,,
FIESTA,9260823,2004,Aframax,"Sierra Leone",,2025-05-09,,2025-07-20,2025-09-17,2025-06-13,,2025-08-12,
"FINA A",9283306,2004,Aframax,"Equatorial Guinea",,2025-07-21,,2025-05-21,,2025-11-06,,2025-06-03,
"FIONA II",9262766,2003,VLCC/ULCC,Panama,2024-12-03,,2023-04-28,,,,,,
"FIRENZE K",9245782,2003,VLCC/ULCC,Panama,,,2023-03-31,,,,,,
FLANDRIA,8414477,1986,Handysize/Handymax,Russia,,,,2025-10-24,,2026-03-25,,2025-12-13,
FLORA,9365752,2008,VLCC/ULCC,Benin,2025-02-24,,2023-03-01,,,,,,
FLORA,9133070,1997,Handysize/Handymax,"Marshall Islands",2026-05-28,,2020-11-12,,,,,,
"FLORA 1",9307815,2005,Handysize/Handymax,Cameroon,,2025-02-24,,2025-07-20,2025-06-19,2025-06-13,,2025-08-12,2025-10-30
"FLORA B",9230426,2001,Handysize/Handymax,Comoros,2025-04-28,,2025-04-30,,,,,,
FLURA,9354636,2005,Handysize/Handymax,Russia,,,,2025-07-20,,2026-03-25,,2025-08-12,
FOGAS,9012886,1993,Handysize/Handymax,Angola,2025-07-30,,2021-04-16,,,,,,
FONDEYA,9388742,2008,Aframax,"Equatorial Guinea",,2025-02-24,,2025-05-21,2025-06-19,2025-06-13,,2025-06-03,2025-09-12
FOREST,9283760,2004,Handysize/Handymax,Iran,2012-12-13,,,,,,2025-09-28,,
FOREVER,9136058,1997,Aframax,Gambia,,,2023-06-30,,,,,,
FORTIS,9395379,2008,Aframax,Cameroon,,2025-07-21,,2025-05-21,,2026-02-19,,2025-06-03,
FORTUNE,9283746,2004,Handysize/Handymax,Iran,2012-12-13,,,,,,2025-09-28,,
"FORTUNE GAS",9471123,2010,Handysize/Handymax,Panama,2026-02-06,,,,,,,,
FORWARDER,9419448,2009,Aframax,Russia,2025-01-10,2025-07-21,,2025-05-21,,2025-11-06,,2025-06-03,
FOSHAN,9404572,2007,Handysize/Handymax,Benin,2025-12-18,,2024-05-31,,,,,,
"FOUR PLUS",9203930,2000,Handysize/Handymax,Guyana,2023-03-02,,2020-11-12,,,,,,
FOYA,9258478,2004,Aframax,Cameroon,,,,2025-12-19,,2026-06-12,,2026-01-13,
FREDA,9402469,2009,Aframax,Panama,2025-01-10,2025-07-21,2025-04-30,2025-05-21,,2025-06-13,,2025-06-03,
"FREESIA 1",9159660,1998,Suezmax,Comoros,,,2021-04-16,,,,,,
FREYA,9238052,2002,Aframax,Zimbabwe,2025-01-10,2025-09-12,2023-09-29,,,2025-11-06,,,
FRUNZE,9263643,2003,Aframax,"Cook Islands",2024-10-02,2025-07-21,2021-09-30,2025-05-21,,2025-06-13,,2025-06-03,2025-10-30
"FT ISLAND",9166675,1998,VLCC/ULCC,Honduras,2024-12-03,,2022-03-01,,,,,,
FULDA,9185865,1999,Handysize/Handymax,"Hong Kong",,,2025-01-31,,,,,,
FULGER,9326718,2007,Suezmax,"Sierra Leone",,2025-07-21,,2025-05-21,,2026-02-19,,2025-06-03,
FURIA,9257802,2002,Aframax,"Sierra Leone",,2025-05-20,2021-09-30,2025-10-24,,,,2025-12-13,2026-02-20
FURY,9280873,2004,Suezmax,Guinea,2024-10-11,,2022-01-03,,,,,,
FUXI,9246463,2003,Handysize/Handymax,"Antigua Barbuda",,,2024-08-30,,,,,,
FUYAO,9250907,2003,Aframax,Guinea,2025-04-16,,2021-04-16,,,,,,
GAFUS,9208239,2001,Handysize/Handymax,Comoros,2025-10-09,,2025-01-31,,,,,,
"GALA ROSE",9126015,1997,Handysize/Handymax,"Hong Kong",2026-05-19,,2024-01-31,,,,,,
GALAXY,9826902,2019,Aframax,Oman,2025-01-10,2024-07-31,,2024-12-17,,2025-02-21,,2024-12-24,2026-02-20
"GALAXY SEAFRONT",9582726,2010,Handysize/Handymax,Bahamas,,,2020-11-12,,,,,,
GALE,9294240,2005,VLCC/ULCC,Gambia,2025-10-09,,2023-03-31,,,,,,
GALILEO,9256860,2003,Aframax,Russia,2022-02-22,,,,,,,,
GALVIN,9387762,2009,Handysize/Handymax,Aruba,2026-04-24,,2025-01-31,,,,,,
"GAMA II",9209300,1999,Panamax,Guyana,,,2021-04-16,,,,,,
GAMKONORA,9641091,2012,Aframax,Indonesia,,,2021-04-16,,,,,,
GARASAN,9323986,2007,Aframax,"Sierra Leone",,2024-12-17,,2025-05-21,2025-06-19,2025-02-21,,2025-06-03,2025-10-30
GARDIAN,9114581,1995,Handysize/Handymax,Angola,2025-10-09,,2020-11-12,,,,,,
GARNET,9577094,2011,Panamax,Oman,2025-01-10,2025-07-21,,2024-12-17,,2025-06-13,,2024-12-24,
GARUDA,9272931,2004,Handysize/Handymax,"Sierra Leone",,2026-02-24,,2025-10-24,,2026-03-25,,2025-12-13,
"GAS BELLA",9147394,1999,Handysize/Handymax,Guinea,2026-02-25,,,,,,,,
"GAS CATHAR",9250505,2001,Handysize/Handymax,Panama,2023-03-02,,2023-03-31,,,,,,
"GAS CONCEPT",9386299,2009,Handysize/Handymax,Barbados,,,2025-01-31,,,,,,
"GAS LAGOON",9386304,2008,Handysize/Handymax,"Equatorial Guinea",2026-06-05,,2025-01-31,,,,,,
"GAS NORA",8813116,1991,Handysize/Handymax,Cameroon,2026-05-28,,,,,,,,
"GAS RIVER",9369760,2008,Handysize/Handymax,Panama,2026-02-06,,,,,,,,
"GAS WARICH",9364382,2008,Handysize/Handymax,Barbados,,,2025-01-31,,,,,,
"GATHER VIEW",9246281,2002,VLCC/ULCC,"San Marino",2024-12-19,,2022-12-01,,,,,,
"GAZ GMS",9131539,1997,Handysize/Handymax,Panama,2026-06-05,,,,,,,,
GEB,9409986,2008,Handysize/Handymax,Nicaragua,2025-12-18,,,,,,,,
GEFEST,9319882,2007,Aframax,Russia,,2024-11-25,,2025-10-24,,2025-02-21,,2025-12-13,2026-02-20
GELOR,9185528,2000,Suezmax,Cameroon,,2025-10-15,2025-03-31,,,2026-02-19,,,2026-02-20
"GENERAL SKOBELEV",9503304,2008,Handysize/Handymax,Russia,,2026-02-24,,2025-10-24,,2026-03-25,,2025-12-13,
GENJI,9289738,2005,Handysize/Handymax,Cameroon,,2025-05-09,,2025-05-21,2025-09-17,2025-06-13,,2025-06-03,
"GEORGY MASLOV",9610793,2012,Suezmax,Russia,2024-02-23,2024-11-25,,2024-12-17,,2025-02-21,,2024-12-24,
GINA,9200964,2000,Aframax,Panama,,,2021-04-16,,,,,,
"G JADES",9131096,1997,Handysize/Handymax,Comoros,2026-05-19,,2022-05-31,,,,,,
GLACIA,9321689,2007,Aframax,"Sierra Leone",,2024-12-17,,2025-02-25,2025-06-19,2025-02-21,,2025-03-04,2025-06-19
GLENDALE,9139945,1996,Handysize/Handymax,Panama,2026-06-05,,,,,,,,
"GLOBAL ANGEL",9311309,2003,Handysize/Handymax,Panama,2025-04-10,,2024-05-31,,,,,,
"GLOBAL GENESIS",9451501,2007,Handysize/Handymax,"Cook Islands",2025-04-10,,2024-05-31,,,,,,
"GLOBAL HAWK",9422859,2007,Handysize/Handymax,"Cook Islands",2025-04-10,,2025-04-30,,,,,,
"GLOBAL RANI",9136113,1996,Handysize/Handymax,Palau,2025-04-10,,2024-05-31,,,,,,
"GLOBAL STAR",9164500,1999,Handysize/Handymax,Panama,2025-04-10,,2024-05-31,,,,,,
"GLOBAL VIVIAN",9002908,1992,Panamax,Panama,2026-04-24,,2022-01-03,,,,,,
GOBY,9363833,2008,Handysize/Handymax,"Marshall Islands",,,2022-04-29,,,,,,
GOGLAND,9430210,2018,Handysize/Handymax,Cameroon,,2025-06-17,,2025-07-20,,2026-02-19,,2025-08-12,
GOLDCREST,9292486,2005,VLCC/ULCC,Mozambique,2024-11-14,,2022-09-01,,,,,,
"GOLDEN EAGLE",9255684,2004,Aframax,Cameroon,2025-12-18,2025-10-15,2025-10-31,2025-07-20,,2026-02-19,,2025-08-12,
"GOLDEN EAGLE II",9325817,2006,Handysize/Handymax,Panama,,,2023-03-01,,,,,,
"GOLDEN MARIN",9234616,2002,Handysize/Handymax,Iran,2024-04-25,,2023-12-31,,,,,,
"GOLDEN SUNRISE",9183362,1999,VLCC/ULCC,Comoros,2026-04-24,,,,,,,,
"GONG DE TIAN",9005065,1993,Handysize/Handymax,Aruba,2024-08-15,,2020-11-12,,,,,,
GOODAL,9244374,2001,Handysize/Handymax,Bahamas,,,2023-12-31,,,,,,
"GREAT SAIL",9177583,2000,Handysize/Handymax,Barbados,2026-05-19,,2022-03-01,,,,,,
"GREEN LAND",9246449,2002,Handysize/Handymax,"Saint Kitts and Nevis",,,2022-06-30,,,,,,
GRIF,9332028,2007,Handysize/Handymax,Cameroon,,2026-02-24,,2025-05-21,,2026-03-25,,2025-06-03,
"GRUS I",9224441,2002,Suezmax,Cameroon,,2025-10-15,,2025-10-24,,,,2025-12-13,2026-02-20
"G SILVER",9139696,1997,Handysize/Handymax,Cameroon,,,2023-11-01,,,,,,
"G SPRING",9040118,1994,Handysize/Handymax,Comoros,,,2022-07-31,,,,,,
"G STAR",9118393,1997,VLCC/ULCC,"Saint Kitts and Nevis",,,2021-04-16,,,,,,
"G SUMMER",9143506,1997,Handysize/Handymax,Angola,2022-08-01,,2022-04-29,,,,,,
"GUANG TAI",9526693,2010,Handysize/Handymax,Guyana,2023-03-02,,2023-03-31,,,,,,
GUANYIN,9299707,2005,Aframax,Cameroon,2025-07-30,2026-02-24,,2025-10-24,,2026-03-25,,2025-12-13,
"GUNUNG GEULIS/PERTAMINA 8004",9398278,2009,Aframax,Indonesia,,,2021-04-16,,,,,,
GURU,9353096,2008,Handysize/Handymax,Cameroon,,2024-11-25,,2025-02-25,,2025-02-21,,2025-03-04,2025-06-19
GUSTAV,9436006,2009,Aframax,Russia,2025-01-10,2025-07-21,2022-03-01,2025-05-21,,2025-06-13,,2025-06-03,
GWEN,9318618,2006,Handysize/Handymax,Cameroon,2026-02-06,,,,,,,,
"HAI HUN",9251951,2002,VLCC/ULCC,Gambia,2024-12-19,,2022-11-01,,,,,,
"HAI LONG",9256468,2003,Aframax,Malawi,2024-04-04,,2021-07-02,,,,,,
HALCYON,9263693,2003,Handysize/Handymax,"Sierra Leone",,,2024-01-31,2025-10-24,,2026-06-12,,2025-12-13,
"HALO 6",9232448,2002,Aframax,Guyana,2024-09-25,,2022-09-01,,,,,,
HALTI,9212890,2002,VLCC/ULCC,Iran,2012-12-13,,,,,,2025-09-28,,
HAMD,9036052,1991,Handysize/Handymax,Iran,2020-06-08,,,,,,2025-09-28,,
HANNAH,9261619,2003,Aframax,Cameroon,,2025-07-21,,2025-05-21,,2026-02-19,,2025-06-03,
"HAPPINESS I",9212905,2003,VLCC/ULCC,Iran,2019-11-04,,,,,,2025-09-28,,
"HAPPY CAMPER",9277773,2004,Panamax,Barbados,,,2024-11-30,,,,,,
"HARMONY STAR",9244623,2002,VLCC/ULCC,Panama,,,2022-06-30,,,,,,
HASH,9186625,1999,Handysize/Handymax,Nicaragua,2025-09-11,,,2025-12-19,,,,2026-01-13,
HASNA,9212917,2003,VLCC/ULCC,Iran,2012-12-13,,,,,,2025-09-28,,
HAUNCAYO,9180164,2000,VLCC/ULCC,Comoros,2026-05-28,,2021-04-16,,,,,,
HAWK,9362061,2008,VLCC/ULCC,Iran,2012-12-13,,,,,,2025-09-28,,
"HAWKS LIBERTY",9228722,2001,Handysize/Handymax,Panama,,,2025-10-31,,,,,,
HAZEL,9081837,1995,Handysize/Handymax,Comoros,,,2020-11-12,,,,,,
H.CONSTANCE,9237773,2002,VLCC/ULCC,Panama,2025-12-11,,,,,,,,
HEANLIMO,9220914,2001,Handysize/Handymax,Malawi,2026-04-24,,2024-04-30,,,,,,
HELM,9357391,2008,VLCC/ULCC,Iran,2012-12-13,,,,,,2025-09-28,,
HEMERA,9263954,2006,Handysize/Handymax,Palau,2025-12-18,,,,,,,,
HENNA,9212929,2003,VLCC/ULCC,Iran,2012-12-13,,,,,,2025-09-28,,
HERA,9326720,2007,Suezmax,Vietnam,,2025-05-09,2022-06-30,2025-05-21,2025-09-17,2025-06-13,,2025-06-03,
HERBY,9362059,2008,VLCC/ULCC,Iran,2012-12-13,,,,,,2025-09-28,,
HERO2,9362073,2007,VLCC/ULCC,Iran,2012-12-13,,,,,,2025-09-28,,
"HH GLORY",9534614,2011,Handysize/Handymax,Panama,2026-04-24,,2025-01-31,,,,,,
"HILDA 1",9357389,2008,VLCC/ULCC,Iran,2012-12-13,,,,,,2025-09-28,,
HITIT,9311751,2006,Handysize/Handymax,Turkey,,2025-10-15,,2025-12-19,,2026-03-25,,2026-01-13,
HOOT,9267962,2003,Handysize/Handymax,Botswana,2026-02-25,,,,,,,,
HORAE,9413004,2009,Aframax,Cameroon,2026-04-15,2026-06-16,,2026-04-24,,2026-06-12,,2026-05-22,
HORNET,9197844,2000,VLCC/ULCC,Benin,2024-10-11,,2021-05-19,,,,,,
HUGE,9357183,2008,VLCC/ULCC,Iran,2012-12-13,,,,,,2025-09-28,,
HUMANITY,9180281,2000,VLCC/ULCC,Iran,2024-08-09,,,,,,2025-09-28,,
"HU PO",9319686,2008,Aframax,"Sierra Leone",,2025-05-09,,2025-07-20,2025-09-17,2025-06-13,,2025-08-12,2026-02-20
HYPERION,9322968,2006,Handysize/Handymax,Russia,2025-01-10,2025-07-21,,2025-05-21,,2025-06-13,,2025-06-03,
ICARO,9038842,1993,Aframax,Panama,2019-12-03,,,,,,,,
IMMANUEL,9056571,1995,Handysize/Handymax,Russia,,2025-07-21,,2025-05-21,,,,2025-06-03,
IMPALAS,9171448,1999,VLCC/ULCC,"Sao Tome and Principe",2025-05-08,,2022-11-01,,,,,,
INA,9308443,2006,Aframax,Cameroon,,2025-05-09,,2025-05-21,2025-09-17,2025-06-13,,2025-06-03,2025-10-30
INDA,9256858,2003,Aframax,Gambia,,2025-09-12,2020-11-12,,,2025-11-06,,,
"INDIGO RAY",9216705,2000,VLCC/ULCC,Vanuatu,,,2026-05-12,,,,,,
INDRAS,9314894,2006,Handysize/Handymax,Russia,,2025-05-09,,2025-05-21,2025-09-17,2025-06-13,,2025-06-03,
INDRI,9247429,2003,Suezmax,"Sierra Leone",,2026-02-24,,2025-07-20,,2026-03-25,,2025-08-12,
INDU,9187435,1999,Aframax,Belize,,,2020-11-12,,,,,,
"INDUS 1",9360415,2007,Handysize/Handymax,"Equatorial Guinea",,2025-05-09,,2025-10-24,2025-09-17,2025-06-13,,2025-12-13,2026-02-20
INFINITA,9258595,2004,Handysize/Handymax,Curaçao,2025-12-18,,2024-04-30,,,,,,
INFINITY,9179701,2000,VLCC/ULCC,Guyana,,,2022-04-29,,,,,,
INGRID,9201592,2000,Aframax,Panama,,,2020-11-12,,,,,,
INTEGRATOR,9436941,2010,Aframax,Russia,2025-01-10,2024-11-25,,2024-12-17,,2025-02-21,,2024-12-24,
INTERSTELLAR,9277797,2004,Panamax,Panama,,,2024-01-31,,,,,,
INVICTA,9250543,2004,Aframax,Cameroon,,2024-11-25,2025-10-31,2025-05-21,,2025-02-21,,2025-06-03,
ION,9144067,1998,Aframax,Comoros,,,2020-11-12,,,,,,
ION,9183271,2000,Suezmax,Cameroon,,,2021-10-29,,,,,,
IRA,9270749,2004,Handysize/Handymax,Cameroon,,2025-05-09,,2025-10-24,2025-09-17,2025-06-13,,2025-12-13,2026-02-20
"IRAN YOUSHAT",8319952,1983,Handysize/Handymax,Iran,2020-06-08,,,,,,2025-09-28,,
"IRGC-N SHAHID BAGHERI",9209350,2023,Handysize/Handymax,Iran,2020-06-08,,,,,,2025-09-28,,
"IRIN KORDESTAN",8917467,1992,Handysize/Handymax,Iran,2020-06-08,,,,,,,,
IRIS,9953523,2024,Aframax,Russia,2024-08-23,2024-09-26,,2024-12-17,,2025-02-21,,2024-12-24,2025-06-19
"IRIS SHAHID MAHDAVI",9209348,2022,Handysize/Handymax,Iran,2020-06-08,,,,,,2025-09-28,,
"IRON WAVE",9248796,2003,Handysize/Handymax,Cameroon,,2025-05-09,,2025-10-24,2025-09-17,2025-06-13,,2025-12-13,2026-02-20
"IRTYSH RIVER",9435375,2009,Handysize/Handymax,Russia,,2025-07-21,,2025-05-21,,,,2025-06-03,
ITAUGUA,9102277,1997,VLCC/ULCC,Comoros,2025-03-13,,2022-07-31,,,,,,
"ITG AMOY",9237620,2003,VLCC/ULCC,Panama,,,2024-07-31,,,,,,
"IVAN AIVAZOVSKY",9876359,2025,Handysize/Handymax,Russia,2025-01-10,2025-09-12,,2026-04-24,,2026-02-19,,2026-05-22,
"IVAN KRAMSKOY",9640499,2012,Handysize/Handymax,Russia,,,,2025-10-24,,2026-03-25,,2025-12-13,
IVY,9337133,2007,VLCC/ULCC,Vietnam,2025-01-10,2025-09-12,2022-07-02,,,2025-11-06,,,
IZOLA,9249312,2001,Suezmax,"Sierra Leone",,2025-05-09,2023-12-01,2025-05-21,2025-09-17,2025-06-13,,2025-06-03,2026-02-20
IZUMO,9249324,2001,Suezmax,Gabon,2024-10-02,,2022-12-01,,,,,,
JACKLYN,9313498,2008,Aframax,Cameroon,,2025-10-15,,2025-07-20,,2026-02-19,,2025-08-12,
JAGGER,9354301,2008,Aframax,Russia,2025-01-10,2025-07-21,,2024-12-17,,2025-06-13,,2025-08-12,
JAGUAR,9167148,1999,Handysize/Handymax,Netherlands,2021-06-10,,,,,,,,
"JAKA TARUB",9176761,1999,Panamax,Indonesia,,,2021-04-16,,,,,,
JALDHARA,9304825,2006,Aframax,"Sierra Leone",,2025-02-24,,2025-07-20,2025-06-19,2025-06-13,,2025-08-12,2025-10-30
"JAL GAMINI",9188788,2000,Suezmax,Tanzania,,,2022-05-31,,,,,,
"JAMES II",9174660,1998,Suezmax,Curaçao,2024-04-25,,2021-04-16,,,,,,
JASKEL,9283289,2005,Aframax,"Sierra Leone",,2025-05-09,,2025-05-21,2025-09-17,2025-06-13,,2025-06-03,2025-10-30
JASMINE,9354313,2008,Aframax,Oman,2025-01-10,2024-07-31,,2024-12-17,,2025-02-21,,2024-12-24,2026-02-20
JAYA,9410387,2008,VLCC/ULCC,Curaçao,2024-12-03,,2022-12-30,,,,,,
JEWEL,9419450,2010,Aframax,Panama,,2026-02-24,,2025-12-19,,2026-03-25,,2026-01-13,
"JIAN HANG TAI DA",9349095,2010,Handysize/Handymax,China,,,2023-03-31,,,,,,
"JI HANG",9281009,2004,Aframax,Cameroon,,2025-10-15,,2025-07-20,,,,2025-08-12,
"JIN HUI",9430272,2009,Handysize/Handymax,Syria,,2026-02-24,,2025-12-19,,2026-06-12,,2026-01-13,
"JIN HYE",8518572,1986,Handysize/Handymax,"Sierra Leone",,2018-03-30,,,,,2018-03-30,,
"JIN LI",9255933,2004,Panamax,Barbados,2026-02-25,,2020-11-12,,,,,,
"JI SONG 6",8898740,1995,Handysize/Handymax,"Democratic Peoples Republic of Korea",2018-02-23,2018-03-30,,,,,2018-03-30,2018-03-30,
"JI XIANG",9301005,2005,Handysize/Handymax,Curaçao,2025-10-09,,2022-06-30,,,,,,
JMA,9246487,2001,Handysize/Handymax,"Cook Islands",2025-12-18,,,,,,,,
JORDAN,9222443,2000,VLCC/ULCC,"Sao Tome and Principe",2025-10-09,,2022-12-01,,,,,,
JUNDAR,9286657,2005,Suezmax,"Sierra Leone",,2024-07-31,,2025-02-25,,2025-02-21,,2025-03-04,2025-06-19
"JUN MA",9353113,2008,Handysize/Handymax,Cameroon,,2025-02-24,,2024-06-25,2025-06-19,2025-06-13,,2024-10-17,2025-10-30
"JUN TONG",9405057,2008,Aframax,Cameroon,,2025-05-09,,2025-05-21,2025-09-17,2025-06-13,,2025-06-03,
JUPITER,9397535,2009,Handysize/Handymax,Russia,2025-01-10,2025-09-12,,2025-10-24,,2026-02-19,,2025-12-13,2026-02-20
"JUPITER I",9599341,2010,Handysize/Handymax,Russia,,2025-02-24,,2026-04-24,2025-06-19,2025-06-13,,2026-05-22,2025-10-30
KAIROS,9236004,2002,Suezmax,Gambia,,2025-07-21,,2025-05-21,,2026-02-19,,2025-06-03,
KALI,9162502,1998,Handysize/Handymax,"Hong Kong",,,2024-01-31,,,,,,
KALININGRAD,9341067,2006,Aframax,Benin,2024-02-23,2025-07-21,,2024-06-25,,2025-06-13,,2024-10-17,
KALUGA,9585924,2021,Handysize/Handymax,Russia,,2025-06-17,,2025-07-20,,2026-02-19,,2025-08-12,
KAMELOT,9265873,2004,Handysize/Handymax,"Sierra Leone",,2025-10-15,,2026-04-24,,,,2026-05-22,
KANHA,9308766,2005,Handysize/Handymax,Palau,,,2024-05-31,,,,,,
"KAPITAN GOTSKY",9372559,2008,Panamax,Russia,2025-01-10,2025-09-12,,2025-12-19,,2026-02-19,,2026-01-13,
"KAPITAN KOSTICHEV",9301392,2005,Aframax,Russia,2025-01-10,2025-07-21,,2025-02-25,,2025-11-06,,2025-03-04,
KARABAKH,9810513,2018,Aframax,Azerbaijan,,,,,,2026-03-25,,,
KARAKUZ,9621558,2013,Handysize/Handymax,Russia,,2025-09-19,,2026-04-24,,,,2026-05-22,
KARELIYA,9306782,2006,Aframax,Russia,2023-11-17,2025-07-21,,2025-02-25,,2025-11-06,,2025-03-04,
KARIZ,9364112,2007,Suezmax,Iran,2019-09-04,,,,,,,,
KAROL,9327413,2006,Handysize/Handymax,Guinea,2024-01-18,2025-09-12,,,,2025-11-06,,,
KARTHA,9317949,2007,Aframax,"Sierra Leone",,2024-10-17,,2025-02-25,,2025-02-21,,2025-03-04,2025-06-19
KATE,9292826,2005,Handysize/Handymax,Panama,,,2026-02-03,,,,,,
KATRAN,9260275,2004,Handysize/Handymax,"Sierra Leone",,2025-10-15,,2025-07-20,,2026-02-19,,2025-08-12,
KATSUYA,9178068,1999,Handysize/Handymax,Gambia,2025-08-21,,2024-12-31,,,,,,
KAVIZ,9282041,2004,Aframax,Comoros,2025-07-30,2026-06-16,,2026-04-24,,2026-06-12,,2026-05-22,
KAZAN,9258002,2003,Aframax,Russia,2023-11-17,2025-07-21,,2025-02-25,,2025-11-06,,2025-03-04,
KEEGAN,9286138,2005,VLCC/ULCC,Cameroon,,,2026-02-03,,,,,,
KEEL,9176929,2002,Handysize/Handymax,Comoros,2026-01-23,,2023-12-31,,,,,,
KEMEROVO,9312884,2007,Aframax,Russia,2024-02-23,2024-11-25,,2024-06-25,,2025-02-21,,2024-10-17,
KEXIN,9265744,2003,Aframax,Cameroon,2025-04-16,,2020-11-12,,,,,,
KHADIGA,9321469,2006,Handysize/Handymax,Palau,2025-12-18,,,,,,,,
KHANKENDI,9867621,2020,Aframax,Azerbaijan,,,,,,2026-03-25,,,
"KING CHAIN",9277761,2004,Panamax,Cameroon,,,2022-05-31,,,,,,
KINGSWAY,9191773,1998,Handysize/Handymax,Panama,,2017-12-28,,,,,,,
"KIRA K",9346720,2007,Aframax,Panama,,2025-02-24,,2025-07-20,2025-06-19,2025-06-13,,2025-08-12,2025-10-30
"KIRILL LAVROV",9333682,2010,Panamax,Russia,2025-01-10,2025-09-12,,2025-12-19,,,,2026-01-13,
"KIRIN STAR",9294290,2004,VLCC/ULCC,Thailand,,,2023-11-01,,,,,,
KLEVER,9411331,2009,Suezmax,Russia,2025-01-10,2025-07-21,,2025-05-21,,2025-11-06,,2025-06-03,
KOALA,9234642,2003,Suezmax,"Antigua Barbuda",,,2022-12-30,2025-05-21,,2026-03-25,,2025-06-03,
KOLA,9217979,2001,VLCC/ULCC,Russia,2025-01-10,,,,,2026-06-12,,,
KOLOMNA,9341093,2006,Aframax,Russia,2024-02-23,2024-11-25,,2025-05-21,,2025-02-21,,2025-06-03,
KOMANDER,9271585,2004,Suezmax,Russia,2025-01-10,2025-07-21,,2024-12-17,,2025-06-13,,2024-12-24,
KONSTANTINOVSK,9113276,1994,Handysize/Handymax,Russia,,2025-10-15,,2025-07-20,,,,2025-08-12,
"KONSTANTIN POSIET",9904704,2026,Aframax,Russia,2024-06-12,,,,,,,,
"KORD ATLANTIC",9299161,2004,Handysize/Handymax,Russia,,2025-07-21,,2025-05-21,,,,2025-06-03,
"KORYAK FSU",9915105,2023,Suezmax,Russia,2023-09-14,,,2024-06-25,,2025-06-13,,2024-10-17,
KOSMOS,9300817,2005,Aframax,Russia,,2026-06-16,,,,,,,
KOTI,9417115,2008,Handysize/Handymax,Malaysia,2018-02-23,2018-03-30,,,,,2018-03-30,,
KOUSAI,9285835,2005,Aframax,"Sierra Leone",,2024-10-17,,2025-02-25,,2025-02-21,,2025-03-04,2025-06-19
KRASNOYARSK,9312896,2007,Aframax,Russia,2024-02-23,2024-11-25,2022-11-01,2024-06-25,,2025-02-21,,2024-10-17,
KRC,9032666,1992,Handysize/Handymax,Comoros,2020-06-08,,,,,,,,
KRYMSK,9270529,2003,Aframax,Russia,2024-02-23,2025-07-21,,2024-06-25,,2025-06-13,,2024-10-17,
KSECOND,9212864,2000,VLCC/ULCC,Tonga,,,2021-07-02,,,,,,
KUBERA,9292577,2005,Handysize/Handymax,"Sierra Leone",,2025-05-20,,2025-07-20,,,,2025-08-12,
KUMJINGANG3,8791667,1996,Handysize/Handymax,"Democratic Peoples Republic of Korea",,2018-03-30,,,,,2018-03-30,,
"KUM UN SAN",8720436,1988,Handysize/Handymax,"Democratic Peoples Republic of Korea",2018-01-24,,,,,,,,
"KUN PENG",9320843,2007,VLCC/ULCC,Curaçao,2025-05-08,,2024-06-30,,,,,,
KUNPENG,9247194,2003,Panamax,"Sierra Leone",,2026-02-24,,,,,,,
KUPAVA,9749154,2017,Handysize/Handymax,Russia,,2025-07-21,,2025-05-21,,2026-02-19,,2025-06-03,
KUSH,9282522,2004,Handysize/Handymax,Comoros,2024-04-04,,2024-04-30,,,,,,
KUSTO,9308833,2005,Aframax,"Sierra Leone",,2025-05-09,,2025-07-20,2025-09-17,2025-06-13,,2025-08-12,
"KWANG CHON",8605026,1986,Handysize/Handymax,"Democratic Peoples Republic of Korea",2018-02-23,2018-03-30,,,,,2018-03-30,2018-03-30,
LADOGA,9339313,2007,Aframax,Russia,2024-02-23,2025-09-12,,2025-10-24,,2025-11-06,,2025-12-13,2026-02-20
"LADY LEILA",9683740,2014,Handysize/Handymax,Russia,2022-04-06,2025-09-12,,2025-12-19,,2025-11-06,,2026-01-13,
"LADY MARIIA",9220641,2000,Handysize/Handymax,Russia,2022-05-08,,,,,,,,
"LADY RANIA",9784893,2015,Handysize/Handymax,Russia,2022-04-06,2025-09-12,,2025-12-19,,2025-06-13,,2026-01-13,
"LADY SEVDA",9683738,2014,Handysize/Handymax,Russia,2022-04-06,2025-09-12,,2025-12-19,,2025-11-06,,2026-01-13,
"LAN JING",9288095,2005,VLCC/ULCC,Curaçao,2024-10-11,,2022-12-01,,,,,,
"LA PEROUSE",9849887,2020,Aframax,Russia,,2024-09-26,,2024-12-17,,2025-02-21,,2024-12-24,
LARK,9277759,2004,Panamax,Cameroon,,2025-05-09,,2025-07-20,2025-09-17,2025-06-13,,2025-08-12,
LATIKA,9288708,2005,Aframax,Cameroon,,2024-10-17,,2025-02-25,,2025-02-21,,2025-03-04,
LATTAFA,9245794,2003,VLCC/ULCC,Aruba,2025-12-11,,2023-12-01,,,,,,
"LAUREN II",9258521,2004,VLCC/ULCC,Panama,2025-01-10,2025-09-12,,,,2025-11-06,,,
LAVENDER,9339337,2008,Aframax,Oman,2025-01-10,2024-07-31,,2024-06-25,,2025-02-21,,2024-10-17,2026-02-20
LAYLA,9306809,2006,Handysize/Handymax,Cameroon,,2026-02-24,2025-03-31,2025-12-19,,2026-06-12,,2026-01-13,
LEBRE,9255672,2004,Aframax,"Sierra Leone",,2025-06-17,,2025-07-20,,2026-02-19,,2025-08-12,
"LEGACY 2",9294795,2004,Handysize/Handymax,Curaçao,2022-07-06,,2021-10-29,,,,,,
LENORE,9259367,2004,VLCC/ULCC,Curaçao,2024-10-11,,2022-12-30,,,,,,
LEONA,9299721,2006,Aframax,"Sao Tome and Principe",2025-01-10,2024-11-25,,2025-10-24,,2025-02-21,,2025-12-13,2025-10-30
LEONID,9198771,2000,Panamax,Panama,,,2021-04-16,,,,,,
LERUO,9385831,2010,Handysize/Handymax,"Sierra Leone",,2025-10-15,,2025-07-20,,2026-02-19,,2025-08-12,
LEVEL,9339325,2007,Aframax,Oman,2025-01-10,2024-07-31,,2025-10-24,,2025-02-21,,2025-12-13,2026-02-20
LEVIN,9293155,2005,Aframax,Cameroon,2026-02-06,2024-12-17,2026-02-03,2025-05-21,2025-06-19,2025-02-21,,2025-06-03,2025-10-30
LEXIE,9203277,2001,VLCC/ULCC,Botswana,2025-03-13,,2020-11-12,,,,,,
LIA,9041057,1996,Suezmax,"Equatorial Guinea",2021-01-19,,2021-10-29,,,,,,
LIDER,9321706,2006,Suezmax,Russia,2025-01-10,2025-07-21,,2025-02-25,,2025-06-13,,2025-03-04,2026-02-20
"LIGOVSKY PROSPECT",9256066,2003,Aframax,Russia,2023-11-17,2025-07-21,,2025-02-25,,2025-11-06,,2025-03-04,
LILIANA,9297905,2005,Suezmax,"Hong Kong",2025-09-02,,,,,,,,
LILLIAN,9153525,1998,VLCC/ULCC,Cameroon,2025-03-13,,2021-10-29,,,,,,
LIMAS,9254082,2003,VLCC/ULCC,Guyana,2024-02-27,,2023-05-31,,,,,,
"LIN 9",9240158,2003,Handysize/Handymax,"Equatorial Guinea",2026-04-24,,,,,,,,
LINDOR,9311531,2005,Aframax,Cameroon,,2025-05-09,,2025-05-21,2025-09-17,2025-06-13,,2025-06-03,
"LING HONG",9408542,2008,Aframax,"Sierra Leone",,2026-06-16,,2026-04-24,,2026-06-12,,2026-05-22,
"LION I",9384069,2009,Aframax,Cameroon,,2025-10-15,,2025-07-20,,2026-02-19,,2025-08-12,
LIPETSK,9339301,2007,Aframax,Russia,2024-02-08,2025-07-21,,2025-02-25,,2025-11-06,,2025-03-04,
LISTIGA,9292838,2005,Handysize/Handymax,"Sierra Leone",,2025-10-15,,2025-07-20,,2026-02-19,,2025-08-12,
"LITEYNY PROSPECT",9256078,2003,Aframax,Russia,2024-02-23,2025-09-12,,2025-10-24,,2025-11-06,,2025-12-13,2026-02-20
LITI,9216547,2001,Panamax,Guinea,2019-04-12,,2022-11-01,,,,,,
"LNG SCORPIO",9307205,2006,Panamax,Panama,,2026-02-24,,,,,,,
LOANNA,9239977,2003,Handysize/Handymax,"Saint Kitts and Nevis",,,2025-01-31,,,,,,
LOLITE,9337195,2008,VLCC/ULCC,Tonga,2025-10-09,,2023-06-30,2026-04-24,,,,2026-05-22,
"LONGEVITY 7",9240885,2002,Handysize/Handymax,Malawi,2026-01-23,2025-05-09,2020-11-12,2025-10-24,2025-09-17,2025-06-13,,2025-12-13,2026-02-20
LORA,9297319,2005,VLCC/ULCC,Curaçao,2024-10-11,,2023-04-28,,,,,,
LORIAN,9259343,2003,VLCC/ULCC,Cameroon,,,2026-05-12,,,,,,
LOTUS,9392822,2008,Aframax,Syria,2025-01-10,2025-07-21,2025-02-28,2025-05-21,,2025-11-06,,2025-06-03,2025-10-30
"LOUISE 1",9290323,2004,Suezmax,Panama,,,2024-06-30,,,,,,
LOUIZA,9281554,2004,Handysize/Handymax,Curaçao,2024-06-27,,2024-06-30,,,,,,
LOURDES,9259692,2002,Aframax,Cuba,2019-09-24,,,,,,,,
"LOYAL GLIDE",9270555,2003,Aframax,Cameroon,,2026-06-16,,2026-04-24,,,,2026-05-22,
"LPGC SARAH",9014420,1993,Handysize/Handymax,Comoros,2025-04-28,,2021-04-16,,,,,,
LUCH,9317315,2006,Panamax,Russia,,2026-06-16,,,,,,,
"LUISA CACERES DE ARISMENDI",9117478,1996,Handysize/Handymax,Venezuela,2019-12-03,,,,,,,,
LUMIN,9330599,2006,Aframax,Cameroon,,2026-02-24,,2025-07-20,,2026-03-25,,2025-08-12,
"LUMINA OCEAN",9430715,2012,Handysize/Handymax,Curaçao,2025-12-18,,,,,,,,
LUMIS,9273387,2003,Handysize/Handymax,Vietnam,,2025-09-12,,,,2025-11-06,,,
"LUNA LUSTER",9292187,2005,VLCC/ULCC,"Sierra Leone",2026-05-19,,2026-02-03,2026-04-24,,,,2026-05-22,
LYNN,9352559,2007,VLCC/ULCC,Malawi,2026-04-24,,2025-08-24,,,,,,
LYNX,9412347,2011,Suezmax,Oman,2025-01-10,2024-09-11,,2024-12-17,,2025-02-21,,2024-12-24,2026-02-20
LYRA,9314088,2004,Aframax,Panama,2025-01-10,2025-07-21,2025-03-31,2025-05-21,,2025-11-06,,2025-06-03,2025-10-30
"M3S X",9405617,2008,Handysize/Handymax,"Saint Kitts and Nevis",,,2022-04-29,,,,,,
"MACHO QUEEN",9238868,2003,VLCC/ULCC,"Hong Kong",2025-08-21,,2025-04-30,,,,,,
MACKEREL,9234628,2003,Handysize/Handymax,Panama,,,2025-10-31,,,,,,
"MACKEREL GA",9236755,2002,Handysize/Handymax,Gambia,,,2024-06-30,,,,,,
MADESTAR,9289726,2005,VLCC/ULCC,Panama,2025-10-09,,2025-01-31,,,,,,
MAGNOLIYA,9293997,2006,Handysize/Handymax,Russia,,2025-10-15,,2025-12-19,,2026-03-25,,2026-01-13,
MAHVA,9150365,1998,Suezmax,Guyana,2024-02-27,,2023-03-31,,,,,,
MAINI,9319870,2007,Aframax,Cameroon,,2025-05-09,,2025-05-21,2025-09-17,2025-06-13,,2025-06-03,
MAISAN,9289776,2005,Panamax,Benin,2025-04-28,2025-05-09,2025-04-30,2025-07-20,2025-09-17,2025-06-13,,2025-08-12,
MAISHA,9232929,2002,Suezmax,"Equatorial Guinea",,2025-05-09,,2025-05-21,2025-09-17,2025-06-13,,2025-06-03,2025-10-30
"MAJESTIC X",9198317,2001,VLCC/ULCC,Guyana,2024-12-03,,2023-05-31,,,,,,
"MA JIN",9346744,2007,Aframax,"Sierra Leone",,2025-02-24,,2025-05-21,2025-06-19,2025-06-13,,2025-06-03,2025-09-12
MAKALU,9314105,2005,Aframax,"Equatorial Guinea",2025-01-10,2025-07-21,,2025-05-21,,2025-11-06,,2025-06-03,
MAKRAN,9486910,2010,Aframax,Iran,2024-08-09,,,,,,,,
MALAK,9378632,2009,Aframax,Comoros,2025-01-10,2025-07-21,,2025-05-21,,2025-11-06,,2025-06-03,
MALED,9408798,2008,Handysize/Handymax,Barbados,,,2023-12-31,,,,,,
MALI,9229439,2001,VLCC/ULCC,"Sao Tome and Principe",2024-12-03,,2021-04-16,,,,,,
MANASLU,9388027,2008,Handysize/Handymax,Cameroon,2025-07-30,2026-02-24,,2025-10-24,,2026-03-25,,2025-12-13,
MANDALA,9299135,2006,Panamax,Cameroon,,2025-10-15,,,,2026-06-12,,,
MANTA,9424651,2009,Handysize/Handymax,"Sierra Leone",,2025-07-21,,2025-05-21,,2026-02-19,,2025-06-03,
"MANUELA SAENZ",9117492,1997,Handysize/Handymax,Venezuela,2019-12-03,,,,,,,,
MAOMING,9215103,2001,Handysize/Handymax,Iran,2024-07-18,,2024-05-31,,,,,,
MARAL,9251896,2004,Handysize/Handymax,Curaçao,2025-10-09,,,,,,,,
MARBLE,9323974,2006,Aframax,Cameroon,,2025-05-09,,2025-07-20,,2026-02-19,,2025-08-12,
MARIA,9198783,2000,Panamax,Russia,2025-01-10,2025-09-12,,2025-07-20,,2025-11-06,,2025-08-12,
"MARIA CRISTINA",9502453,2010,Handysize/Handymax,Cuba,2019-09-24,,,,,,,,
MARIEL,9247376,2002,Suezmax,"Sierra Leone",,2025-10-15,,2025-07-20,,,,2025-08-12,
"MARINE OMEGA",9253064,2003,Aframax,Cameroon,,,2021-11-30,,,,,,
"MARINE SPIRIT",9288019,2005,Panamax,Comoros,2025-03-13,,2024-07-31,,,,,,
MARINSTRAUM,9390317,2007,Handysize/Handymax,Russia,,,,2025-10-24,,2026-03-25,,2025-12-13,
MARIS,9263382,2003,Handysize/Handymax,Guinea,2024-06-27,,2024-04-01,,,,,,
MARIVAN,8517243,1985,Handysize/Handymax,Iran,2012-12-13,,,,,,2025-09-28,,
MARIVEX,9464156,2009,Handysize/Handymax,Palau,2025-12-18,,2022-12-01,,,,,,
MARJORIE,9296377,2006,Suezmax,"Sierra Leone",,2026-06-16,,2026-04-24,,2026-06-12,,2026-05-22,
MARLENE,9252436,2003,Handysize/Handymax,"Hong Kong",,,2024-01-31,,,,,,
MARLIM,9013749,1993,VLCC/ULCC,Mongolia,,,,,,,2025-09-28,,
MARLIM,9079092,1996,VLCC/ULCC,Comoros,,,,,,,2025-09-28,,
MARLIN,9585912,2020,Handysize/Handymax,Russia,,2025-06-17,,2025-07-20,,2026-02-19,,2025-08-12,
MARQUISE,9315745,2006,Handysize/Handymax,Cameroon,,2025-10-15,,2025-10-24,,2026-02-19,,2025-12-13,2026-02-20
"MARS 6",9384992,2007,Aframax,"Sierra Leone",,2025-10-15,,2025-07-20,,,,2025-08-12,
MARSER,9031519,1993,Handysize/Handymax,Angola,2025-10-09,,2023-02-01,,,,,,
"MARSHAL VASILEVSKIY",9778313,2018,Aframax,Russia,,2024-10-17,,,,2025-02-21,,,
"MARSHAL ZHUKOV",9690224,2014,Handysize/Handymax,Russia,2016-12-20,,,,,,,,
"MARVEL 7",8223050,2010,Handysize/Handymax,Tanzania,,,2024-08-30,,,,,,
MARVEN,9305556,2005,Aframax,Cameroon,,2026-06-16,,2026-04-24,,2026-06-12,,2026-05-22,
MASAL,9169421,1998,Suezmax,Iran,2024-12-03,,,,,,,,
MATARI,9253313,2003,Aframax,"Sierra Leone",,2025-05-20,,2025-07-20,,2025-06-13,,2025-08-12,
MATISA,9820336,2018,Handysize/Handymax,Iran,2020-06-08,,,,,,,,
MAVERICK,9321562,2007,Panamax,"Sierra Leone",,2026-02-24,,2025-10-24,,2026-03-25,,2025-12-13,
MAYA,9171357,2000,Handysize/Handymax,Netherlands,2024-08-15,,2023-03-31,,,,,,
MAYLO,9331153,2007,Aframax,"Sierra Leone",,2024-11-25,,2024-06-25,,2025-02-21,,2024-10-17,
MAYMEI,9133082,1997,Handysize/Handymax,Palau,2026-05-28,,2025-01-31,,,,,,
"MD MIRANDA",9198290,1999,Handysize/Handymax,Gambia,,2025-05-09,,2025-05-21,2025-09-17,2025-06-13,,2025-06-03,2025-10-30
MEDNA,9281683,2005,VLCC/ULCC,Comoros,2024-04-04,,2021-10-29,2024-12-17,,2025-06-13,,2024-12-24,
"MEER GAS",9177806,1999,Handysize/Handymax,Mozambique,2026-04-24,,,,,,,,
MEGION,9590137,2011,Handysize/Handymax,Russia,2025-01-10,2025-09-12,,2025-10-24,,2026-02-19,,2025-12-13,
MEHLE,9191711,1999,Suezmax,Panama,2024-01-12,,2023-07-31,,,,,,
MELENIA,9302023,2005,VLCC/ULCC,Djibouti,2024-12-19,,2024-12-31,,,,,,
MELISSA,9323326,2006,Handysize/Handymax,Russia,,2026-02-24,,2025-10-24,,2026-03-25,,2025-12-13,
MELITE,9288710,2005,Aframax,Cameroon,,2024-10-17,,2025-02-25,,2025-02-21,,2025-03-04,2025-06-19
"MELITO CARRIER",8920581,1993,Handysize/Handymax,Russia,,,,2025-10-24,,2026-03-25,,2025-12-13,
MENA,8909472,1991,Handysize/Handymax,Iran,2020-06-08,,,,,,,,
MERCURIUS,9312494,2006,VLCC/ULCC,Mozambique,2026-02-06,,,,,,,,
MERKURIY,9326689,2006,Aframax,Russia,,2026-06-16,,,,,,,
MEROPE,9281891,2003,Aframax,Panama,2025-01-10,2025-07-21,2022-03-01,2025-02-25,,2025-06-13,,2025-03-04,2025-10-30
MERU,9187227,2000,Suezmax,"Equatorial Guinea",2025-01-10,2025-07-21,2023-07-31,2025-05-21,,2025-11-06,,2025-06-03,
MEZEN,9353125,2008,Handysize/Handymax,Russia,,2025-05-09,,2025-05-21,2025-09-17,2025-06-13,,2025-06-03,
"MIB 1",8806321,1988,Handysize/Handymax,Eswatini,,,2022-03-01,,,,,,
MIDAS,9266841,2003,Aframax,Panama,2026-05-19,,2026-02-03,,,,,,
"MIGHTY NAVIGATOR",9206396,2001,Handysize/Handymax,"Hong Kong",2026-05-19,,,,,,,,
MIKATI,9250892,2003,Aframax,"Sierra Leone",,2024-11-25,,2025-07-20,,2025-02-21,,2025-08-12,2026-02-20
"MIKHAIL LAZAREV",9837547,2019,Handysize/Handymax,Russia,2025-01-10,2025-09-12,,2026-04-24,,2026-02-19,,2026-05-22,
"MIKHAIL ULYANOV",9333670,2010,Panamax,Russia,2025-01-10,2025-09-12,,2025-12-19,,,,2026-01-13,
MILLEROVO,9035541,2013,Handysize/Handymax,Russia,,,,,2025-09-17,2025-06-13,,,2026-02-20
"MIN HANG",9257137,2003,Suezmax,"Cook Islands",2025-01-10,2025-07-21,2022-12-01,2025-05-21,,2025-11-06,,2025-06-03,
MIRAAN,9242481,2002,Handysize/Handymax,Curaçao,2026-04-24,,2024-04-30,,,,,,
MIRABEL,9511521,2010,Aframax,Oman,2025-01-10,2024-10-17,,2024-12-17,,2025-02-21,,2024-12-24,2026-02-20
MIRADOR,9288693,2004,Aframax,Cameroon,,2024-12-17,,2025-02-25,2025-06-19,2025-02-21,,2025-03-04,2025-06-19
MIRES,9299771,2005,Aframax,"Sierra Leone",,2025-06-17,,2025-10-24,,2026-02-19,,2025-12-13,2026-02-20
MISHELL,9332315,2008,Handysize/Handymax,Cameroon,2025-07-30,,,,,,,,
MITZEL,9233741,2003,Suezmax,"Equatorial Guinea",2025-01-10,2025-07-21,,2025-05-21,,2025-11-06,,2025-06-03,
MOCHA,9271951,2004,Handysize/Handymax,Cameroon,,2024-12-17,,2025-02-25,2025-06-19,2025-02-21,,2025-03-04,2025-10-30
MODESTE,9220938,2001,Handysize/Handymax,Gambia,2024-10-17,,2022-04-29,,,,,,
MOLLY,9531375,2013,Handysize/Handymax,Comoros,2025-07-30,,,,,,,,
MONIQUE,9311270,2005,VLCC/ULCC,"Equatorial Guinea",2025-12-11,,2023-08-31,,,,,,
"MONTE 1",9297553,2006,Aframax,Cameroon,,2025-06-17,,2025-07-20,,2026-02-19,,2025-08-12,
MOONBAY,9230907,2002,VLCC/ULCC,Guyana,2024-03-06,,2023-11-01,,,,,,
MORALITY,9259898,2003,Handysize/Handymax,Panama,,,2024-06-30,,,,,,
"MR NAUTILUS",9150767,1998,Handysize/Handymax,Cameroon,,,2020-11-12,,,,,,
"M SOPHIA",9289477,2004,VLCC/ULCC,Panama,2025-01-10,2025-09-12,,,,2025-11-06,,,
"MT ANANTHA",9689031,2018,Handysize/Handymax,India,,,2022-04-29,,,,,,
"MT AVINA",9291236,2005,Aframax,Barbados,,,2025-08-24,,,,,,
"MT CUMA",9379703,2009,VLCC/ULCC,Guyana,2024-10-11,,2022-07-31,,,,,,
"MT ELCANO",9341512,2006,Handysize/Handymax,Guyana,2024-12-03,,2020-11-12,,,,,,
"MT FELICITY",9183934,2000,VLCC/ULCC,Iran,2013-03-14,,,,,,2025-09-28,,
"M.T HEDY",9212888,2002,VLCC/ULCC,Iran,2012-12-13,,,,,,2025-09-28,,
"MT JUMBO",9290335,2004,Suezmax,"Sierra Leone",,2025-02-24,,2025-05-21,2025-06-19,2025-06-13,,2025-06-03,2025-09-12
"MT LBS",9271406,2003,Aframax,Tonga,2025-02-24,,2022-01-03,,,,,,
MT.MARIS,9353905,2007,Handysize/Handymax,Iran,2026-01-23,,2024-10-31,,,,,,
"MT SAURI",9266475,2003,Handysize/Handymax,Cameroon,,2025-02-24,,2025-02-25,2025-06-19,2025-06-13,,2025-03-04,2025-09-12
"MT. SHELIF",9102241,1996,VLCC/ULCC,Guyana,2025-07-03,,2022-12-30,,,,,,
"M.T. SULLANA",9180152,2000,VLCC/ULCC,Curaçao,2025-10-09,,2023-07-31,,,,,,
"MT TIBER",9411288,2007,Handysize/Handymax,Guinea,2024-06-27,,2024-03-01,,,,,,
"MT VIRGO",9236250,2002,VLCC/ULCC,Botswana,2025-04-10,,2021-06-28,,,,,,
MULAN,9340465,2006,Handysize/Handymax,Barbados,,,2024-01-31,,,,,,
MURLIKISHAN,9269403,2003,Handysize/Handymax,Madagascar,2025-12-18,,2025-08-24,,,,,,
MURMANSK,9167930,1998,Handysize/Handymax,Russia,2025-01-10,2025-09-12,,2025-12-19,,,,2026-01-13,
MUSIK,9305051,2006,Handysize/Handymax,Bahamas,,,2026-05-12,,,,,,
MYRA,9336490,2006,Panamax,Madagascar,2025-07-30,2026-02-24,,2025-10-24,,2026-03-25,,2025-12-13,
"MYRI JOY",9215098,2000,Handysize/Handymax,"Hong Kong",,,2025-01-31,,,,,,
MYSTERY,9332834,2007,Aframax,"Equatorial Guinea",,2025-02-24,,2025-07-20,2025-06-19,2025-06-13,,2025-08-12,2025-09-12
NACHOS,9330604,2007,Aframax,"Sierra Leone",,2025-05-09,,,2025-09-17,2025-06-13,,,2026-02-20
NADIYA,9118745,1994,Handysize/Handymax,Panama,2025-04-10,,,,,,,,
NAGARJUNA,9299733,2006,Aframax,"Sierra Leone",,2024-10-17,,2025-07-20,,2025-02-21,,2025-08-12,2026-02-20
NAMSAN8,8122347,1982,Handysize/Handymax,"Democratic Peoples Republic of Korea",2018-02-23,2018-03-30,,,,,2018-03-30,2018-03-30,
NARCISSUS,9232931,2003,Suezmax,Panama,,2025-05-09,2023-06-30,2025-05-21,2025-09-17,2025-06-13,,2025-06-03,2025-10-30
NAROON,9079066,1996,VLCC/ULCC,Iran,2012-12-13,,,,,,2025-09-28,,
NARSIS,9408358,2008,Handysize/Handymax,Cameroon,2026-05-19,,,,,,2025-09-28,,
NARVAL,9116632,1996,Aframax,Nicaragua,2022-05-08,,,,,,,,
NASHA,9079107,1996,VLCC/ULCC,Iran,2012-12-13,,,,,,2025-09-28,,
NASIMI,9397676,2006,Handysize/Handymax,Azerbaijan,,,,,,2025-06-13,,,
NASLEDIE,9293002,2005,Aframax,Russia,,2025-05-09,,2025-05-21,2025-09-17,2025-06-13,,2025-06-03,
"NATALINA 7",9310147,2006,VLCC/ULCC,Comoros,2025-03-20,,2023-06-30,,,,,,
"NAUTICAL ECHO",9300829,2005,Handysize/Handymax,Barbados,,,2025-10-31,,,,,,
"NAUTILUS I",9193721,2000,Handysize/Handymax,Angola,2026-02-25,,2020-11-12,,,,,,
NAVARZ,9079078,1996,VLCC/ULCC,Iran,2012-12-13,,,,,,2025-09-28,,
NAVIA,9260366,2002,Handysize/Handymax,Vietnam,,,2020-11-12,,,,,,
NAVIK,8920579,1993,Handysize/Handymax,Russia,,,,2025-10-24,,2026-03-25,,2025-12-13,
NAVIS,9008108,1992,Handysize/Handymax,Angola,2025-10-09,,2022-07-31,,,,,,
NAVISTAR,9296810,2005,Aframax,Cameroon,,2025-05-20,2023-08-31,2025-05-21,,,,2025-06-03,
NAVIXON,9115303,1996,Handysize/Handymax,Angola,2025-10-09,,2021-04-16,,,,,,
NAYARA,9264570,2002,Aframax,Palau,2025-07-03,2025-05-09,2024-12-31,2025-07-20,2025-09-17,2025-06-13,,2025-08-12,
"NEBULA DRIFT",9233973,2002,Handysize/Handymax,Palau,2025-12-18,,2024-05-31,,,,,,
NECLEUS,9371608,2008,VLCC/ULCC,Malawi,2024-12-03,,2023-03-31,,,,,,
NECLEUS,9248485,2002,VLCC/ULCC,Liberia,2025-07-30,,2021-04-16,,,,,,
"NEER 1",9224283,2002,Suezmax,Gambia,2025-01-10,2025-07-21,,2025-02-25,,2025-11-06,,2025-03-04,
NELSA,9408205,2010,Suezmax,Cameroon,,2024-12-17,,2025-05-21,2025-06-19,2025-02-21,,2025-06-03,2025-09-12
NEMRUT,9439541,2009,Aframax,Cameroon,2025-07-30,2026-02-24,,2025-10-24,,2026-03-25,,2025-12-13,
NEON,9183295,1999,Aframax,"Sierra Leone",,2025-05-09,,2025-05-21,2025-09-17,2025-06-13,,2025-06-03,2026-02-20
NEREIDA,9163269,1998,Handysize/Handymax,Comoros,2025-02-24,,2025-02-28,,,,,,
NERO,9374868,2007,Aframax,Vietnam,,2025-05-09,,2025-07-20,2025-09-17,2025-06-13,,2025-08-12,
NERO,9292046,2005,Handysize/Handymax,Cameroon,,2026-02-24,,2025-10-24,,2026-03-25,,2025-12-13,
NESO,9257149,2004,VLCC/ULCC,Panama,2025-03-13,,2024-03-01,,,,,,
NEVAH,9368235,2008,Aframax,Cameroon,,2025-02-24,,2025-05-21,2025-06-19,2025-06-13,,2025-06-03,2025-10-30
"NEVSKIY PROSPECT",9256054,2003,Aframax,Russia,2024-02-23,2025-09-12,,2025-10-24,,2025-11-06,,2025-12-13,2026-02-20
"NEW FUSION",9277723,2004,Panamax,Panama,2026-05-01,,2024-04-01,,,,,,
"NEW FUTURE",9259185,2002,Aframax,Malawi,2024-04-04,2024-11-25,2021-06-21,2024-06-25,,2025-02-21,,2024-10-17,
"NEW GATE",9228784,2002,Handysize/Handymax,Mali,2025-09-11,,,,,,,,
"NEW POWER",9266853,2004,Aframax,Comoros,2025-01-10,2025-07-21,2025-03-31,2025-05-21,,2025-11-06,,2025-06-03,
"NEW STAR",9299563,2005,Panamax,Mozambique,2026-02-25,,2025-10-31,,,,,,
"NEW VENTURE",9281580,2006,Handysize/Handymax,Barbados,,,2025-08-24,,,,,,
NEXOR,9240419,2003,Handysize/Handymax,Gabon,2026-05-19,,2023-02-01,,,,,,
NICHOLA,9224271,2002,Suezmax,Guyana,2024-10-11,,2021-04-16,,,,,,
NICHOLE,9332822,2007,Aframax,Cameroon,,2025-02-24,,2025-02-25,2025-06-19,2025-06-13,,2025-03-04,2025-09-12
NIDI,8818843,1990,Handysize/Handymax,Botswana,2025-10-09,,2020-11-12,,,,,,
"NIGHT GLORY",9319674,2007,Aframax,"Equatorial Guinea",,2025-02-24,,2025-05-21,2025-06-19,2025-06-13,,2025-06-03,2025-10-30
NIKI,9820312,2018,Handysize/Handymax,Iran,2020-06-08,,,,,,,,
"NIKOLAY ZADORNOV",9901037,2022,Aframax,Russia,2025-01-10,2025-02-24,,2025-02-25,2025-06-19,2025-06-13,,2025-03-04,2025-10-30
NIL308,9285744,2004,Handysize/Handymax,Gambia,2024-12-03,,2024-09-30,,,,,,
NILANGA,9412452,2010,Aframax,"Equatorial Guinea",,2026-02-24,,2025-10-24,,2026-03-25,,2025-12-13,
"NIMBUS SPB",8821761,1991,Handysize/Handymax,Russia,,2025-07-21,,2025-05-21,,2026-02-19,,2025-06-03,
NIRETA,9237785,2003,VLCC/ULCC,Vanuatu,,,2026-05-12,,,,,,
NIRVANA,9158161,1999,Handysize/Handymax,Iran,2024-04-25,,2022-06-30,,,,,,
"NIZAMI GANJAVI",9369617,2006,Handysize/Handymax,Russia,,,,2025-07-20,,2026-03-25,,2025-08-12,
NOBLE,9162928,1998,Handysize/Handymax,Guinea,2024-06-27,,2020-11-12,,,,,,
NOBLE,9333400,2006,Handysize/Handymax,Cameroon,,2025-02-24,,2025-02-25,2025-06-19,2025-06-13,,2025-03-04,2025-10-30
"NOBLE WALKER",9292981,2004,Aframax,Aruba,,2024-12-17,,2025-05-21,2025-06-19,2025-02-21,,2025-06-03,2025-09-12
NOCTIS,9258868,2003,Aframax,Cameroon,,2024-12-17,,2025-02-25,2025-06-19,2025-02-21,,2025-03-04,2025-09-12
NOMAD,9610781,2012,Suezmax,Oman,2025-01-10,2024-09-11,,2024-12-17,,2025-02-21,,2024-12-24,2026-02-20
"NOOH GAS",9034690,1993,Handysize/Handymax,Botswana,2026-02-25,,,,,,,,
NORA,9237539,2002,VLCC/ULCC,Guyana,2020-10-26,,2025-10-31,,,,,,
"NORD STAR",9323596,2006,Handysize/Handymax,Panama,2025-12-31,,,,,,,,
NORDSTRAUM,9036284,1992,Handysize/Handymax,Russia,,,,2025-10-24,,2026-03-25,,2025-12-13,
NORELIA,9288899,2005,Suezmax,"Sierra Leone",,2024-07-31,,2025-02-25,,2025-02-21,,2025-03-04,2025-06-19
NORITA,9197727,1999,Handysize/Handymax,Guyana,2026-01-23,,2025-01-31,,,,,,
NORNS,9439058,2009,VLCC/ULCC,Gabon,,,2023-04-28,,,,,,
NOSU,9318539,2007,Suezmax,Cameroon,,2024-12-17,,2025-02-25,2025-06-19,2025-02-21,,2025-03-04,2025-06-19
NOVA,9283801,2004,VLCC/ULCC,Curaçao,2025-04-16,,2022-09-01,,,,,,
NOVA,9141259,1997,Handysize/Handymax,"Sao Tome and Principe",2024-09-25,,2024-08-30,,,,,,
NOVA,9379052,2009,Handysize/Handymax,Cameroon,,2025-06-17,,2025-05-21,,2025-06-13,,2025-06-03,2025-10-30
"NOVA ENERGY",9324277,2007,Aframax,Guyana,2024-09-05,2024-09-26,,2025-07-20,,2025-02-21,,2025-08-12,
NOVATOR,9297357,2006,Aframax,Russia,2025-01-10,2025-09-12,,2025-07-20,,2025-11-06,,2025-08-12,
NOXEN,9189146,2001,Suezmax,Comoros,2025-07-30,2025-06-17,2021-06-21,2025-10-24,,2026-02-19,,2025-12-13,2026-02-20
NOYABRSK,8915550,1991,Handysize/Handymax,Russia,,,,2025-10-24,,2026-03-25,,2025-12-13,
"NP DIKSON",9255270,2004,Handysize/Handymax,Russia,2022-05-08,2025-09-12,,2025-12-19,,2025-11-06,,2026-01-13,
"NP DUDINKA",9183831,2000,Handysize/Handymax,Russia,2022-05-08,2025-07-21,,2025-05-21,,2025-11-06,,2025-06-03,
"NV AQUAMARINE",9307736,2006,Handysize/Handymax,Vietnam,,,2022-01-03,,,,,,
"NVS PIONEER",9171345,2000,Handysize/Handymax,Palau,,,2024-09-30,,,,,,
"NV SUNSHINE",9350288,2007,Handysize/Handymax,Vietnam,,,2023-11-01,,,,,,
"NYMPH THETIS",9232369,2000,Handysize/Handymax,Barbados,,,2022-11-01,,,,,,
OASIS,9511387,2010,Aframax,Oman,,2024-09-11,,2025-05-21,,2025-02-21,,2025-06-03,2026-02-20
"OCEAN 11",9194969,2000,Handysize/Handymax,Timor-Leste,2026-05-19,,2021-10-29,,,,,,
"OCEANA KAI",9221267,2001,Handysize/Handymax,Aruba,2025-04-10,,2024-05-31,,,,,,
"OCEAN CROWN",9034705,1993,Handysize/Handymax,Botswana,2026-01-23,,,,,,,,
"OCEAN II",9233777,2003,Suezmax,Cameroon,,2025-10-15,,2026-04-24,,,,2026-05-22,
OCEANJET,9546722,2010,Handysize/Handymax,Madagascar,2024-04-25,,2023-12-31,,,,,,
"OCEAN RI",9105102,1996,Handysize/Handymax,Palau,,,2021-04-16,,,,,,
"OCEAN RIVER",9284594,2004,Aframax,Curaçao,2025-01-10,2025-05-20,2022-01-03,2025-05-21,,2025-11-06,,2025-06-03,2025-10-30
"OCEAN WAVE",9387152,2007,Handysize/Handymax,Palau,2026-05-19,,2024-05-31,,,,,,
"OCEAN WINGS",9255660,2004,Aframax,Cameroon,,2024-12-17,,2025-02-25,2025-06-19,2025-02-21,,2025-03-04,2025-10-30
OCTANS,9224295,2001,VLCC/ULCC,Nicaragua,2024-10-11,,2021-04-16,,,,,,
ODIN,9151890,1998,Handysize/Handymax,Russia,,2025-07-21,,2025-05-21,,,,2025-06-03,
ODUNE,9229374,2002,Suezmax,"Sierra Leone",,2025-05-09,,2025-05-21,2025-09-17,2025-06-13,,2025-06-03,
OKEAN,9142916,1996,Handysize/Handymax,Russia,,2025-07-21,,2025-05-21,,,,2025-06-03,
"OKEANSKY PROSPECT",9866380,2022,Aframax,Russia,2025-01-10,2025-07-21,,2024-12-17,,2025-06-13,,2024-12-24,
"OLAF 1",9224465,2002,Suezmax,Panama,2025-01-10,2025-07-21,,2025-05-21,,2025-06-13,,2025-06-03,
OLANGA,9286463,2004,Handysize/Handymax,Russia,2025-01-10,2025-09-12,,2025-12-19,,,,2026-01-13,
OLGA,9309239,2007,Handysize/Handymax,Curaçao,2024-06-27,,2024-06-30,,,,,,
OLGA,9289740,2005,Handysize/Handymax,Curaçao,2025-10-09,,,,,,,,
OLINA,9282479,2005,Aframax,"Sao Tome and Principe",2025-01-10,2024-12-17,2025-03-31,2025-02-25,2025-06-19,2025-02-21,,2025-03-04,2025-06-19
OLIVIA,9247065,2003,Handysize/Handymax,"Sao Tome and Principe",,,2025-01-31,,,,,,
OLYM,9212759,2001,Suezmax,Guyana,2024-03-15,,2022-09-01,,,,,,
OMRA,9264881,2004,VLCC/ULCC,Comoros,2025-07-30,,2022-07-31,,,,,,
OMSK,9418509,2008,Handysize/Handymax,Russia,2025-01-10,2025-09-12,,2025-12-19,,,,2026-01-13,
ONEGA,9384459,2010,Handysize/Handymax,Russia,,2025-02-24,,2025-10-24,2025-06-19,2025-06-13,,2025-12-13,2025-10-30
ONEIROI,9390587,2008,Aframax,Cameroon,,2026-06-16,,2026-04-24,,,,2026-05-22,
"ON VICTOR",9127667,1997,Handysize/Handymax,Angola,2025-07-30,,2022-11-01,,,,,,
OPAL,9286023,2004,Panamax,Cameroon,,2025-05-20,,2025-05-21,,2026-02-19,,2025-06-03,
OPHELIA,8010427,1981,Handysize/Handymax,Russia,,,,2025-10-24,,2026-03-25,,2025-12-13,
OPPORTUNITY,9079080,1996,VLCC/ULCC,Comoros,,,,,,,2025-09-28,,
ORENBURG,9537109,2012,Handysize/Handymax,Russia,2025-01-10,2025-09-12,,2025-10-24,,,,2025-12-13,2026-02-20
ORION,9294264,2005,Panamax,Russia,,2026-06-16,,,,,,,
ORION,9131357,1997,Suezmax,Cameroon,,2025-10-15,2023-12-01,,,2026-06-12,,,
ORPHIC,9221671,2000,Handysize/Handymax,Curaçao,2024-10-11,,2024-07-31,,,,,,
ORVI,9321718,2006,Suezmax,Comoros,2025-07-30,2026-02-24,,2025-10-24,,2026-06-12,,2025-12-13,
OSANA,9394935,2008,Aframax,"Sierra Leone",,2024-07-31,,2024-06-25,,2025-02-21,,2024-10-17,2026-02-20
OSAR,9314820,2006,Handysize/Handymax,"Sierra Leone",,2025-10-15,,2025-10-24,,2026-02-19,,2025-12-13,2026-02-20
OSTRIA,9260067,2003,Handysize/Handymax,Botswana,2024-10-17,,2024-10-31,2025-07-20,,2026-06-12,,2025-08-12,
"OSTROV RUSSKIY",9087714,1994,Handysize/Handymax,Russia,,2025-07-21,,2025-05-21,,2025-06-13,,2025-06-03,
OTARIA,9192260,2000,Aframax,Cameroon,,,2020-11-12,,,,,,
OTLA,9299719,2005,Aframax,Zimbabwe,2023-12-01,2025-05-20,,2025-02-25,,2025-11-06,,2025-03-04,
OXIS,9224805,2001,VLCC/ULCC,Gambia,2025-02-06,2025-09-12,2021-10-29,,,2026-02-19,,,
PABLO,9133587,1997,Aframax,Gabon,,,2020-11-12,,,,,,
PACIFIC,9329667,2008,Handysize/Handymax,Cameroon,,2025-07-21,,2025-02-25,,2026-02-19,,2025-03-04,
"PACIFIC EXPLORER",9571052,2011,Handysize/Handymax,Mali,2025-07-30,,,,,,,,
PACIFICOS,9288930,2004,Handysize/Handymax,Russia,,2025-05-09,,2025-10-24,2025-09-17,2025-06-13,,2025-12-13,2026-02-20
"PAEK MA",9066978,1993,Handysize/Handymax,"Democratic Peoples Republic of Korea",2018-02-23,2018-03-30,,,,,2018-03-30,2018-03-30,
PALARA,9299898,2005,Aframax,"Sierra Leone",,2024-10-17,,2024-12-17,,2025-02-21,,2024-12-24,2025-06-19
PAMIR,9276028,2004,Handysize/Handymax,Russia,2025-01-10,2025-09-12,,2025-10-24,,2026-02-19,,2025-12-13,2026-02-20
PANDA,9284582,2004,Aframax,Vietnam,2025-11-20,2025-07-21,2022-01-03,2025-05-21,,2025-11-06,,2025-06-03,2025-10-30
PAOLA,9299458,2006,Handysize/Handymax,"Hong Kong",2025-09-02,,,,,,,,
PARAMACONI,9543512,2011,Aframax,Venezuela,2019-12-03,,,,,,,,
PARK,9258519,2004,VLCC/ULCC,"Hong Kong",2026-04-24,,2026-02-03,,,,,,
PARTIZANSK,8700096,1988,Handysize/Handymax,Russia,,2025-07-21,,2025-05-21,,2026-02-19,,2025-06-03,
PATE,9338905,2007,Aframax,"Sierra Leone",,2025-05-09,,2025-07-20,2025-09-17,2025-06-13,,2025-08-12,
PATRIOT,9003550,1990,Handysize/Handymax,Russia,2018-08-21,,,,,,,,
"PAVEL CHERNYSH",9301380,2005,Aframax,Russia,2025-01-10,2025-07-21,,2025-02-25,,2025-06-13,,2025-03-04,
PAXMARIS,9495832,2008,Handysize/Handymax,Cameroon,,2025-07-21,,2025-05-21,,2025-11-06,,2025-06-03,
PAZ,9233765,2003,Suezmax,Mozambique,2025-01-10,2025-09-12,,2025-07-20,,2025-11-06,,2025-08-12,
PEACE,9249130,2004,Aframax,Cameroon,,2024-11-25,,2025-07-20,,2025-02-21,,2025-08-12,
PEARL,9672301,2016,Handysize/Handymax,Guyana,2025-04-10,,2025-04-30,,,,,,
"PENNY H",9102239,1996,VLCC/ULCC,Tanzania,2020-10-26,,2021-04-16,,,,,,
PERIDOT,9259991,2003,Handysize/Handymax,"Equatorial Guinea",,2025-05-09,,2025-05-21,2025-09-17,2025-06-13,,2025-06-03,2025-10-30
PERLE,9630028,2014,Aframax,Oman,2025-01-10,,,2025-07-20,,2026-02-19,,2025-08-12,
PERSEY,9544281,2010,Aframax,Russia,2025-01-10,2025-02-24,,2025-02-25,2025-06-19,2025-06-13,,2025-03-04,2025-10-30
PETION,9295098,2006,Panamax,Cuba,2019-09-24,,,,,,,,
"PETREL 1",9295270,2006,Handysize/Handymax,"Hong Kong",,,2025-01-31,,,,,,
"PETR STOLYPIN",9904675,2026,Aframax,Russia,2026-04-06,,,,,,,,
"PHENIX VI",9255880,2002,Aframax,Guyana,2022-11-03,,2022-12-01,,,,,,
PHOEBEII,9226011,2001,Handysize/Handymax,Guyana,2024-01-12,,2023-06-30,,,,,,
PHOENIX,9332810,2007,Aframax,Russia,,2024-10-17,,2025-02-25,,2025-02-21,,2025-03-04,2025-06-19
PHOTON,9333424,2007,Handysize/Handymax,Cameroon,,2024-07-31,,2024-12-17,,2025-02-21,,2024-12-24,2025-06-19
PIERRE,9266877,2004,Aframax,"Sierra Leone",,2025-05-20,,2025-07-20,,2026-02-19,,2025-08-12,
"PING SHUN",9231901,2002,Aframax,Panama,2025-02-24,,2021-05-19,,,,,,
"PIONER 1",9378618,2008,Aframax,Russia,2025-01-10,2025-07-21,,2025-05-21,,2025-11-06,,2025-06-03,
PISSARO,9108099,1996,Handysize/Handymax,Botswana,2025-07-03,,2022-09-01,,,,,,
PLUTON,9288746,2005,Aframax,Russia,,2024-12-17,,2025-02-25,2025-06-19,2025-02-21,,2025-03-04,2025-06-19
"PO CHON",8848276,1991,Handysize/Handymax,Cambodia,2018-02-23,,,,,,,,
"POLARIS 1",9272694,2005,Handysize/Handymax,Iran,2025-03-13,,,,,,,,
"POM SAN 3",8916293,1990,Handysize/Handymax,"Democratic Peoples Republic of Korea",2016-03-16,,,,,,2018-06-21,2016-05-18,
"POM SAN 5",8613360,1986,Handysize/Handymax,"Democratic Peoples Republic of Korea",2018-02-23,,,,,,,,
"PONTIC PIONEER",9296391,2006,Suezmax,Cameroon,,2024-07-31,,2024-12-17,,2025-02-21,,2024-12-24,2025-06-19
PONTUS,9511179,2008,Handysize/Handymax,Palau,,,2024-05-31,,,,,,
"POSEIDON S",9640528,2012,Handysize/Handymax,Russia,,2025-07-21,,2025-05-21,,2026-03-25,,2025-06-03,
PRAVASI,9409467,2008,Panamax,Guinea,2025-01-10,2025-02-24,,2025-02-25,2025-06-19,2025-06-13,,2025-03-04,2025-10-30
PREMIER,9577082,2011,Panamax,Russia,2025-01-10,2025-07-21,,2024-12-17,,2025-06-13,,2024-12-24,
PRIMAVERA,9511533,2010,Aframax,Oman,2025-01-10,2024-07-31,,2024-12-17,,2025-06-13,,2024-12-24,2026-02-20
PRIMORYE,9236743,2001,Handysize/Handymax,Russia,,2025-10-15,,2025-10-24,,2026-02-19,,2025-12-13,2026-02-20
PRIMORYE,9421960,2009,Suezmax,Russia,2023-10-12,2025-07-21,,2025-02-25,,2025-06-13,,2025-03-04,
"PRINCESS SOFIA",9240407,2003,Aframax,"San Marino",,,2023-08-31,,,,,,
PRISMA,9299678,2005,Suezmax,"Sierra Leone",,2026-02-24,,2025-07-20,,2026-03-25,,2025-08-12,
PRIYA,9233349,2000,Aframax,Belize,2025-01-10,2025-07-21,2022-10-03,2025-05-21,,2025-11-06,,2025-06-03,
PRODUCER,9346732,2007,Aframax,Russia,2025-01-10,2025-07-21,,2025-02-25,,2025-06-13,,2025-03-04,
PROGRESS,9306627,2007,Aframax,Russia,,2025-05-09,,2025-05-21,2025-09-17,2025-06-13,,2025-06-03,
"PROGRESS V",9316701,2006,VLCC/ULCC,Barbados,2024-12-19,,2022-03-31,,,,,,
PROMETEI,9296597,2005,Handysize/Handymax,"Sierra Leone",,2026-02-24,,,,2026-03-25,,,
PROMETEY,9832559,2018,Aframax,Russia,2025-01-10,2025-09-12,,2025-07-20,,2025-11-06,,2025-08-12,
PROSPERITY,9322956,2006,Handysize/Handymax,Russia,2025-01-10,2025-02-24,,2025-02-25,2025-06-19,2025-06-13,,2025-08-12,2025-09-12
PROVIDER,9312872,2007,Aframax,Russia,2025-01-10,2025-07-21,,2025-05-21,,2025-11-06,,2025-06-03,
PROXIMA,9329655,2008,Handysize/Handymax,Russia,2025-01-10,2025-09-12,,2025-07-20,,2026-02-19,,2025-08-12,
"PURDUE STELLAR",9275658,2004,Panamax,"Hong Kong",2025-10-09,,2025-02-28,,,,,,
PUYANG,9174220,2000,VLCC/ULCC,Guyana,2024-10-11,,2023-04-28,,,,,,
"PVT IRIS",9288277,2004,Handysize/Handymax,Vietnam,,,2020-11-12,,,,,,
PYLON,9232620,2002,Panamax,Iran,2025-11-20,,2022-03-01,,,,,,
PYRA,9002491,1992,Handysize/Handymax,Mozambique,2024-04-04,,2020-11-12,,,,,,
QASR,9402471,2009,Aframax,"Equatorial Guinea",,2024-11-25,,2024-06-25,,2025-02-21,,2024-10-17,
QENDIL,9310525,2006,Aframax,Oman,,2025-02-24,,2025-07-20,2025-06-19,2025-06-13,,2025-08-12,2025-10-30
"QUANTUM HOPE",9233650,2002,VLCC/ULCC,Vanuatu,,,2024-03-01,,,,,,
QUARTZ,9261401,2003,Handysize/Handymax,Cameroon,,2025-10-15,,2025-12-19,,2026-03-25,,2026-01-13,
QUINN,9220952,2001,VLCC/ULCC,Angola,2024-06-12,,2024-05-31,,,,,,
RAGNAR,9384095,2008,Handysize/Handymax,"Sierra Leone",,2025-05-20,,2025-10-24,,2026-02-19,,2025-12-13,2026-02-20
RAINE,9223540,2001,Handysize/Handymax,Nicaragua,2025-01-10,,2022-01-03,,,,,,
RAISSA,9149251,1998,Handysize/Handymax,"Cook Islands",,,2020-11-12,,,,,,
"RAJANI GAS",9133109,1997,Handysize/Handymax,Nicaragua,2026-02-06,,,,,,,,
RANGVER,9281425,2005,Panamax,Barbados,,,2026-05-12,,,,,,
RARITY,9278519,2004,Handysize/Handymax,"Hong Kong",,,2022-04-29,,,,,,
RATNA,9160475,1998,Handysize/Handymax,Curaçao,2024-08-15,,2024-08-30,,,,,,
RCELEBRA,9286073,2005,VLCC/ULCC,Cameroon,2026-05-28,,2025-01-31,2025-02-25,,2026-06-12,,2025-08-12,
"REGAL I",9247431,2004,Suezmax,Cameroon,,2025-02-24,2022-02-01,2025-02-25,2025-06-19,2025-06-13,,2025-03-04,2025-09-12
REGINA,9230098,2001,Aframax,Venezuela,2023-03-02,,2023-03-31,,,,,,
RENS,9242223,2003,Aframax,Mozambique,2025-01-10,2025-09-12,2025-02-28,2025-10-24,,2025-11-06,,2025-12-13,2026-02-20
RESPECT,9422445,2009,Suezmax,Oman,2025-01-10,2025-07-21,,2024-12-17,,2025-06-13,,2024-12-24,
REUS,9253076,2003,Aframax,"Sierra Leone",,2025-05-09,,2025-05-21,2025-09-17,2025-06-13,,2025-06-03,
REVANCHE,9297149,2005,Handysize/Handymax,Russia,,,,2025-10-24,,2026-03-25,,2025-12-13,
RHEIN,9306562,2005,Panamax,Cameroon,,2025-06-17,,2025-10-24,,2026-02-19,,2025-12-13,2026-02-20
RHN,9208215,2000,VLCC/ULCC,Curaçao,2024-10-11,,2023-05-31,,,,,,
RIALTO,9160530,1998,Handysize/Handymax,Cameroon,,,2022-12-01,,,,,,
"RICH STARRY",9773301,2015,Handysize/Handymax,Malawi,2023-03-02,,2023-03-31,,,,,,
RIESCO,9251822,2003,Aframax,Zimbabwe,2025-11-20,,2023-12-01,,,,,,
RIGEL,9296406,2006,Suezmax,Cameroon,,2025-05-09,,2025-05-21,2025-09-17,2025-06-13,,2025-06-03,2026-02-20
RIKER,9253909,2002,Suezmax,"Sierra Leone",,2025-05-20,,,,,,,
RIMMA,9337901,2006,Aframax,Cameroon,,2025-02-24,,2025-10-24,2025-06-19,2025-06-13,,2025-12-13,2025-10-30
RIVAL,9117818,1994,Handysize/Handymax,Panama,2024-09-25,,2024-08-30,,,,,,
RIZVEL,9331141,2006,Aframax,"Sierra Leone",,2024-11-25,,2024-06-25,,2025-02-21,,2024-10-17,2025-06-19
"RN SAKHALIN",9650016,2018,Handysize/Handymax,Russia,2025-01-10,2025-09-12,,2025-10-24,,2026-02-19,,2025-12-13,2026-02-20
ROBERTA,9237008,2003,Handysize/Handymax,"Hong Kong",2025-09-02,,,,,,,,
ROCKY,9196448,1998,Handysize/Handymax,Mali,2025-09-11,,,,,,,,
ROMINA,9114608,1996,Suezmax,Iran,2024-11-14,,,,,,,,
"RONG HAO",9193733,2001,Handysize/Handymax,"Hong Kong",,,2024-09-30,,,,,,
RONIA,9286229,2004,Suezmax,"San Marino",2025-07-03,,2022-12-30,,,,,,
RORA,9288722,2005,Aframax,Cameroon,,2024-10-17,,2025-02-25,,2025-02-21,,2025-03-04,2025-06-19
ROSALIN,9253325,2004,Aframax,"Sao Tome and Principe",2025-01-10,2024-12-17,,2025-05-21,2025-06-19,2025-02-21,,2025-06-03,2025-10-30
ROSALIND,9277735,2004,Panamax,Guinea,2025-12-31,2025-07-21,,2024-06-25,,2025-06-13,,2024-10-17,2025-10-30
"ROSE WOOD",9182291,2000,VLCC/ULCC,Curaçao,2025-04-10,,2021-04-16,,,,,,
ROSITA,9290309,2004,Aframax,Cameroon,,2024-11-25,,2025-07-20,,2025-02-21,,2025-08-12,2025-10-30
"ROVER GAS",8818207,1990,Handysize/Handymax,Gambia,,,2022-07-31,,,,,,
"ROYAL A",9155626,1998,Handysize/Handymax,Aruba,2026-02-06,,,,,,,,
"ROYAL H",9155341,1998,Handysize/Handymax,Malawi,2026-02-25,,2023-11-01,,,,,,
"ROYAL ICE",9323340,2007,Handysize/Handymax,Cameroon,,2025-10-15,,2025-10-24,,2026-03-25,,2025-12-13,2026-02-20
ROZMARINE,9250531,2004,Aframax,"Equatorial Guinea",2025-01-10,2024-11-25,,2025-05-21,,2025-02-21,,2025-06-03,
"RUBY CROSS",9350654,2007,Aframax,Zimbabwe,2025-01-10,2025-07-21,,2025-02-25,,2025-11-06,,2025-03-04,
RUNA,9314882,2006,Handysize/Handymax,Cameroon,,2025-05-09,,2025-07-20,2025-09-17,2025-06-13,,2025-08-12,
RYAZAN,8915548,1991,Handysize/Handymax,Russia,,,,2025-10-24,,2026-03-25,,2025-12-13,
RYMO,9308857,2006,Aframax,"Sierra Leone",,2025-10-15,,2025-07-20,,2026-02-19,,2025-08-12,
"RYONG JON",8705539,1987,Handysize/Handymax,"Democratic Peoples Republic of Korea",2017-11-21,2018-03-30,,,,,2018-10-16,,
"SAAM FSU",9915090,2023,Suezmax,Russia,2023-09-14,,,2024-06-25,,2025-06-13,,2024-10-17,
SAAVI,9070149,1995,Suezmax,Panama,,,2021-04-16,,,,,,
"SA CAPRICORN",9230878,2002,VLCC/ULCC,Bahamas,,,2022-03-31,,,,,,
"SA CRYSTAL",9182318,2000,VLCC/ULCC,Bahamas,,,2022-12-01,,,,,,
"SA EUROPE",9235268,2002,VLCC/ULCC,Bahamas,,,2023-03-01,,,,,,
SAGA,9318553,2006,Handysize/Handymax,Russia,2025-01-10,2025-07-21,,2024-06-25,,2025-06-13,,2024-10-17,
SAGITTA,9296822,2005,Aframax,Guyana,2025-01-10,2024-12-17,,2025-05-21,2025-06-19,2025-02-21,,2025-06-03,2025-09-12
SAGNA,7729019,1978,Handysize/Handymax,Palau,,,2024-08-30,,,,,,
"SA HORIZON",9233272,2001,VLCC/ULCC,"Marshall Islands",,,2022-03-31,,,,,,
"SA JEWEL",9244867,2002,VLCC/ULCC,Bahamas,,,2023-09-29,,,,,,
SAKAI,9038763,1992,Handysize/Handymax,Botswana,2025-11-20,,,,,,,,
SAKHALIN,9249128,2004,Aframax,Russia,2024-02-23,2026-06-16,,2026-04-24,,2025-06-13,,2026-05-22,
SALINA,9357377,2009,Suezmax,Iran,2012-12-13,,,,,,2025-09-28,,
SALUS,9198082,1999,Aframax,Mozambique,2025-02-06,2026-06-16,2025-02-28,2026-04-24,,,,2026-05-22,
SALUT,9383950,2009,Aframax,Russia,2025-01-10,2025-07-21,,2025-05-21,,2025-11-06,,2025-06-03,
SALUTE,8912546,1992,Handysize/Handymax,Madagascar,2025-11-20,,2020-11-12,,,,,,
"SALUTE LEGEND",9174622,1999,Handysize/Handymax,"Hong Kong",,,2024-01-31,,,,,,
SAMADHA,9286281,2004,Suezmax,"Sierra Leone",,2025-10-15,,2025-07-20,,2026-02-19,,2025-08-12,
SAMJONG2,7408873,1975,Handysize/Handymax,"Democratic Peoples Republic of Korea",2018-02-23,2018-03-30,,,,,2018-03-30,2018-03-30,
SAMMA2,8106496,1981,Handysize/Handymax,"Democratic Peoples Republic of Korea",2018-02-23,2018-03-30,,,,,2018-03-30,2018-03-30,
SAMOS,9408190,2009,Suezmax,Cameroon,,2026-02-24,,2025-10-24,,2026-03-25,,2025-12-13,
SANAN,9171462,2000,Suezmax,Iran,2012-12-13,,,,,,2025-09-28,,
SANAR,9185530,2000,Suezmax,Madagascar,2024-03-26,,2022-12-01,,,,,,
SANAR-10,9300348,2004,Handysize/Handymax,Russia,2023-04-12,2025-09-12,,2026-04-24,,2025-11-06,,2026-05-22,
SANAR-14,9313589,2004,Handysize/Handymax,Russia,2023-04-12,2025-09-12,,2025-12-19,,2025-06-13,,2026-01-13,
SANAR-15,9777670,2015,Handysize/Handymax,Russia,2023-12-20,2025-09-12,,2025-12-19,,2025-11-06,,2026-01-13,
SANAR-18,9645011,2012,Handysize/Handymax,Russia,,,,2025-07-20,,,,2025-08-12,
SANAR-9,9300350,2005,Handysize/Handymax,Russia,2023-04-12,2025-09-12,,2025-12-19,,2025-11-06,,2026-01-13,
SANCHI,9356608,2008,Suezmax,Panama,,,,,,,2025-09-28,,
SANDHYA,9352195,2007,Handysize/Handymax,Cameroon,,2025-05-09,,2025-07-20,2025-09-17,2025-06-13,,2025-08-12,2026-02-20
SANDINO,9441178,2009,Panamax,Cuba,2019-09-24,,,,,,,,
SANRAYZ,8862935,2013,Handysize/Handymax,Russia,,,,2026-04-24,,,,2026-05-22,
"SAN REMO",9396725,2008,Handysize/Handymax,Portugal,,,2023-03-01,,,,,,
SANSOVINO,9294305,2004,VLCC/ULCC,Cameroon,2026-05-28,,2025-10-31,,,,,,
"SANTA ANA",9222699,2000,Handysize/Handymax,Comoros,,,2022-11-01,,,,,,
"SA OCEANIA",9246633,2003,VLCC/ULCC,Bahamas,,,2023-03-31,,,,,,
SAPNA,9247883,2002,Aframax,"Sierra Leone",,2025-05-09,,2025-05-21,2025-09-17,2025-06-13,,2025-06-03,2026-02-20
SARAK,9226968,2001,Suezmax,Iran,2019-09-04,,,,,,,,
SARASWATI,9383869,2008,Aframax,Cameroon,,2026-02-24,,2025-07-20,,,,2025-08-12,
SARD,9318034,2006,Handysize/Handymax,Cameroon,,2025-05-09,,2025-05-21,2025-09-17,2025-06-13,,2025-06-03,
SATNA,9253234,2003,Handysize/Handymax,Cameroon,,2025-05-09,,2025-05-21,2025-09-17,2025-06-13,,2025-06-03,
"SATURN I",9655470,2013,Handysize/Handymax,Russia,,2025-05-09,,2025-05-21,2025-09-17,2025-06-13,,2025-06-03,2026-02-20
SAVITRI,9289752,2005,Panamax,"Sierra Leone",,2024-11-25,,2025-05-21,,2025-02-21,,2025-06-03,
SCALER,9254915,2004,Aframax,Mozambique,2025-03-20,,2020-11-12,,,,,,
"SC CUTTA",9037123,2001,Handysize/Handymax,Cameroon,,2026-02-24,,2025-12-19,,,,2026-01-13,
"SEA ACE",9257711,2003,Handysize/Handymax,Mali,2026-04-24,,2024-07-31,,,,,,
"SEA ARGUS",9004815,1991,Handysize/Handymax,Gambia,,,2022-05-31,,,,,,
SEABASS,9251640,2001,Handysize/Handymax,Comoros,2025-07-30,,2025-01-31,,,,,,
"SEA CITRINE VI",9207273,1999,Handysize/Handymax,Palau,2025-12-18,,,,,,,,
"SEA CLIFF",9569657,2013,VLCC/ULCC,Iran,2012-12-13,,,,,,2025-09-28,,
SEADAR,9333785,2007,Aframax,"Sierra Leone",,2026-06-16,,2026-04-24,,,,2026-05-22,
SEAFAITH,9232034,2002,Handysize/Handymax,"San Marino",,,2023-12-31,,,,,,
"SEA FORTUNE",9014456,1993,Handysize/Handymax,Cameroon,2025-11-20,,2020-11-12,,,,,,
SEAGATE,9267950,2003,Handysize/Handymax,Botswana,2025-11-20,,,,,,,,
"SEA GLAMOUR",9208057,2000,Suezmax,Panama,,,2020-11-12,,,,,,
SEAHAKER,9255488,2003,Handysize/Handymax,Comoros,2025-07-30,,,,,,,,
"SEA HONOR",9315654,2005,Suezmax,Guyana,2024-10-17,2025-10-15,2023-11-01,2025-07-20,,2026-02-19,,2025-08-12,
"SEA HORSE",9262584,2002,Handysize/Handymax,"Hong Kong",,,2022-04-29,,,,,,
SEAHORSE,9266750,2004,Panamax,Cameroon,,2025-07-21,2022-11-01,2025-05-21,,2026-02-19,,2025-06-03,
SEAL,9252400,2002,Handysize/Handymax,Gambia,2024-10-17,2026-02-24,2024-10-31,2025-10-24,,2026-06-12,,2025-12-13,
"SEA LION",9827944,2018,Handysize/Handymax,"Hong Kong",,,2022-07-31,,,,,,
"SEA MARINE 1",9255830,2003,Handysize/Handymax,Vietnam,,2025-05-09,,2025-07-20,2025-09-17,2025-06-13,,2025-08-12,2026-02-20
"SEA MAVERICK",9265885,2004,Handysize/Handymax,"Sierra Leone",,2025-05-09,,2025-10-24,2025-09-17,2025-06-13,,2025-12-13,2026-02-20
SEAMULL,9204776,2001,Handysize/Handymax,Eritrea,2025-12-18,,2025-01-31,,,,,,
"SEA OPERA",9000883,1991,Handysize/Handymax,Cameroon,2025-10-09,,2021-04-16,,,,,,
"SEA OWL I",9321172,2007,Panamax,Cameroon,,2025-10-15,,2025-10-24,,2026-02-19,,2025-12-13,
"SEA PRINCES",8614467,1988,Aframax,Guyana,,,2020-11-12,,,,,,
"SEA PROSPER",9234472,2002,Handysize/Handymax,Mozambique,2026-02-06,,,,,,,,
SEARAMBLER,8910897,1991,Handysize/Handymax,Senegal,2026-06-05,,,,,,,,
"SEA ROCK",9140451,1996,Handysize/Handymax,Comoros,2025-12-18,,2022-07-31,,,,,,
"SEA SHORE",9510553,2009,Handysize/Handymax,"San Marino",,,2024-08-30,,,,,,
"SEASONS I",9308950,2006,Aframax,Cameroon,,2025-10-15,,2025-07-20,,2026-02-19,,2025-08-12,
"SEA STAR",9220940,2001,Handysize/Handymax,Mali,2024-10-17,,2024-05-31,,,,,,
"SEA STAR III",9569205,2012,VLCC/ULCC,Iran,2012-12-13,,,,,,2025-09-28,,
SEATURBO,9204764,2000,Handysize/Handymax,Comoros,2025-07-30,,2025-01-31,,,,,,
"SEA V",9332535,2007,VLCC/ULCC,"Hong Kong",,,2025-04-30,,,,,,
"SEA WISE",9224570,2001,Handysize/Handymax,Palau,2025-12-18,,2025-01-31,,,,,,
"SEEKER 8",9294329,2005,VLCC/ULCC,Panama,2026-04-24,,,,,,,,
SEGINUS,9256028,2003,Panamax,Cameroon,,2026-02-24,,2025-07-20,,2026-06-12,,2025-08-12,
SELVA,9336426,2007,Aframax,Oman,,2025-05-09,,2025-07-20,2025-09-17,2025-06-13,,2025-08-12,
SERENA,9569645,2013,VLCC/ULCC,Iran,2012-12-13,,,,,,2025-09-28,,
SERENADE,9318541,2006,Handysize/Handymax,Russia,2025-01-10,2025-07-21,,2024-06-25,,2025-06-13,,2024-10-17,
"SERGEY TERSKOV",9637961,2016,Handysize/Handymax,Russia,,,,2025-07-20,,,,2025-08-12,
SERICA,9208069,2000,Suezmax,Guyana,2026-04-24,2025-07-21,,2025-05-21,,2025-06-13,,2025-06-03,2025-10-30
SETTEBELLO,9162916,1997,Handysize/Handymax,Palau,,,2021-04-16,,,,,,
SEVDA,9172040,1999,Suezmax,Iran,2012-12-13,,,,,,2025-09-28,,
SEVIN,9357353,2008,Suezmax,Iran,2012-12-13,,,,,,2025-09-28,,
"SHAH ISMAYIL KHATAI",9284116,2005,Handysize/Handymax,Azerbaijan,,,,,,2025-06-13,,,
SHANGHAI,9237228,2002,Aframax,Malawi,2025-05-08,2025-05-09,2021-10-29,2025-05-21,2025-09-17,2025-06-13,,2025-06-03,2025-10-30
"SHANG YUAN BAO",8126070,1982,Handysize/Handymax,"Saint Vincent and the Grenadines",2019-08-30,2018-03-30,,,,,2018-10-16,,
"SHAN HU",9290359,2005,Suezmax,Mozambique,2026-04-24,,2026-02-03,,,,,,
"SHAURYA 2",9257010,2003,Aframax,Curaçao,,,2022-10-03,,,,,,
SHENZHEN,9276561,2004,Aframax,Cameroon,,2025-07-21,2024-10-31,2025-02-25,,2026-02-19,,2025-03-04,
"SHEN ZHOU",9300996,2005,Handysize/Handymax,Curaçao,2025-10-09,,2025-04-30,,,,,,
SHERGAR,9288863,2004,Aframax,Cameroon,,2025-07-21,2024-07-31,2025-05-21,,2026-03-25,,2025-06-03,
SHIVA,9427146,2007,Handysize/Handymax,Barbados,,,2024-05-31,,,,,,
SHRIA,9179347,1999,Handysize/Handymax,Aruba,2025-09-11,,,,,,,,
"SHTURMAN ALBANOV",9752084,2016,Handysize/Handymax,Russia,2025-01-10,2025-07-21,,2025-02-25,,2026-02-19,,2025-03-04,
"SHTURMAN KOSHELEV",9759939,2017,Handysize/Handymax,Russia,2025-01-10,2025-09-12,,2025-12-19,,2026-02-19,,2026-01-13,
"SHTURMAN MALYGIN",9752096,2016,Handysize/Handymax,Russia,2025-01-10,2025-09-12,,2025-12-19,,2026-02-19,,2026-01-13,
"SHTURMAN OVTSYN",9752101,2016,Handysize/Handymax,Russia,2025-01-10,2025-09-12,,2025-12-19,,2026-02-19,,2026-01-13,
"SHTURMAN SHCHERBININ",9759927,2017,Handysize/Handymax,Russia,2025-01-10,2025-09-12,,2025-12-19,,2026-02-19,,2026-01-13,
"SHTURMAN SKURATOV",9759915,2017,Handysize/Handymax,Russia,2025-01-10,2025-07-21,,2025-05-21,,2026-02-19,,2025-06-03,
SHUSHA,9779941,2017,Aframax,Azerbaijan,,,,,,2026-06-12,,,
SIA,9397080,2010,Handysize/Handymax,Angola,2024-04-04,,2022-11-01,,,,,,
SIERRA,9522324,2011,Aframax,Cameroon,,2024-10-17,,2024-12-17,,2025-02-21,,2024-12-24,2026-02-20
SIG,9735335,2014,Handysize/Handymax,Russia,2019-09-26,,,2026-04-24,,,,2026-05-22,
SILVAR,9291262,2005,Aframax,Cameroon,2026-04-15,2026-06-16,,2026-04-24,,,,2026-05-22,
SILVER,9309576,2005,Handysize/Handymax,Mali,2025-01-10,2025-07-21,,2025-02-25,,2026-02-19,,2025-08-12,
SILVERA,9248849,2004,Aframax,"Sierra Leone",,2025-07-21,,2025-05-21,,2025-06-13,,2025-06-03,
"SILVER DAWN",9197155,1999,Handysize/Handymax,Panama,,,2025-10-31,,,,,,
"SILVER ICE",9323364,2007,Handysize/Handymax,Cameroon,,2025-10-15,,2025-12-19,,2026-06-12,,2026-01-13,
"SILVIA I",9172052,2000,Suezmax,Iran,2012-12-13,,,,,,2025-09-28,,
SILVIO,9223344,2002,Aframax,Cameroon,2026-02-25,,2025-10-31,,,,,,
SIMBA,8617055,1996,Handysize/Handymax,Samoa,,,2020-11-12,,,,,,
"SIMBA V",9113094,1996,Handysize/Handymax,Aruba,2025-04-10,,2024-05-31,,,,,,
SIMRAN,9136644,1995,Handysize/Handymax,Panama,2025-04-10,,2025-04-30,,,,,,
SINOPA,9172038,1999,Suezmax,Iran,2019-11-04,,,,,,2025-09-28,,
SIONA,9282106,2004,Handysize/Handymax,Angola,2025-07-30,,2022-11-01,,,,,,
SIRAJ,9319703,2008,Aframax,Oman,,2025-02-24,,2025-02-25,2025-06-19,2025-06-13,,2025-03-04,2025-09-12
SIRIUS1,9285847,2005,Aframax,Mali,2025-01-10,2025-09-12,2024-06-30,2025-07-20,,2025-11-06,,2025-08-12,
SIRTIC,9301615,2004,Handysize/Handymax,Guinea,2024-01-18,2025-09-12,,,,2025-11-06,,,
SITA,9235464,2001,Handysize/Handymax,Curaçao,2025-10-09,,2022-07-31,,,,,,
SIYA,9363182,2006,Handysize/Handymax,Nicaragua,2025-12-18,,2024-08-30,,,,,,
SKADI,9230971,2001,Aframax,Panama,2025-05-08,2026-02-24,2026-02-03,2025-07-20,,2026-06-12,,2025-08-12,
SKIF,9419137,2010,Aframax,Russia,2025-01-10,2025-07-21,,2025-02-25,,2025-11-06,,2025-03-04,
SKIPPER,9304667,2005,VLCC/ULCC,Guyana,2022-11-03,,2022-12-01,,,,,,
SKIRON,9247443,2003,Aframax,Cameroon,,2025-05-09,,2025-05-21,,2026-02-19,,2025-06-03,
SKYLIGHT,9330020,2006,Handysize/Handymax,Palau,2025-12-18,,2024-03-01,,,,,,
SKYLYN,9259197,2003,Aframax,Panama,2025-01-10,2025-07-21,2025-03-31,2025-05-21,,2025-11-06,,2025-06-03,2025-10-30
"SKY RIDER",9208124,2000,Handysize/Handymax,Cameroon,,2025-07-21,,2025-05-21,,2025-06-13,,2025-06-03,2025-10-30
SKYWAVE,9328716,2005,VLCC/ULCC,Botswana,2025-03-13,,2023-08-31,,,,,,
"SLT EMPIRE",9192258,2000,Aframax,Malawi,2021-01-19,,2024-05-31,,,,,,
"SMD WORLD",9290086,2005,VLCC/ULCC,Panama,2026-04-24,,,,,,,,
SMYRTOS,9389100,2009,Aframax,Cameroon,,2025-10-15,,2025-07-20,,2026-02-19,,2025-08-12,
SNARTH,9349655,2007,Handysize/Handymax,"Antigua Barbuda",,,2025-01-31,,,,,,
SNOW,9569619,2012,VLCC/ULCC,Iran,2012-12-13,,,,,,2025-09-28,,
SOBAR,9221970,2001,Suezmax,Iran,2019-09-04,,,,,,,,
SOBHAN,9036935,1991,Handysize/Handymax,Iran,2020-06-08,,,,,,2025-09-28,,
SOFIA,9211999,2000,Aframax,Russia,2025-01-10,2025-09-12,,2025-10-24,,2026-02-19,,2025-12-13,2026-02-20
SOFIA,9531387,2013,Handysize/Handymax,Comoros,2025-07-30,,2024-01-31,,,,,,
"SOFIA K",9299123,2005,Panamax,Panama,,2025-05-09,,2025-07-20,,2025-06-13,,2025-08-12,
SOFOS,9278064,2004,Handysize/Handymax,"Sierra Leone",,2025-05-09,,2025-10-24,2025-09-17,2025-06-13,,2025-12-13,2026-02-20
SOGLASIYE,9386536,2009,Aframax,Russia,,2025-05-20,,2025-05-21,,2026-02-19,,2025-06-03,
"SOLARA JADE",9125712,1996,Handysize/Handymax,Norway,2025-04-10,,2025-04-30,,,,,,
SOLARIS,9333436,2007,Handysize/Handymax,Oman,2025-01-10,2024-07-31,,2024-06-25,,2025-02-21,,2024-10-17,2025-06-19
SOLDIER,9590008,2013,VLCC/ULCC,Tanzania,2021-01-19,,,,,,,,
SOLIX,9172636,1999,Handysize/Handymax,"Equatorial Guinea",2026-05-19,,2022-07-31,,,,,,
SONA,9428358,2009,Handysize/Handymax,"Sierra Leone",,2025-05-09,,2025-05-21,2025-09-17,2025-06-13,,2025-06-03,2026-02-20
SONATA,9524463,2011,Suezmax,Russia,2025-01-10,2025-07-21,,2025-05-21,,2025-11-06,,2025-06-03,
SONDOS,9268186,2002,Handysize/Handymax,"Antigua Barbuda",2025-08-21,,,,,,,,
"SONG WON 2",8312497,1983,Handysize/Handymax,"Democratic Peoples Republic of Korea",,2018-03-30,,,,,2018-10-16,,
SONIA1,9357365,2008,Suezmax,Iran,2012-12-13,,,,,,2025-09-28,,
SOUFIA1,9273052,2003,Aframax,Mozambique,2025-01-10,2025-05-09,2021-04-16,2024-12-17,2025-09-17,2025-06-13,,2024-12-24,2026-02-20
"SOUTH STAR",9263186,2004,Handysize/Handymax,Cameroon,,2025-05-09,,2025-10-24,2025-09-17,2025-06-13,,2025-12-13,2026-02-20
SOYANA,9327372,2006,Handysize/Handymax,Russia,,2025-02-24,,2024-12-17,2025-06-19,2025-06-13,,2024-12-24,2025-09-12
SPARTAN,9421972,2010,Suezmax,Oman,,2024-10-17,,2024-12-17,,2025-02-21,,2024-12-24,2026-02-20
"SPIRIT 2",9409259,2008,Aframax,"Equatorial Guinea",,2025-06-17,,2025-10-24,,2026-02-19,,2025-12-13,2026-02-20
SRIMANGVESH2,8803381,1989,Handysize/Handymax,India,,,,,,,2025-09-28,,
"STABILIS I",9234501,2002,Handysize/Handymax,Cameroon,,2025-05-09,,2025-07-20,2025-09-17,2025-06-13,,2025-08-12,
STALINGRAD,9690212,2014,Handysize/Handymax,Russia,2016-12-20,,,2026-04-24,,2026-06-12,,2026-05-22,
STANDORF,8902993,1990,Handysize/Handymax,Panama,,,2021-04-16,,,,,,
"STANISLAV GOVORUKHIN",9621596,2016,Handysize/Handymax,Russia,,2026-02-24,,2025-10-24,,2026-06-12,,2025-12-13,
"STAR 5",9150377,1998,Suezmax,Iran,2024-11-14,,,,,,,,
"STARBOUND EXPLORER",9273002,2003,Handysize/Handymax,Madagascar,2025-12-18,,,,,,,,
"STAR FOREST",9237632,2003,VLCC/ULCC,"Hong Kong",2025-02-06,,2023-02-01,,,,,,
STARK1,9171450,2000,Suezmax,Iran,2012-12-13,,,,,,2025-09-28,,
STARLA,9569621,2012,VLCC/ULCC,Iran,2013-05-09,,,,,,2025-09-28,,
STARLIGHT,9275995,2003,Handysize/Handymax,Curaçao,2024-07-18,,2024-04-30,,,,,,
"STAR LINE",9237618,2003,Aframax,Curaçao,2024-07-18,,2022-12-30,,,,,,
STARLIT,9257022,2003,Aframax,"Equatorial Guinea",,2024-12-17,,2025-05-21,2025-06-19,2025-02-21,,2025-06-03,2025-10-30
"STAR PIONE",9389019,2008,VLCC/ULCC,Barbados,,,2026-05-12,,,,,,
"STAR TWINKLE 6",9256987,2004,VLCC/ULCC,Panama,2025-05-08,,2024-05-31,,,,,,
STELLA,9295593,2004,VLCC/ULCC,Benin,2025-04-16,,2023-08-31,,,,,,
"STELLAR ORACLE",9194127,2001,VLCC/ULCC,Guyana,2022-11-03,,2022-12-01,,,,,,
"STELLAR RUBY",9555199,2010,Handysize/Handymax,Iran,2025-04-10,,2025-04-30,,,,,,
STILGAR,9291250,2005,Aframax,"Sierra Leone",,2025-05-20,,,,2025-06-13,,,2025-10-30
STORMBRINGER,9290397,2005,Suezmax,Cameroon,,2026-06-16,,2026-04-24,,,,2026-05-22,
"STORM PEARL",9263203,2004,Handysize/Handymax,Cameroon,,2025-05-09,,2025-05-21,2025-09-17,2025-06-13,,2025-06-03,2025-10-30
STRATEG,9589750,2011,Suezmax,Russia,2025-01-10,2025-07-21,,2025-05-21,,2025-11-06,,2025-06-03,
STREAM,9569633,2013,VLCC/ULCC,Iran,2012-12-13,,,,,,2025-09-28,,
STRIZH,9832547,2018,Aframax,Russia,2025-01-10,2025-07-21,,2025-05-21,,2025-11-06,,2026-01-13,
SUDARSHAN,9546710,2010,Handysize/Handymax,Madagascar,2025-12-18,,2024-05-31,,,,,,
SUHA,9158240,1998,Handysize/Handymax,Senegal,2026-06-05,,,,,,,,
SUN,9293117,2005,Suezmax,Cameroon,,2025-07-21,,2025-05-21,,2026-03-25,,2025-06-03,
SUN,9131101,1997,Handysize/Handymax,"Sao Tome and Principe",2024-04-04,,2022-11-01,,,,,,
"SUN 9",9529645,2010,Handysize/Handymax,Bahamas,,,2022-07-31,,,,,,
SUNSEA,9342786,2007,Handysize/Handymax,Vietnam,2023-03-02,,2023-03-31,,,,,,
SUVEREN,9274434,2003,Suezmax,Russia,2025-01-10,2024-11-25,,2025-10-24,,2025-02-21,,2025-12-13,2026-02-20
"SWIFT FALCON",9246803,2002,Handysize/Handymax,Panama,2026-05-19,,2024-11-30,,,,,,
SYMPHONY,9309588,2005,Handysize/Handymax,Russia,2025-01-10,2025-07-21,,2025-02-25,,2026-03-25,,2025-03-04,
SYNDRA,9321976,2007,Aframax,Panama,2025-01-10,2025-07-21,2026-02-03,2024-12-17,,2025-06-13,,2024-12-24,
SYRMA,9204805,2000,Handysize/Handymax,Guyana,2022-07-06,,2021-09-02,,,,,,
TAGOR,9282481,2005,Aframax,Cameroon,2025-07-30,2026-02-24,,2025-10-24,,2026-06-12,,2025-12-13,
TAIMYR,9105140,1995,Handysize/Handymax,Russia,,2025-07-21,,2025-05-21,,2026-03-25,,2025-06-03,
TALIA,9229025,2001,Handysize/Handymax,"Cook Islands",,,2024-07-31,,,,,,
TALISMAN,9292060,2006,Handysize/Handymax,Russia,2025-01-10,2025-07-21,,2025-05-21,,2026-03-25,,2025-06-03,
TAMIA,9315642,2006,VLCC/ULCC,"Equatorial Guinea",2025-12-11,,,,,,,,
TANGO,9292058,2006,Handysize/Handymax,Russia,2025-01-10,2025-09-12,,2025-07-20,,2026-03-25,,2025-08-12,
"TANGO 2",9389071,2009,Aframax,Panama,,2025-10-15,,2025-10-24,,2026-03-25,,2025-12-13,
TANI,9417464,2009,Aframax,Comoros,2026-04-15,2026-06-16,,2026-04-24,,2026-06-12,,2026-05-22,
"TANIA STAR",9134165,1996,Handysize/Handymax,Cameroon,2025-10-09,,2022-04-29,,,,,,
"TARA GAS",9290270,2005,Handysize/Handymax,Panama,,,2023-04-28,,,,,,
TARAWA,9225342,2001,Handysize/Handymax,Madagascar,2026-05-19,,2024-12-31,,,,,,
TASCA,9313149,2007,VLCC/ULCC,Panama,2024-12-19,,2024-04-01,,,,,,
TASSOS,9408695,2009,Suezmax,Cameroon,2025-07-30,2026-02-24,,2025-10-24,,2026-06-12,,2025-12-13,
TAURUS,9259745,2004,Suezmax,Curaçao,2024-09-25,2025-07-21,2024-09-30,2025-05-21,,2026-02-19,,2025-06-03,
"TAVARIS CASSEL",9235244,2001,VLCC/ULCC,Aruba,2025-05-13,,2021-04-16,,,,,,
TAVIAN,9147447,1998,Aframax,Guyana,2024-08-09,,2023-06-30,,,,,,
TAWANNA,9247780,2003,Aframax,Curaçao,2025-01-10,2025-07-21,2023-06-30,2025-05-21,,2025-11-06,,2025-06-03,2025-10-30
TELA,9189110,2000,Panamax,Gambia,,,2020-11-12,,,,,,
TELESTO,9213296,2001,Aframax,Palau,,,2020-11-12,,,,,,
TEMIRO,9209972,2000,Handysize/Handymax,Cameroon,,2025-02-24,,2025-02-25,2025-06-19,2025-06-13,,2025-03-04,2025-10-30
"TEMPEST DREAM",9308132,2006,Handysize/Handymax,"Sierra Leone",,2025-06-17,,2025-10-24,,2026-03-25,,2025-12-13,2026-02-20
TENDUA,9299862,2006,Handysize/Handymax,"Sierra Leone",,2025-05-09,,2025-05-21,2025-09-17,2025-06-13,,2025-06-03,
TEREPAIMA,9552496,2011,Aframax,Venezuela,2019-12-03,,,,,,,,
TERNHAV,9232955,2002,Handysize/Handymax,"Cook Islands",2025-04-10,,2024-03-01,,,,,,
TERRA,9275983,2003,Handysize/Handymax,Palau,,,2024-07-31,,,,,,
THEA,9298284,2005,Panamax,Panama,2026-05-28,,2025-08-24,,,,,,
"THE GAS AMELIA",9127033,1996,Handysize/Handymax,Comoros,,,2020-11-12,,,,,,
THEMIR,9154000,1998,Handysize/Handymax,Comoros,2025-02-24,,2023-04-28,,,,,,
"THIRTY ONE",9307932,2007,Panamax,Curaçao,2024-12-03,,2023-05-31,,,,,,
THORIN,9330472,2007,Aframax,"Sierra Leone",,2025-06-17,,2025-05-21,,,,2025-06-03,
THOTH,9164718,1999,Handysize/Handymax,Russia,,,,2025-10-24,,,,2025-12-13,
THRON,9404948,2009,Aframax,Cameroon,,2025-02-24,,2025-02-25,2025-06-19,2025-06-13,,2025-03-04,2025-10-30
"TIAN DU FENG",9313151,2006,Handysize/Handymax,"Hong Kong",,,2024-11-30,,,,,,
TIANMA,9242120,2003,Aframax,Mozambique,2025-04-16,,2020-11-12,,,,,,
TIBURON,9283291,2005,Aframax,"Sierra Leone",,2025-05-09,,2025-05-21,2025-09-17,2025-06-13,,2025-06-03,
TIFANI,9273337,2003,VLCC/ULCC,Botswana,2025-07-30,,2020-11-12,,,,,,
TIGER,9165542,1999,Aframax,Comoros,,,2020-11-12,,,,,,
"TIGER 6",9389083,2009,Aframax,Panama,,2025-10-15,,2026-04-24,,2026-06-12,,2026-05-22,
TIMA,9237797,2003,VLCC/ULCC,Guyana,2025-03-13,,2023-12-31,,,,,,
"TIMOFEY GUZHENKO",9372561,2009,Panamax,Russia,2025-01-10,2025-09-12,,2025-12-19,,,,2026-01-13,
"TINOS I",9969821,2024,Handysize/Handymax,Panama,2025-04-22,,,,,,,,
TIRAL,9348479,2006,Aframax,"Sierra Leone",,2025-05-09,,2025-05-21,2025-09-17,2025-06-13,,2025-06-03,
TIREX,9203772,2001,Suezmax,Panama,2024-07-18,,2024-07-31,,,,,,
TITAN,9293143,2005,Suezmax,Curaçao,2024-07-18,,2023-07-31,,,,,,
"TM HAI HA 568",9274082,2004,Handysize/Handymax,Vietnam,,2026-06-16,,2026-04-24,,,,2026-05-22,
"TOA PAYOH",9298492,2005,Handysize/Handymax,Cameroon,2025-07-30,2026-06-16,,2026-04-24,,,,2026-05-22,
TOPAZ,9292034,2004,Handysize/Handymax,Russia,2025-01-10,2025-09-12,,2025-07-20,,,,2025-08-12,
"TOPAZ DREAM",9297101,2004,Handysize/Handymax,Mali,2025-12-18,,,,,,,,
"TORERO M",9292503,2005,Aframax,Cameroon,,2024-12-17,,2025-02-25,2025-06-19,2025-02-21,,2025-03-04,2025-10-30
TORNADO,9242118,2003,Aframax,Curaçao,2024-10-11,,2021-04-16,,,,,,
"TORNADO A",9247390,2003,Aframax,Panama,2024-10-11,,2024-10-31,,,,,,
TORX,9311610,2006,Suezmax,Panama,,2025-10-15,,2025-10-24,,2026-03-25,,2025-12-13,2026-02-20
TRADER,9388754,2008,Aframax,Russia,2025-01-10,2025-07-21,,2025-05-21,,2025-11-06,,2025-06-03,
TRANSFORMER,9288851,2004,Aframax,Russia,2025-01-10,2025-07-21,,2025-02-25,,2025-11-06,,2025-03-04,
"TRIDENT II",8982888,2003,Handysize/Handymax,Aruba,2025-04-10,,2024-05-31,,,,,,
TRIUM,9344033,2007,Handysize/Handymax,Mali,2025-01-10,2025-07-21,,2025-05-21,,2026-03-25,,2025-06-03,
TRIUMF,9389095,2009,Aframax,Russia,,2025-10-15,,2025-07-20,,2026-02-19,,2025-08-12,
TRONE,9326067,2006,VLCC/ULCC,Comoros,2026-05-19,,2026-05-12,,,,,,
TRUGEN,9200861,2000,Handysize/Handymax,Comoros,2025-07-30,,2024-05-31,,,,,,
TRUST,9382798,2008,Handysize/Handymax,Russia,2025-01-10,2025-07-21,,2024-12-17,,2025-06-13,,2024-12-24,
TRUVOR,9676230,2013,Handysize/Handymax,Russia,,,,2026-04-24,,,,2026-05-22,
TULIP,8912558,1990,Handysize/Handymax,Cameroon,2025-10-09,,2022-07-31,,,,,,
"TULJA KALYANI",9206035,2001,VLCC/ULCC,Nigeria,,,2021-04-16,,,,,,
"TWENTY ONE",9288265,2005,Panamax,Curaçao,2024-12-03,,2023-05-31,,,,,,
"TYCHE 1",9308077,2006,Suezmax,Cameroon,,2026-02-24,,2025-12-19,,2026-06-12,,2026-01-13,
TYUMEN,9422653,2008,Handysize/Handymax,Russia,2025-01-10,2025-09-12,,2025-12-19,,2026-03-25,,2026-01-13,
UMA,9258870,2003,Aframax,Guyana,2024-11-14,,2021-09-02,,,,,,
UMBA,9196620,2001,VLCC/ULCC,Russia,2025-01-10,,,,,2026-06-12,,,
UNITY,9222649,2001,Handysize/Handymax,Guinea,2026-02-06,,2024-06-30,,,,,,
UNITY,9388792,2009,Aframax,Cameroon,,2025-02-24,,2025-02-25,2025-06-19,2025-06-13,,2025-03-04,2026-02-20
UNIVERSAL,9384306,2009,Handysize/Handymax,Russia,2025-01-10,2025-07-21,,2025-05-21,,2026-03-25,,2025-06-03,
"UN PHA 2",8966535,1985,Handysize/Handymax,China,2018-02-23,,,,,,,,
URAN,9402732,2008,VLCC/ULCC,Russia,,2025-05-09,,2025-05-21,,2026-02-19,,2025-06-03,
URANUS,9307633,2005,VLCC/ULCC,Aruba,2024-09-25,,2024-04-01,,,,,,
URI,9248497,2002,VLCC/ULCC,Comoros,2024-04-04,,2022-02-01,,,,,,
URIEL,9336517,2007,Panamax,"Sierra Leone",,2026-02-24,,2025-10-24,,,,2025-12-13,
"URSULA 1",9382700,2007,Handysize/Handymax,Panama,,,2024-06-30,,,,,,
UTAKI,9262924,2002,Aframax,"Sierra Leone",,2025-02-24,,2025-07-20,2025-06-19,2025-06-13,,2025-08-12,2025-10-30
VALANO,9370537,2009,Handysize/Handymax,Vietnam,,,2023-11-01,,,,,,
VALENTE,9298272,2005,Panamax,Tanzania,2025-06-20,,,,,,,,
"VALENTIN PIKUL",9885879,2024,Panamax,Russia,2025-01-10,2025-09-12,,2026-04-24,,2026-03-25,,2026-05-22,
VALERA,9630004,2014,Aframax,Oman,2025-01-10,2024-10-17,,2025-07-20,,2025-02-21,,2025-08-12,2026-02-20
VALIANT,9409247,2009,VLCC/ULCC,"Equatorial Guinea",2025-12-31,,,,,,,,
"VALIANT ROAR",9190078,1999,Handysize/Handymax,Aruba,2025-04-10,,2024-05-31,,,,,,
VALLEY,9157478,1998,Handysize/Handymax,Botswana,2025-07-03,,,,,,,,
VANINO,8724779,1986,Handysize/Handymax,Russia,,,,2025-10-24,,,,2025-12-13,
VARG,9335094,2006,Handysize/Handymax,Myanmar,,2025-05-09,,2025-10-24,2025-09-17,2025-06-13,,2025-12-13,
"VASILY DINKOV",9372547,2008,Panamax,Russia,2025-01-10,2025-09-12,,2025-12-19,,2026-03-25,,2026-01-13,
"VASILY LANOVOY",9621601,2016,Handysize/Handymax,Russia,2024-05-01,2025-09-12,,2025-10-24,,2025-11-06,,2025-12-13,
VASLATI,9252333,2003,VLCC/ULCC,Cameroon,2026-05-19,,2026-02-03,,,,,,
"VAST PLUS",9203928,2000,Handysize/Handymax,Aruba,2023-03-02,,2020-11-12,,,,,,
"VAYU 1",9290517,2005,Handysize/Handymax,Cameroon,,2025-05-09,,2025-05-21,2025-09-17,2025-06-13,,2025-06-03,
VELES,9640516,2012,Handysize/Handymax,Russia,,2025-07-21,,2025-05-21,,2026-03-25,,2025-06-03,
VELES,9299173,2004,Handysize/Handymax,Russia,,2025-07-21,,2025-05-21,,2026-03-25,,2025-06-03,
VELIX,9554822,2012,Handysize/Handymax,Comoros,2025-07-30,,,,,,,,
VELLAMO,9258882,2003,Aframax,"Sierra Leone",,2025-05-09,2022-07-31,2025-05-21,2025-09-17,2025-06-13,,2025-06-03,2025-10-30
VELORA,9290373,2005,Suezmax,"Sierra Leone",,2026-02-24,,2025-10-24,,2026-03-25,,2025-12-13,
VENTURA,9216559,2001,Panamax,Guyana,2024-06-27,,2020-11-12,,,,,,
VENTURA,9199828,1999,Aframax,Comoros,,,2020-11-12,,,,,,
"VENUS III",9599353,2011,Handysize/Handymax,Russia,,2025-05-09,,2026-04-24,2025-09-17,2025-06-13,,2026-05-22,2026-02-20
VERA,9304655,2004,VLCC/ULCC,Curaçao,2024-10-11,,2022-11-01,,,,,,
VERNAL,9207027,2000,Suezmax,"Sierra Leone",,2025-10-15,,2025-07-20,,2026-03-25,,2025-08-12,
VERNON,9232876,2003,Aframax,Guinea,2025-03-20,,2021-09-30,,,,,,
VERSA,9379301,2008,Panamax,Cameroon,2026-04-15,2026-06-16,,2026-04-24,,,,2026-05-22,
VESNA,9530917,2013,Suezmax,Russia,2025-01-10,2025-07-21,,2025-05-21,,2025-11-06,,2025-06-03,
VETER,9233739,2002,VLCC/ULCC,Cameroon,2026-02-06,,2022-11-01,,,,,,
VEXIA,9387255,2008,Aframax,Cameroon,,2025-05-20,,2025-10-24,,,,2025-12-13,2026-02-20
VEXO,9197909,2000,VLCC/ULCC,Malawi,2025-07-03,,2021-11-30,,,,,,
VICSCENE,9290775,2004,VLCC/ULCC,Barbados,2026-02-06,,2022-03-31,,,,,,
VICTORIA,9212008,2000,Aframax,Russia,2025-01-10,,,,,2026-06-12,,,
"VICTOR KONETSKY",9301421,2005,Aframax,Russia,2025-01-10,2025-02-24,,2025-02-25,2025-06-19,2025-06-13,,2025-03-04,2025-10-30
"VICTORY ARI",9290919,2005,Handysize/Handymax,"Antigua Barbuda",2025-08-21,,2024-08-30,,,,,,
VIGO,9208136,2000,Aframax,Vietnam,,,2022-12-01,,,,,,
VIGOR,9262156,2004,VLCC/ULCC,Botswana,2024-12-19,,2021-06-21,,,,,,
VIKRAM,9205067,2001,Suezmax,Cameroon,,2025-05-09,,2025-05-21,2025-09-17,2025-06-13,,2025-06-03,2026-02-20
"VIKTOR BAKAEV",9610810,2013,Aframax,Russia,2023-12-01,2024-11-25,,2025-02-25,,2025-02-21,,2025-03-04,2025-06-19
"VIKTOR TITOV",9301407,2005,Aframax,Russia,2025-01-10,2025-02-24,,2025-02-25,2025-06-19,2025-06-13,,2025-03-04,2025-10-30
"VIOLET 3",9108104,1995,Handysize/Handymax,Gambia,,,2022-07-31,,,,,,
VIREL,9299874,2005,Handysize/Handymax,"Equatorial Guinea",,2025-06-17,,2025-07-20,,2026-03-25,,2025-08-12,
VIRELIOS,9213301,2001,Aframax,Timor-Leste,,,2020-11-12,,,,,,
"VISION RANGER",9326055,2006,VLCC/ULCC,Malawi,2024-12-03,,2023-11-01,,,,,,
VIVIAN,9293741,2003,VLCC/ULCC,Botswana,2025-03-20,,2020-11-12,,,,,,
"VLADIMIR ARSENYEV",9901025,2022,Aframax,Russia,2025-01-10,2025-07-21,,2025-05-21,,2025-06-13,,2025-06-03,
"VLADIMIR MONOMAKH",9842176,2020,Aframax,Russia,2025-01-10,2025-07-21,,2025-05-21,,2026-03-25,,2025-06-03,
"VLADIMIR VINOGRADOV",9842188,2022,Aframax,Russia,2025-01-10,2025-07-21,,2024-12-17,,2025-06-13,,2024-12-24,
VOKKI,9434890,2010,Aframax,"Sierra Leone",,2025-05-20,,2025-07-20,,2026-02-19,,2025-08-12,
VOLANS,9422988,2009,Aframax,Barbados,2025-03-20,2025-05-09,2021-04-16,,2025-09-17,,,,
"VOLGA RIVER",9435363,2008,Handysize/Handymax,Russia,,2025-07-21,,2025-05-21,,2026-03-25,,2025-06-03,
VOLGONEFT-160,8867129,1981,Handysize/Handymax,Russia,,,,2025-07-20,,2026-06-12,,2025-08-12,
VOLGONEFT-251,8231057,1975,Handysize/Handymax,Russia,,,,2025-07-20,,2026-06-12,,2025-08-12,
VORAS,9203265,2000,VLCC/ULCC,Botswana,2024-10-11,,2021-04-16,,,,,,
VOSKHOD,9953511,2023,Aframax,Russia,2024-08-23,2025-10-15,,2024-12-17,,2025-06-13,,2024-12-24,
"VOSS BAY",9264893,2003,VLCC/ULCC,Barbados,2024-12-19,,2022-07-31,,,,,,
"VOSTOCHNY PROSPECT",9866392,2023,Aframax,Russia,2025-01-10,2025-07-21,,2025-05-21,,2026-03-25,,2025-06-03,
VOYAGER,9843560,2019,Aframax,Oman,2025-01-10,2025-07-21,,2025-02-25,,2025-06-13,,2025-03-04,
"VOYAGER HAVEN",9271896,2004,Handysize/Handymax,Norway,2025-12-18,,,,,,,,
VOZROZHDENIYE,9377779,2007,Aframax,Russia,,2025-10-15,,2025-07-20,,2026-02-19,,2025-08-12,
"VT QUEEN",9232022,2002,Handysize/Handymax,"Hong Kong",,,2022-04-29,,,,,,
VULKAN,9297371,2006,Aframax,Russia,,2024-11-25,,2025-07-20,,2025-02-21,,2025-08-12,
"V VOW",9241114,2003,VLCC/ULCC,Malawi,2025-10-09,,2021-10-29,,,,,,
WALRUS,9297888,2006,Suezmax,Cameroon,,2025-05-09,,2025-07-20,2025-09-17,2025-06-13,,2025-08-12,
"WAN HE",9248461,2002,Handysize/Handymax,Barbados,,,2023-12-31,,,,,,
"WELLSEA MEIHANG",9226009,2002,Handysize/Handymax,"San Marino",,,2024-05-31,,,,,,
WENDRIX,9299886,2005,Handysize/Handymax,"Equatorial Guinea",,2025-07-21,,2025-05-21,,2026-03-25,,2025-06-03,
WENDY,9379698,2009,VLCC/ULCC,Tonga,2025-08-21,,2025-03-31,,,,,,
"WEST HORIZON",9337327,2006,Handysize/Handymax,Guinea-Bissau,,2025-06-17,,,,2026-06-12,,,
"WHITE CONDOR I",9255244,2003,Handysize/Handymax,Cameroon,,2025-07-21,,2025-05-21,,2025-11-06,,2025-06-03,
"WHITE CRANE",9323429,2007,VLCC/ULCC,Panama,2025-12-11,,,,,,,,
"WHITE PURL",7230666,1972,Handysize/Handymax,Panama,,,2020-11-12,,,,,,
"WHITE STAR",9236731,2001,Handysize/Handymax,Panama,2025-12-18,,2024-05-31,,,,,,
WOODCHIP,9018464,1993,Suezmax,Gambia,,,2022-05-31,,,,,,
"WU TAI",9419151,2010,Aframax,"Sierra Leone",,2025-05-09,,2025-07-20,,2026-03-25,,2025-08-12,
WYRALON,9292589,2005,Handysize/Handymax,"Sierra Leone",,2025-05-20,,2025-05-21,,2026-03-25,,2025-06-03,
"XANTHOS EOS",9231212,2002,Aframax,Curaçao,2025-01-10,2025-07-21,,2025-02-25,,2025-11-06,,2025-03-04,
XARON,9554834,2010,Handysize/Handymax,Iran,2025-07-30,,,,,,,,
XAVIA,9052331,1994,Handysize/Handymax,Guinea,2023-03-02,,2020-11-12,,,,,,
XI,9174397,1999,VLCC/ULCC,Mali,2025-08-21,,2023-12-31,,,,,,
"XING CHEN",9550682,2009,Panamax,Cameroon,,2025-05-09,,2025-10-24,2025-09-17,2025-06-13,,2025-12-13,2026-02-20
"XING YUAN",9408554,2009,Aframax,Cameroon,,2026-06-16,,2026-04-24,,2026-06-12,,2026-05-22,
"XI WANG MU",9007386,1991,Handysize/Handymax,Aruba,2024-08-15,,2020-11-12,,,,,,
"XI XIU",9233789,2003,VLCC/ULCC,Barbados,,,2025-10-31,,,,,,
YARE,9543500,2011,Aframax,Venezuela,2019-12-03,,,,,,,,
YAZ,9735323,2014,Handysize/Handymax,Russia,2019-09-26,,,2025-10-24,,2026-03-25,,2025-12-13,
YEHOPE,9243320,2003,Aframax,Barbados,,,2026-05-12,,,,,,
YFABULOUS,9276585,2004,Aframax,Malawi,2025-02-06,,2024-09-30,,,,,,
"YI TONG",9259733,2004,Suezmax,"Sierra Leone",,2025-05-09,2022-11-01,2025-05-21,2025-09-17,2025-06-13,,2025-06-03,
"Y L W",9360398,2006,Handysize/Handymax,Barbados,,,2024-05-31,,,,,,
YODAN,9304356,2005,Aframax,"Equatorial Guinea",2025-07-30,2025-06-17,2021-05-19,2025-05-21,,2026-03-25,,2025-06-03,
"YOKO 1",9241085,2004,Handysize/Handymax,Panama,,,2026-02-03,,,,,,
"YONGAN OCEAN",9288758,2004,Handysize/Handymax,Panama,2026-05-28,,2025-01-31,,,,,,
"YONG TAI",9231511,2002,Panamax,Gambia,,,2022-02-01,,,,,,
"YQ HARMONY",9258612,2004,Handysize/Handymax,Panama,,,2025-10-31,,,,,,
YUG,9288875,2005,VLCC/ULCC,Comoros,2025-07-30,,2023-08-31,,,,,,
YUHAN,9208112,2000,Handysize/Handymax,Panama,,,2025-04-30,,,,,,
"YU JONG 2",8604917,1986,Handysize/Handymax,"Democratic Peoples Republic of Korea",2018-02-23,2018-03-30,,,,,2018-03-30,2018-03-30,
"YUK TUNG",9030591,1994,Handysize/Handymax,Dominica,2018-02-23,2018-03-30,,,,,2018-03-30,,
YULIN,9231224,2002,Aframax,Nicaragua,2024-09-25,,2026-05-12,,,,,,
YUMCO,9246798,2002,Handysize/Handymax,"Hong Kong",,,2022-06-30,,,,,,
"YURI SENKEVICH",9301419,2005,Aframax,Russia,2025-01-10,2025-02-24,,2025-02-25,2025-06-19,2025-06-13,,2025-03-04,2025-09-12
"YU SON",8691702,2003,Handysize/Handymax,"Democratic Peoples Republic of Korea",2018-02-23,2018-03-30,,,,,2018-03-30,2018-03-30,
YVIKA,9252967,2003,Aframax,"Sierra Leone",,,2026-05-12,2026-04-24,,,,2026-05-22,
ZAGATALA,9498171,2008,Handysize/Handymax,Azerbaijan,,,,,,2026-06-12,,,
"ZALIV ANIVA",9418494,2009,Aframax,Oman,2025-01-10,2024-09-11,,2025-02-25,,2025-02-21,,2025-03-04,2025-06-19
"ZALIV BAIKAL",9360128,2009,Aframax,Oman,2025-01-10,2025-07-21,,2025-05-21,,2025-06-13,,2025-06-03,
"ZALIV VOSTOK",9360130,2009,Aframax,Oman,2025-01-10,2025-07-21,,2025-02-25,,2025-06-13,,2025-03-04,
"ZAL PARS 3",9211896,1999,Handysize/Handymax,Iran,,,,2025-12-19,,2026-06-12,,2026-01-13,
ZAMBRA,9175078,1999,Suezmax,Cameroon,,2025-07-21,,2025-05-21,,2026-03-25,,2025-06-03,
ZANGAZUR,9420617,2010,Aframax,Azerbaijan,,2025-05-09,,,2025-09-17,2025-06-13,,,
ZARO,9176773,2000,Panamax,"Equatorial Guinea",2021-01-19,,2024-04-30,,,,,,
ZARYA,9953535,2024,Aframax,Russia,2024-08-23,2025-10-15,,2024-12-17,,2025-06-13,,2024-12-24,
ZEAL,9486805,2017,Handysize/Handymax,Gabon,2025-07-30,,,,,,,,
ZENITH,9157765,1998,Aframax,Guyana,,,2020-11-12,,,,,,
ZEVEN,9236016,2003,Suezmax,"Equatorial Guinea",,2025-10-15,,2025-07-20,,2026-03-25,,2025-08-12,
ZEVS,9168946,1999,Suezmax,"Equatorial Guinea",2026-02-06,2025-07-21,2024-12-31,2025-05-21,,2026-03-25,,2025-06-03,
ZIRAN,9041655,1992,Handysize/Handymax,Comoros,2025-07-30,,2020-11-12,,,,,,
ZIXUAN,9317298,2005,Handysize/Handymax,Vanuatu,,,2026-05-12,,,,,,
ZODIAK,9513139,2011,Suezmax,Russia,2025-01-10,2025-07-21,,2024-12-17,,2025-06-13,,2024-12-24,
